[2025-10-02 16:22:45,174][anemoi.training.train.train][INFO] - Skipping config validation.
[2025-10-02 16:22:45,176][anemoi.training.train.train][INFO] - Starting from checkpoint: False
[2025-10-02 16:22:45,176][anemoi.training.train.train][INFO] - Run id: None
[2025-10-02 16:22:45,181][anemoi.training.train.train][INFO] - Skipping config validation.
[2025-10-02 16:22:45,181][anemoi.training.train.train][INFO] - Starting from checkpoint: False
[2025-10-02 16:22:45,181][anemoi.training.train.train][INFO] - Run id: None
[2025-10-02 16:22:45,187][anemoi.training.train.train][INFO] - Skipping config validation.
[2025-10-02 16:22:45,187][anemoi.training.train.train][INFO] - Starting from checkpoint: False
[2025-10-02 16:22:45,188][anemoi.training.train.train][INFO] - Run id: None
[2025-10-02 16:22:45,205][anemoi.training.train.train][INFO] - Skipping config validation.
[2025-10-02 16:22:45,205][anemoi.training.train.train][INFO] - Starting from checkpoint: False
[2025-10-02 16:23:01,053][anemoi.training.diagnostics.logger][INFO] - Maximum number of params allowed to be logged is: 2000
[2025-10-02 16:23:01,053][anemoi.training.diagnostics.logger][INFO] - Maximum number of params allowed to be logged is: 2000
[2025-10-02 16:23:01,055][anemoi.training.diagnostics.mlflow.logger][INFO] - MLflow is logging offline.
[2025-10-02 16:23:01,053][anemoi.training.diagnostics.logger][INFO] - Maximum number of params allowed to be logged is: 2000
[2025-10-02 16:23:01,053][anemoi.training.diagnostics.logger][INFO] - Maximum number of params allowed to be logged is: 2000
[2025-10-02 16:23:01,160][anemoi.training.train.train][INFO] - Parent run server2server: None
[2025-10-02 16:23:01,161][anemoi.training.train.train][INFO] - Fork run server2server: None
[2025-10-02 16:23:01,161][anemoi.training.train.train][INFO] - Parent run server2server: None
[2025-10-02 16:23:01,161][anemoi.training.train.train][INFO] - Parent run server2server: None
[2025-10-02 16:23:01,161][anemoi.training.train.train][INFO] - Fork run server2server: None
[2025-10-02 16:23:01,161][anemoi.training.train.train][INFO] - Checkpoints path: /scratch/momc/checkpoint
[2025-10-02 16:23:01,161][anemoi.training.train.train][INFO] - Fork run server2server: None
[2025-10-02 16:23:01,161][anemoi.training.train.train][INFO] - Plots path: /scratch/momc/plots
[2025-10-02 16:23:01,161][anemoi.training.train.train][INFO] - Checkpoints path: /scratch/momc/checkpoint
[2025-10-02 16:23:01,161][anemoi.training.train.train][INFO] - Checkpoints path: /scratch/momc/checkpoint
[2025-10-02 16:23:01,161][anemoi.training.train.train][INFO] - Plots path: /scratch/momc/plots
[2025-10-02 16:23:01,161][anemoi.training.train.train][INFO] - Plots path: /scratch/momc/plots
[2025-10-02 16:23:02,286][anemoi.training.diagnostics.mlflow.logger][INFO] - Logging 1 parameters
[2025-10-02 16:23:02,293][anemoi.training.diagnostics.mlflow.logger][INFO] - Terminal Log Path: /scratch/momc/plots/93fd21e1bb0d46af9efa0bdd0cc41f44/plots/terminal_log.txt
[2025-10-02 16:23:02,293][anemoi.training.diagnostics.mlflow.logger][INFO] - SLURM job id: 35295772
[2025-10-02 16:23:02,294][anemoi.training.train.train][INFO] - Mlflow Run id: 93fd21e1bb0d46af9efa0bdd0cc41f44
[2025-10-02 16:23:02,294][anemoi.training.train.train][INFO] - Run id: 93fd21e1bb0d46af9efa0bdd0cc41f44
[2025-10-02 16:23:02,294][anemoi.training.train.train][INFO] - Parent run server2server: None
[2025-10-02 16:23:02,294][anemoi.training.train.train][INFO] - Fork run server2server: None
[2025-10-02 16:23:02,294][anemoi.training.train.train][INFO] - Checkpoints path: /scratch/momc/checkpoint/93fd21e1bb0d46af9efa0bdd0cc41f44
[2025-10-02 16:23:02,294][anemoi.training.train.train][INFO] - Plots path: /scratch/momc/plots/93fd21e1bb0d46af9efa0bdd0cc41f44
[2025-10-02 16:23:02,294][anemoi.training.train.train][INFO] - Dry run: False
[2025-10-02 16:23:13,112][anemoi.graphs.nodes.builders.from_file][INFO] - Reading the dataset from /home/mlx/ai-ml/datasets//aifs-ea-an-oper-0001-mars-o48-1979-2022-6h-v6.zarr.
[2025-10-02 16:23:13,112][anemoi.graphs.nodes.builders.from_file][INFO] - Reading the dataset from /home/mlx/ai-ml/datasets//aifs-ea-an-oper-0001-mars-o48-1979-2022-6h-v6.zarr.
[2025-10-02 16:23:13,112][anemoi.graphs.nodes.builders.from_file][INFO] - Reading the dataset from /home/mlx/ai-ml/datasets//aifs-ea-an-oper-0001-mars-o48-1979-2022-6h-v6.zarr.
[2025-10-02 16:23:13,112][anemoi.graphs.nodes.builders.from_file][INFO] - Reading the dataset from /home/mlx/ai-ml/datasets//aifs-ea-an-oper-0001-mars-o48-1979-2022-6h-v6.zarr.
[2025-10-02 16:23:16,755][anemoi.graphs.edges.builders.cutoff][INFO] - Using CutOff-Edges (with radius = 208.3 km) between data and hidden.
[2025-10-02 16:23:16,755][anemoi.graphs.edges.builders.cutoff][INFO] - Using CutOff-Edges (with radius = 208.3 km) between data and hidden.
[2025-10-02 16:23:16,755][anemoi.graphs.edges.builders.cutoff][INFO] - Using CutOff-Edges (with radius = 208.3 km) between data and hidden.
[2025-10-02 16:23:16,755][anemoi.graphs.edges.builders.cutoff][INFO] - Using CutOff-Edges (with radius = 208.3 km) between data and hidden.
[2025-10-02 16:23:17,097][anemoi.graphs.edges.builders.base][WARNING] - The 'torch-cluster' library is not installed. Installing 'torch-cluster' can significantly improve performance for graph creation. You can install it using 'pip install torch-cluster'.
[2025-10-02 16:23:17,097][anemoi.graphs.edges.builders.base][WARNING] - The 'torch-cluster' library is not installed. Installing 'torch-cluster' can significantly improve performance for graph creation. You can install it using 'pip install torch-cluster'.
[2025-10-02 16:23:17,097][anemoi.graphs.edges.builders.base][WARNING] - The 'torch-cluster' library is not installed. Installing 'torch-cluster' can significantly improve performance for graph creation. You can install it using 'pip install torch-cluster'.
[2025-10-02 16:23:17,097][anemoi.graphs.edges.builders.base][WARNING] - The 'torch-cluster' library is not installed. Installing 'torch-cluster' can significantly improve performance for graph creation. You can install it using 'pip install torch-cluster'.
[2025-10-02 16:23:20,125][anemoi.graphs.edges.builders.knn][INFO] - Using KNN-Edges (with 3 nearest neighbours) between hidden and data.
[2025-10-02 16:23:20,125][anemoi.graphs.edges.builders.knn][INFO] - Using KNN-Edges (with 3 nearest neighbours) between hidden and data.
[2025-10-02 16:23:20,125][anemoi.graphs.edges.builders.knn][INFO] - Using KNN-Edges (with 3 nearest neighbours) between hidden and data.
[2025-10-02 16:23:20,125][anemoi.graphs.edges.builders.knn][INFO] - Using KNN-Edges (with 3 nearest neighbours) between hidden and data.
[2025-10-02 16:23:20,125][anemoi.graphs.edges.builders.base][WARNING] - The 'torch-cluster' library is not installed. Installing 'torch-cluster' can significantly improve performance for graph creation. You can install it using 'pip install torch-cluster'.
[2025-10-02 16:23:20,125][anemoi.graphs.edges.builders.base][WARNING] - The 'torch-cluster' library is not installed. Installing 'torch-cluster' can significantly improve performance for graph creation. You can install it using 'pip install torch-cluster'.
[2025-10-02 16:23:20,125][anemoi.graphs.edges.builders.base][WARNING] - The 'torch-cluster' library is not installed. Installing 'torch-cluster' can significantly improve performance for graph creation. You can install it using 'pip install torch-cluster'.
[2025-10-02 16:23:20,126][anemoi.graphs.edges.builders.base][WARNING] - The 'torch-cluster' library is not installed. Installing 'torch-cluster' can significantly improve performance for graph creation. You can install it using 'pip install torch-cluster'.
[2025-10-02 16:23:20,156][anemoi.graphs.create][INFO] - Cleaning graph.
[2025-10-02 16:23:20,156][anemoi.graphs.create][INFO] - Cleaning graph.
[2025-10-02 16:23:20,156][anemoi.graphs.create][INFO] - _grid_reference_distance deleted from graph.
[2025-10-02 16:23:20,156][anemoi.graphs.create][INFO] - _grid_reference_distance deleted from graph.
[2025-10-02 16:23:20,156][anemoi.graphs.create][INFO] - _dataset deleted from graph.
[2025-10-02 16:23:20,156][anemoi.graphs.create][INFO] - Cleaning graph.
[2025-10-02 16:23:20,156][anemoi.graphs.create][INFO] - _dataset deleted from graph.
[2025-10-02 16:23:20,156][anemoi.graphs.create][INFO] - Cleaning graph.
[2025-10-02 16:23:20,156][anemoi.graphs.create][INFO] - _grid_reference_distance deleted from graph.
[2025-10-02 16:23:20,156][anemoi.graphs.create][INFO] - _grid_reference_distance deleted from graph.
[2025-10-02 16:23:20,156][anemoi.graphs.create][INFO] - _grid_reference_distance deleted from graph.
[2025-10-02 16:23:20,156][anemoi.graphs.create][INFO] - _grid_reference_distance deleted from graph.
[2025-10-02 16:23:20,157][anemoi.graphs.create][INFO] - _dataset deleted from graph.
[2025-10-02 16:23:20,157][anemoi.graphs.create][INFO] - _dataset deleted from graph.
[2025-10-02 16:23:20,157][anemoi.graphs.create][INFO] - _grid_reference_distance deleted from graph.
[2025-10-02 16:23:20,157][anemoi.graphs.create][INFO] - _grid_reference_distance deleted from graph.
[2025-10-02 16:23:20,240][anemoi.graphs.create][INFO] - Graph saved at /scratch/momc/graphs/graph_o32.pt.
[2025-10-02 16:23:20,240][anemoi.graphs.create][INFO] - Graph saved at /scratch/momc/graphs/graph_o32.pt.
[2025-10-02 16:23:20,240][anemoi.graphs.create][INFO] - Graph saved at /scratch/momc/graphs/graph_o32.pt.
[2025-10-02 16:23:20,241][anemoi.graphs.create][INFO] - Graph saved at /scratch/momc/graphs/graph_o32.pt.
[2025-10-02 16:23:20,874][anemoi.training.data.datamodule.singledatamodule][WARNING] - Falling back rollout to: 1
[2025-10-02 16:23:20,874][anemoi.training.data.datamodule.singledatamodule][WARNING] - Falling back rollout to: 1
[2025-10-02 16:23:20,875][anemoi.training.data.datamodule.singledatamodule][WARNING] - Falling back rollout to: 1
[2025-10-02 16:23:20,875][anemoi.training.data.datamodule.singledatamodule][WARNING] - Falling back rollout to: 1
[2025-10-02 16:23:20,875][anemoi.training.data.datamodule.singledatamodule][INFO] - Timeincrement set to 1 for data with frequency, 21600, and timestep, 21600
[2025-10-02 16:23:20,875][anemoi.training.data.datamodule.singledatamodule][INFO] - Timeincrement set to 1 for data with frequency, 21600, and timestep, 21600
[2025-10-02 16:23:20,875][anemoi.training.data.datamodule.singledatamodule][INFO] - Timeincrement set to 1 for data with frequency, 21600, and timestep, 21600
[2025-10-02 16:23:20,875][anemoi.training.data.datamodule.singledatamodule][INFO] - Timeincrement set to 1 for data with frequency, 21600, and timestep, 21600
[2025-10-02 16:23:20,878][anemoi.training.train.train][INFO] - Number of data variables: 101
[2025-10-02 16:23:20,878][anemoi.training.train.train][INFO] - Number of data variables: 101
[2025-10-02 16:23:20,878][anemoi.training.train.train][INFO] - Variables: ['q_50', 'q_100', 'q_150', 'q_200', 'q_250', 'q_300', 'q_400', 'q_500', 'q_600', 'q_700', 'q_850', 'q_925', 'q_1000', 't_50', 't_100', 't_150', 't_200', 't_250', 't_300', 't_400', 't_500', 't_600', 't_700', 't_850', 't_925', 't_1000', 'u_50', 'u_100', 'u_150', 'u_200', 'u_250', 'u_300', 'u_400', 'u_500', 'u_600', 'u_700', 'u_850', 'u_925', 'u_1000', 'v_50', 'v_100', 'v_150', 'v_200', 'v_250', 'v_300', 'v_400', 'v_500', 'v_600', 'v_700', 'v_850', 'v_925', 'v_1000', 'w_50', 'w_100', 'w_150', 'w_200', 'w_250', 'w_300', 'w_400', 'w_500', 'w_600', 'w_700', 'w_850', 'w_925', 'w_1000', 'z_50', 'z_100', 'z_150', 'z_200', 'z_250', 'z_300', 'z_400', 'z_500', 'z_600', 'z_700', 'z_850', 'z_925', 'z_1000', '10u', '10v', '2d', '2t', 'lsm', 'msl', 'sdor', 'skt', 'slor', 'sp', 'tcw', 'z', 'cp', 'tp', 'cos_latitude', 'cos_longitude', 'sin_latitude', 'sin_longitude', 'cos_julian_day', 'cos_local_time', 'sin_julian_day', 'sin_local_time', 'insolation']
[2025-10-02 16:23:20,878][anemoi.training.train.train][INFO] - Number of data variables: 101
[2025-10-02 16:23:20,878][anemoi.training.train.train][INFO] - Variables: ['q_50', 'q_100', 'q_150', 'q_200', 'q_250', 'q_300', 'q_400', 'q_500', 'q_600', 'q_700', 'q_850', 'q_925', 'q_1000', 't_50', 't_100', 't_150', 't_200', 't_250', 't_300', 't_400', 't_500', 't_600', 't_700', 't_850', 't_925', 't_1000', 'u_50', 'u_100', 'u_150', 'u_200', 'u_250', 'u_300', 'u_400', 'u_500', 'u_600', 'u_700', 'u_850', 'u_925', 'u_1000', 'v_50', 'v_100', 'v_150', 'v_200', 'v_250', 'v_300', 'v_400', 'v_500', 'v_600', 'v_700', 'v_850', 'v_925', 'v_1000', 'w_50', 'w_100', 'w_150', 'w_200', 'w_250', 'w_300', 'w_400', 'w_500', 'w_600', 'w_700', 'w_850', 'w_925', 'w_1000', 'z_50', 'z_100', 'z_150', 'z_200', 'z_250', 'z_300', 'z_400', 'z_500', 'z_600', 'z_700', 'z_850', 'z_925', 'z_1000', '10u', '10v', '2d', '2t', 'lsm', 'msl', 'sdor', 'skt', 'slor', 'sp', 'tcw', 'z', 'cp', 'tp', 'cos_latitude', 'cos_longitude', 'sin_latitude', 'sin_longitude', 'cos_julian_day', 'cos_local_time', 'sin_julian_day', 'sin_local_time', 'insolation']
[2025-10-02 16:23:20,878][anemoi.training.train.train][INFO] - Number of data variables: 101
[2025-10-02 16:23:20,878][anemoi.training.train.train][INFO] - Total number of prognostic variables: 88
[2025-10-02 16:23:20,878][anemoi.training.train.train][INFO] - Variables: ['q_50', 'q_100', 'q_150', 'q_200', 'q_250', 'q_300', 'q_400', 'q_500', 'q_600', 'q_700', 'q_850', 'q_925', 'q_1000', 't_50', 't_100', 't_150', 't_200', 't_250', 't_300', 't_400', 't_500', 't_600', 't_700', 't_850', 't_925', 't_1000', 'u_50', 'u_100', 'u_150', 'u_200', 'u_250', 'u_300', 'u_400', 'u_500', 'u_600', 'u_700', 'u_850', 'u_925', 'u_1000', 'v_50', 'v_100', 'v_150', 'v_200', 'v_250', 'v_300', 'v_400', 'v_500', 'v_600', 'v_700', 'v_850', 'v_925', 'v_1000', 'w_50', 'w_100', 'w_150', 'w_200', 'w_250', 'w_300', 'w_400', 'w_500', 'w_600', 'w_700', 'w_850', 'w_925', 'w_1000', 'z_50', 'z_100', 'z_150', 'z_200', 'z_250', 'z_300', 'z_400', 'z_500', 'z_600', 'z_700', 'z_850', 'z_925', 'z_1000', '10u', '10v', '2d', '2t', 'lsm', 'msl', 'sdor', 'skt', 'slor', 'sp', 'tcw', 'z', 'cp', 'tp', 'cos_latitude', 'cos_longitude', 'sin_latitude', 'sin_longitude', 'cos_julian_day', 'cos_local_time', 'sin_julian_day', 'sin_local_time', 'insolation']
[2025-10-02 16:23:20,878][anemoi.training.train.train][INFO] - Variables: ['q_50', 'q_100', 'q_150', 'q_200', 'q_250', 'q_300', 'q_400', 'q_500', 'q_600', 'q_700', 'q_850', 'q_925', 'q_1000', 't_50', 't_100', 't_150', 't_200', 't_250', 't_300', 't_400', 't_500', 't_600', 't_700', 't_850', 't_925', 't_1000', 'u_50', 'u_100', 'u_150', 'u_200', 'u_250', 'u_300', 'u_400', 'u_500', 'u_600', 'u_700', 'u_850', 'u_925', 'u_1000', 'v_50', 'v_100', 'v_150', 'v_200', 'v_250', 'v_300', 'v_400', 'v_500', 'v_600', 'v_700', 'v_850', 'v_925', 'v_1000', 'w_50', 'w_100', 'w_150', 'w_200', 'w_250', 'w_300', 'w_400', 'w_500', 'w_600', 'w_700', 'w_850', 'w_925', 'w_1000', 'z_50', 'z_100', 'z_150', 'z_200', 'z_250', 'z_300', 'z_400', 'z_500', 'z_600', 'z_700', 'z_850', 'z_925', 'z_1000', '10u', '10v', '2d', '2t', 'lsm', 'msl', 'sdor', 'skt', 'slor', 'sp', 'tcw', 'z', 'cp', 'tp', 'cos_latitude', 'cos_longitude', 'sin_latitude', 'sin_longitude', 'cos_julian_day', 'cos_local_time', 'sin_julian_day', 'sin_local_time', 'insolation']
[2025-10-02 16:23:20,878][anemoi.training.train.train][INFO] - Total number of prognostic variables: 88
[2025-10-02 16:23:20,878][anemoi.training.train.train][INFO] - Total number of auxiliary variables: 13
[2025-10-02 16:23:20,878][anemoi.training.train.train][INFO] - Total number of prognostic variables: 88
[2025-10-02 16:23:20,878][anemoi.training.train.train][INFO] - Total number of prognostic variables: 88
[2025-10-02 16:23:20,878][anemoi.training.train.train][INFO] - Total number of auxiliary variables: 13
[2025-10-02 16:23:20,878][anemoi.training.train.train][INFO] - Total number of auxiliary variables: 13
[2025-10-02 16:23:20,878][anemoi.training.train.train][INFO] - Total number of auxiliary variables: 13
[2025-10-02 16:23:20,878][anemoi.training.train.train][INFO] - Total GPU count / model group size: 4 - NB: the learning rate will be scaled by this factor!
[2025-10-02 16:23:20,878][anemoi.training.train.train][INFO] - Total GPU count / model group size: 4 - NB: the learning rate will be scaled by this factor!
[2025-10-02 16:23:20,878][anemoi.training.train.train][INFO] - Total GPU count / model group size: 4 - NB: the learning rate will be scaled by this factor!
[2025-10-02 16:23:20,878][anemoi.training.train.train][INFO] - Effective learning rate: 4.000e-03
[2025-10-02 16:23:20,878][anemoi.training.train.train][INFO] - Total GPU count / model group size: 4 - NB: the learning rate will be scaled by this factor!
[2025-10-02 16:23:20,878][anemoi.training.train.train][INFO] - Effective learning rate: 4.000e-03
[2025-10-02 16:23:20,878][anemoi.training.train.train][INFO] - Effective learning rate: 4.000e-03
[2025-10-02 16:23:20,878][anemoi.training.train.train][INFO] - Effective learning rate: 4.000e-03
[2025-10-02 16:23:35,669][anemoi.training.diagnostics.callbacks.plot][INFO] - Setting up asynchronous plotting ...
[2025-10-02 16:23:35,670][anemoi.training.diagnostics.callbacks.plot][INFO] - Setting up asynchronous plotting ...
[2025-10-02 16:23:35,671][anemoi.training.diagnostics.callbacks.plot][INFO] - Setting up asynchronous plotting ...
[2025-10-02 16:23:35,672][anemoi.training.diagnostics.callbacks.plot][INFO] - Setting up asynchronous plotting ...
[2025-10-02 16:23:35,677][anemoi.training.diagnostics.callbacks.plot][INFO] - Setting up asynchronous plotting ...
[2025-10-02 16:23:35,677][anemoi.training.diagnostics.callbacks.plot][INFO] - Setting up asynchronous plotting ...
[2025-10-02 16:23:35,677][anemoi.training.diagnostics.callbacks.plot][INFO] - Using defined accumulation colormap for fields: ['tp', 'cp']
[2025-10-02 16:23:35,678][anemoi.training.diagnostics.callbacks.plot][INFO] - Setting up asynchronous plotting ...
[2025-10-02 16:23:35,678][anemoi.training.diagnostics.callbacks.plot][INFO] - Using defined accumulation colormap for fields: ['tp', 'cp']
[2025-10-02 16:23:35,678][anemoi.training.diagnostics.callbacks.plot][INFO] - Using defined accumulation colormap for fields: ['tp', 'cp']
[2025-10-02 16:23:35,682][anemoi.training.diagnostics.callbacks.plot][INFO] - Setting up asynchronous plotting ...
[2025-10-02 16:23:35,682][anemoi.training.diagnostics.callbacks.plot][INFO] - Using defined accumulation colormap for fields: ['tp', 'cp']
[2025-10-02 16:23:35,708][anemoi.models.migrations.migrator][INFO] - Loading migration 1755530253_initial
[2025-10-02 16:23:35,708][anemoi.models.migrations.migrator][INFO] - Loading migration 1755530253_initial
[2025-10-02 16:23:35,714][anemoi.models.migrations.migrator][INFO] - Loading migration 1755530253_initial
[2025-10-02 16:23:35,714][anemoi.models.migrations.migrator][INFO] - Loading migration 1755530253_initial
[2025-10-02 16:23:35,775][anemoi.training.train.train][INFO] - MLFlow logger enabled
[2025-10-02 16:23:35,775][anemoi.training.train.train][INFO] - MLFlow logger enabled
[2025-10-02 16:23:35,775][anemoi.training.train.train][INFO] - MLFlow logger enabled
[2025-10-02 16:23:35,780][anemoi.training.train.train][INFO] - MLFlow logger enabled
[2025-10-02 16:23:35,782][pytorch_lightning.utilities.rank_zero][INFO] - Using 16bit Automatic Mixed Precision (AMP)
[2025-10-02 16:23:35,797][pytorch_lightning.utilities.rank_zero][INFO] - GPU available: True (cuda), used: True
[2025-10-02 16:23:35,797][pytorch_lightning.utilities.rank_zero][INFO] - TPU available: False, using: 0 TPU cores
[2025-10-02 16:23:35,797][pytorch_lightning.utilities.rank_zero][INFO] - HPU available: False, using: 0 HPUs
[2025-10-02 16:23:35,871][lightning_fabric.utilities.seed][INFO] - [rank: 3] Seed set to 35295772
[2025-10-02 16:23:35,871][lightning_fabric.utilities.seed][INFO] - [rank: 0] Seed set to 35295772
[2025-10-02 16:23:35,871][lightning_fabric.utilities.seed][INFO] - [rank: 1] Seed set to 35295772
[2025-10-02 16:23:35,871][lightning_fabric.utilities.seed][INFO] - [rank: 2] Seed set to 35295772
[2025-10-02 16:23:35,880][anemoi.training.train.train][INFO] - Initial seed: Rank 1, initial seed 35295772, running with random seed: 35295772
[2025-10-02 16:23:35,880][anemoi.training.train.train][INFO] - Initial seed: Rank 3, initial seed 35295772, running with random seed: 35295772
[2025-10-02 16:23:35,880][anemoi.training.train.train][INFO] - Initial seed: Rank 2, initial seed 35295772, running with random seed: 35295772
[2025-10-02 16:23:35,880][anemoi.training.train.train][INFO] - Initial seed: Rank 0, initial seed 35295772, running with random seed: 35295772
[2025-10-02 16:24:07,705][anemoi.models.preprocessing.normalizer][INFO] - Normalizing: lsm is not normalized.
[2025-10-02 16:24:07,705][anemoi.models.preprocessing.normalizer][INFO] - Normalizing: lsm is not normalized.
[2025-10-02 16:24:07,705][anemoi.models.preprocessing.normalizer][INFO] - Normalizing: cos_latitude is not normalized.
[2025-10-02 16:24:07,705][anemoi.models.preprocessing.normalizer][INFO] - Normalizing: cos_latitude is not normalized.
[2025-10-02 16:24:07,705][anemoi.models.preprocessing.normalizer][INFO] - Normalizing: cos_longitude is not normalized.
[2025-10-02 16:24:07,705][anemoi.models.preprocessing.normalizer][INFO] - Normalizing: cos_longitude is not normalized.
[2025-10-02 16:24:07,705][anemoi.models.preprocessing.normalizer][INFO] - Normalizing: sin_latitude is not normalized.
[2025-10-02 16:24:07,705][anemoi.models.preprocessing.normalizer][INFO] - Normalizing: sin_latitude is not normalized.
[2025-10-02 16:24:07,705][anemoi.models.preprocessing.normalizer][INFO] - Normalizing: lsm is not normalized.
[2025-10-02 16:24:07,705][anemoi.models.preprocessing.normalizer][INFO] - Normalizing: sin_longitude is not normalized.
[2025-10-02 16:24:07,705][anemoi.models.preprocessing.normalizer][INFO] - Normalizing: sin_longitude is not normalized.
[2025-10-02 16:24:07,706][anemoi.models.preprocessing.normalizer][INFO] - Normalizing: cos_latitude is not normalized.
[2025-10-02 16:24:07,706][anemoi.models.preprocessing.normalizer][INFO] - Normalizing: cos_julian_day is not normalized.
[2025-10-02 16:24:07,706][anemoi.models.preprocessing.normalizer][INFO] - Normalizing: cos_julian_day is not normalized.
[2025-10-02 16:24:07,706][anemoi.models.preprocessing.normalizer][INFO] - Normalizing: cos_longitude is not normalized.
[2025-10-02 16:24:07,706][anemoi.models.preprocessing.normalizer][INFO] - Normalizing: cos_local_time is not normalized.
[2025-10-02 16:24:07,706][anemoi.models.preprocessing.normalizer][INFO] - Normalizing: cos_local_time is not normalized.
[2025-10-02 16:24:07,706][anemoi.models.preprocessing.normalizer][INFO] - Normalizing: sin_latitude is not normalized.
[2025-10-02 16:24:07,706][anemoi.models.preprocessing.normalizer][INFO] - Normalizing: sin_julian_day is not normalized.
[2025-10-02 16:24:07,706][anemoi.models.preprocessing.normalizer][INFO] - Normalizing: sin_julian_day is not normalized.
[2025-10-02 16:24:07,706][anemoi.models.preprocessing.normalizer][INFO] - Normalizing: sin_longitude is not normalized.
[2025-10-02 16:24:07,706][anemoi.models.preprocessing.normalizer][INFO] - Normalizing: sin_local_time is not normalized.
[2025-10-02 16:24:07,706][anemoi.models.preprocessing.normalizer][INFO] - Normalizing: sin_local_time is not normalized.
[2025-10-02 16:24:07,706][anemoi.models.preprocessing.normalizer][INFO] - Normalizing: cos_julian_day is not normalized.
[2025-10-02 16:24:07,706][anemoi.models.preprocessing.normalizer][INFO] - Normalizing: insolation is not normalized.
[2025-10-02 16:24:07,706][anemoi.models.preprocessing.normalizer][INFO] - Normalizing: insolation is not normalized.
[2025-10-02 16:24:07,706][anemoi.models.preprocessing.normalizer][INFO] - Normalizing: cos_local_time is not normalized.
[2025-10-02 16:24:07,706][anemoi.models.preprocessing.normalizer][INFO] - Normalizing: sin_julian_day is not normalized.
[2025-10-02 16:24:07,706][anemoi.models.preprocessing.normalizer][INFO] - Normalizing: sin_local_time is not normalized.
[2025-10-02 16:24:07,706][anemoi.models.preprocessing.normalizer][INFO] - Normalizing: insolation is not normalized.
[2025-10-02 16:24:07,707][anemoi.models.preprocessing.normalizer][INFO] - Normalizing: lsm is not normalized.
[2025-10-02 16:24:07,707][anemoi.models.preprocessing.normalizer][INFO] - Normalizing: cos_latitude is not normalized.
[2025-10-02 16:24:07,707][anemoi.models.preprocessing.normalizer][INFO] - Normalizing: cos_longitude is not normalized.
[2025-10-02 16:24:07,707][anemoi.models.preprocessing.normalizer][INFO] - Normalizing: sin_latitude is not normalized.
[2025-10-02 16:24:07,707][anemoi.models.preprocessing.normalizer][INFO] - Normalizing: sin_longitude is not normalized.
[2025-10-02 16:24:07,707][anemoi.models.preprocessing.normalizer][INFO] - Normalizing: cos_julian_day is not normalized.
[2025-10-02 16:24:07,707][anemoi.models.preprocessing.normalizer][INFO] - Normalizing: cos_local_time is not normalized.
[2025-10-02 16:24:07,707][anemoi.models.preprocessing.normalizer][INFO] - Normalizing: sin_julian_day is not normalized.
[2025-10-02 16:24:07,707][anemoi.models.preprocessing.normalizer][INFO] - Normalizing: sin_local_time is not normalized.
[2025-10-02 16:24:07,707][anemoi.models.preprocessing.normalizer][INFO] - Normalizing: insolation is not normalized.
[2025-10-02 16:24:07,796][anemoi.models.layers.utils][INFO] - Linear kernel: torch.nn.Linear.
[2025-10-02 16:24:07,796][anemoi.models.layers.utils][INFO] - Linear kernel: torch.nn.Linear.
[2025-10-02 16:24:07,796][anemoi.models.layers.utils][INFO] - LayerNorm kernel: torch.nn.LayerNorm.
[2025-10-02 16:24:07,796][anemoi.models.layers.utils][INFO] - LayerNorm kernel: torch.nn.LayerNorm.
[2025-10-02 16:24:07,797][anemoi.models.layers.utils][INFO] - Activation kernel: torch.nn.GELU.
[2025-10-02 16:24:07,797][anemoi.models.layers.utils][INFO] - Activation kernel: torch.nn.GELU.
[2025-10-02 16:24:07,799][anemoi.models.layers.utils][INFO] - QueryNorm kernel: anemoi.models.layers.normalization.AutocastLayerNorm.
[2025-10-02 16:24:07,800][anemoi.models.layers.utils][INFO] - KeyNorm kernel: anemoi.models.layers.normalization.AutocastLayerNorm.
[2025-10-02 16:24:07,801][anemoi.models.layers.utils][INFO] - Linear kernel: torch.nn.Linear.
[2025-10-02 16:24:07,801][anemoi.models.layers.utils][INFO] - QueryNorm kernel: anemoi.models.layers.normalization.AutocastLayerNorm.
[2025-10-02 16:24:07,801][anemoi.models.layers.utils][INFO] - LayerNorm kernel: torch.nn.LayerNorm.
[2025-10-02 16:24:07,801][anemoi.models.layers.utils][INFO] - KeyNorm kernel: anemoi.models.layers.normalization.AutocastLayerNorm.
[2025-10-02 16:24:07,802][anemoi.models.layers.utils][INFO] - Activation kernel: torch.nn.GELU.
[2025-10-02 16:24:07,804][anemoi.models.layers.utils][INFO] - QueryNorm kernel: anemoi.models.layers.normalization.AutocastLayerNorm.
[2025-10-02 16:24:07,804][anemoi.models.layers.utils][INFO] - KeyNorm kernel: anemoi.models.layers.normalization.AutocastLayerNorm.
[2025-10-02 16:24:07,831][anemoi.models.layers.utils][INFO] - Linear kernel: torch.nn.Linear.
[2025-10-02 16:24:07,831][anemoi.models.layers.utils][INFO] - LayerNorm kernel: torch.nn.LayerNorm.
[2025-10-02 16:24:07,832][anemoi.models.layers.utils][INFO] - Activation kernel: torch.nn.GELU.
[2025-10-02 16:24:07,834][anemoi.models.layers.utils][INFO] - QueryNorm kernel: anemoi.models.layers.normalization.AutocastLayerNorm.
[2025-10-02 16:24:07,834][anemoi.models.layers.utils][INFO] - KeyNorm kernel: anemoi.models.layers.normalization.AutocastLayerNorm.
[2025-10-02 16:24:07,870][anemoi.models.layers.utils][INFO] - Linear kernel: torch.nn.Linear.
[2025-10-02 16:24:07,870][anemoi.models.layers.utils][INFO] - LayerNorm kernel: torch.nn.LayerNorm.
[2025-10-02 16:24:07,871][anemoi.models.layers.utils][INFO] - Linear kernel: torch.nn.Linear.
[2025-10-02 16:24:07,871][anemoi.models.layers.utils][INFO] - Activation kernel: torch.nn.GELU.
[2025-10-02 16:24:07,871][anemoi.models.layers.utils][INFO] - LayerNorm kernel: torch.nn.LayerNorm.
[2025-10-02 16:24:07,872][anemoi.models.layers.utils][INFO] - QueryNorm kernel: anemoi.models.layers.normalization.AutocastLayerNorm.
[2025-10-02 16:24:07,872][anemoi.models.layers.utils][INFO] - Activation kernel: torch.nn.GELU.
[2025-10-02 16:24:07,872][anemoi.models.layers.utils][INFO] - KeyNorm kernel: anemoi.models.layers.normalization.AutocastLayerNorm.
[2025-10-02 16:24:07,873][anemoi.models.layers.utils][INFO] - QueryNorm kernel: anemoi.models.layers.normalization.AutocastLayerNorm.
[2025-10-02 16:24:07,873][anemoi.models.layers.utils][INFO] - KeyNorm kernel: anemoi.models.layers.normalization.AutocastLayerNorm.
[2025-10-02 16:24:07,879][anemoi.models.layers.utils][INFO] - Linear kernel: torch.nn.Linear.
[2025-10-02 16:24:07,880][anemoi.models.layers.utils][INFO] - LayerNorm kernel: torch.nn.LayerNorm.
[2025-10-02 16:24:07,881][anemoi.models.layers.utils][INFO] - Activation kernel: torch.nn.GELU.
[2025-10-02 16:24:07,881][anemoi.models.layers.utils][INFO] - QueryNorm kernel: anemoi.models.layers.normalization.AutocastLayerNorm.
[2025-10-02 16:24:07,882][anemoi.models.layers.utils][INFO] - KeyNorm kernel: anemoi.models.layers.normalization.AutocastLayerNorm.
[2025-10-02 16:24:07,884][anemoi.models.layers.utils][INFO] - Linear kernel: torch.nn.Linear.
[2025-10-02 16:24:07,884][anemoi.models.layers.utils][INFO] - LayerNorm kernel: torch.nn.LayerNorm.
[2025-10-02 16:24:07,885][anemoi.models.layers.utils][INFO] - Activation kernel: torch.nn.GELU.
[2025-10-02 16:24:07,885][anemoi.models.layers.utils][INFO] - QueryNorm kernel: anemoi.models.layers.normalization.AutocastLayerNorm.
[2025-10-02 16:24:07,886][anemoi.models.layers.utils][INFO] - KeyNorm kernel: anemoi.models.layers.normalization.AutocastLayerNorm.
[2025-10-02 16:24:08,227][anemoi.models.layers.attention][INFO] - Using flash attention v2
[2025-10-02 16:24:08,228][anemoi.models.layers.attention][INFO] - Using flash attention v2
[2025-10-02 16:24:08,228][anemoi.models.layers.attention][INFO] - Using flash attention v2
[2025-10-02 16:24:08,228][anemoi.models.layers.attention][INFO] - Using flash attention v2
[2025-10-02 16:24:08,233][anemoi.models.layers.attention][INFO] - Using flash attention v2
[2025-10-02 16:24:08,233][anemoi.models.layers.attention][INFO] - Using flash attention v2
[2025-10-02 16:24:08,234][anemoi.models.layers.attention][INFO] - Using flash attention v2
[2025-10-02 16:24:08,239][anemoi.models.layers.attention][INFO] - Using flash attention v2
[2025-10-02 16:24:08,239][anemoi.models.layers.attention][INFO] - Using flash attention v2
[2025-10-02 16:24:08,239][anemoi.models.layers.attention][INFO] - Using flash attention v2
[2025-10-02 16:24:08,240][anemoi.models.layers.attention][INFO] - Using flash attention v2
[2025-10-02 16:24:08,244][anemoi.models.layers.attention][INFO] - Using flash attention v2
[2025-10-02 16:24:08,244][anemoi.models.layers.attention][INFO] - Using flash attention v2
[2025-10-02 16:24:08,245][anemoi.models.layers.attention][INFO] - Using flash attention v2
[2025-10-02 16:24:08,245][anemoi.models.layers.attention][INFO] - Using flash attention v2
[2025-10-02 16:24:08,250][anemoi.models.layers.attention][INFO] - Using flash attention v2
[2025-10-02 16:24:08,250][anemoi.models.layers.attention][INFO] - Using flash attention v2
[2025-10-02 16:24:08,250][anemoi.models.layers.attention][INFO] - Using flash attention v2
[2025-10-02 16:24:08,250][anemoi.models.layers.attention][INFO] - Using flash attention v2
[2025-10-02 16:24:08,255][anemoi.models.layers.attention][INFO] - Using flash attention v2
[2025-10-02 16:24:08,255][anemoi.models.layers.attention][INFO] - Using flash attention v2
[2025-10-02 16:24:08,256][anemoi.models.layers.attention][INFO] - Using flash attention v2
[2025-10-02 16:24:08,256][anemoi.models.layers.attention][INFO] - Using flash attention v2
[2025-10-02 16:24:08,261][anemoi.models.layers.attention][INFO] - Using flash attention v2
[2025-10-02 16:24:08,261][anemoi.models.layers.attention][INFO] - Using flash attention v2
[2025-10-02 16:24:08,261][anemoi.models.layers.attention][INFO] - Using flash attention v2
[2025-10-02 16:24:08,261][anemoi.models.layers.attention][INFO] - Using flash attention v2
[2025-10-02 16:24:08,266][anemoi.models.layers.attention][INFO] - Using flash attention v2
[2025-10-02 16:24:08,267][anemoi.models.layers.attention][INFO] - Using flash attention v2
[2025-10-02 16:24:08,267][anemoi.models.layers.attention][INFO] - Using flash attention v2
[2025-10-02 16:24:08,270][anemoi.models.layers.attention][INFO] - Using flash attention v2
[2025-10-02 16:24:08,271][anemoi.models.layers.attention][INFO] - Using flash attention v2
[2025-10-02 16:24:08,272][anemoi.models.layers.attention][INFO] - Using flash attention v2
[2025-10-02 16:24:08,272][anemoi.models.layers.attention][INFO] - Using flash attention v2
[2025-10-02 16:24:08,275][anemoi.models.layers.attention][INFO] - Using flash attention v2
[2025-10-02 16:24:08,277][anemoi.models.layers.attention][INFO] - Using flash attention v2
[2025-10-02 16:24:08,277][anemoi.models.layers.attention][INFO] - Using flash attention v2
[2025-10-02 16:24:08,277][anemoi.models.layers.attention][INFO] - Using flash attention v2
[2025-10-02 16:24:08,281][anemoi.models.layers.attention][INFO] - Using flash attention v2
[2025-10-02 16:24:08,282][anemoi.models.layers.attention][INFO] - Using flash attention v2
[2025-10-02 16:24:08,283][anemoi.models.layers.attention][INFO] - Using flash attention v2
[2025-10-02 16:24:08,283][anemoi.models.layers.attention][INFO] - Using flash attention v2
[2025-10-02 16:24:08,286][anemoi.models.layers.attention][INFO] - Using flash attention v2
[2025-10-02 16:24:08,288][anemoi.models.layers.attention][INFO] - Using flash attention v2
[2025-10-02 16:24:08,288][anemoi.models.layers.attention][INFO] - Using flash attention v2
[2025-10-02 16:24:08,288][anemoi.models.layers.attention][INFO] - Using flash attention v2
[2025-10-02 16:24:08,292][anemoi.models.layers.attention][INFO] - Using flash attention v2
[2025-10-02 16:24:08,293][anemoi.models.layers.attention][INFO] - Using flash attention v2
[2025-10-02 16:24:08,294][anemoi.models.layers.attention][INFO] - Using flash attention v2
[2025-10-02 16:24:08,294][anemoi.models.layers.attention][INFO] - Using flash attention v2
[2025-10-02 16:24:08,297][anemoi.models.layers.attention][INFO] - Using flash attention v2
[2025-10-02 16:24:08,299][anemoi.models.layers.attention][INFO] - Using flash attention v2
[2025-10-02 16:24:08,299][anemoi.models.layers.attention][INFO] - Using flash attention v2
[2025-10-02 16:24:08,299][anemoi.models.layers.attention][INFO] - Using flash attention v2
[2025-10-02 16:24:08,303][anemoi.models.layers.attention][INFO] - Using flash attention v2
[2025-10-02 16:24:08,304][anemoi.models.layers.attention][INFO] - Using flash attention v2
[2025-10-02 16:24:08,304][anemoi.models.layers.attention][INFO] - Using flash attention v2
[2025-10-02 16:24:08,304][anemoi.models.layers.attention][INFO] - Using flash attention v2
[2025-10-02 16:24:08,308][anemoi.models.layers.attention][INFO] - Using flash attention v2
[2025-10-02 16:24:08,309][anemoi.models.layers.attention][INFO] - Using flash attention v2
[2025-10-02 16:24:08,310][anemoi.models.layers.attention][INFO] - Using flash attention v2
[2025-10-02 16:24:08,310][anemoi.models.layers.attention][INFO] - Using flash attention v2
[2025-10-02 16:24:08,314][anemoi.models.layers.attention][INFO] - Using flash attention v2
[2025-10-02 16:24:08,315][anemoi.models.layers.attention][INFO] - Using flash attention v2
[2025-10-02 16:24:08,321][anemoi.models.layers.utils][INFO] - Linear kernel: torch.nn.Linear.
[2025-10-02 16:24:08,321][anemoi.models.layers.utils][INFO] - Linear kernel: torch.nn.Linear.
[2025-10-02 16:24:08,321][anemoi.models.layers.utils][INFO] - LayerNorm kernel: torch.nn.LayerNorm.
[2025-10-02 16:24:08,322][anemoi.models.layers.utils][INFO] - LayerNorm kernel: torch.nn.LayerNorm.
[2025-10-02 16:24:08,322][anemoi.models.layers.utils][INFO] - Activation kernel: torch.nn.GELU.
[2025-10-02 16:24:08,322][anemoi.models.layers.utils][INFO] - Activation kernel: torch.nn.GELU.
[2025-10-02 16:24:08,323][anemoi.models.layers.utils][INFO] - QueryNorm kernel: anemoi.models.layers.normalization.AutocastLayerNorm.
[2025-10-02 16:24:08,323][anemoi.models.layers.utils][INFO] - QueryNorm kernel: anemoi.models.layers.normalization.AutocastLayerNorm.
[2025-10-02 16:24:08,323][anemoi.models.layers.utils][INFO] - KeyNorm kernel: anemoi.models.layers.normalization.AutocastLayerNorm.
[2025-10-02 16:24:08,324][anemoi.models.layers.utils][INFO] - KeyNorm kernel: anemoi.models.layers.normalization.AutocastLayerNorm.
[2025-10-02 16:24:08,325][anemoi.models.layers.utils][INFO] - Linear kernel: torch.nn.Linear.
[2025-10-02 16:24:08,325][anemoi.models.layers.utils][INFO] - LayerNorm kernel: torch.nn.LayerNorm.
[2025-10-02 16:24:08,326][anemoi.models.layers.utils][INFO] - Activation kernel: torch.nn.GELU.
[2025-10-02 16:24:08,327][anemoi.models.layers.utils][INFO] - QueryNorm kernel: anemoi.models.layers.normalization.AutocastLayerNorm.
[2025-10-02 16:24:08,327][anemoi.models.layers.utils][INFO] - Linear kernel: torch.nn.Linear.
[2025-10-02 16:24:08,327][anemoi.models.layers.utils][INFO] - LayerNorm kernel: torch.nn.LayerNorm.
[2025-10-02 16:24:08,327][anemoi.models.layers.utils][INFO] - KeyNorm kernel: anemoi.models.layers.normalization.AutocastLayerNorm.
[2025-10-02 16:24:08,328][anemoi.models.layers.utils][INFO] - Activation kernel: torch.nn.GELU.
[2025-10-02 16:24:08,328][anemoi.models.layers.utils][INFO] - QueryNorm kernel: anemoi.models.layers.normalization.AutocastLayerNorm.
[2025-10-02 16:24:08,329][anemoi.models.layers.utils][INFO] - KeyNorm kernel: anemoi.models.layers.normalization.AutocastLayerNorm.
[2025-10-02 16:24:08,424][anemoi.training.losses.scalers.variable_level][INFO] - Variable Level Scaling: Applying ReluVariableLevelScaler scaling to pl variables ({'param': ['q', 't', 'u', 'v', 'w', 'z']})
[2025-10-02 16:24:08,424][anemoi.training.losses.scalers.variable_level][INFO] - with slope = 0.001 and y-intercept/minimum = 0.2.
[2025-10-02 16:24:08,426][anemoi.training.losses.scalers.variable_level][INFO] - Variable Level Scaling: Applying ReluVariableLevelScaler scaling to pl variables ({'param': ['q', 't', 'u', 'v', 'w', 'z']})
[2025-10-02 16:24:08,426][anemoi.training.losses.scalers.variable_level][INFO] - with slope = 0.001 and y-intercept/minimum = 0.2.
[2025-10-02 16:24:08,427][anemoi.training.losses.scalers.variable_level][INFO] - Variable Level Scaling: Applying ReluVariableLevelScaler scaling to pl variables ({'param': ['q', 't', 'u', 'v', 'w', 'z']})
[2025-10-02 16:24:08,427][anemoi.training.losses.scalers.variable_level][INFO] - with slope = 0.001 and y-intercept/minimum = 0.2.
[2025-10-02 16:24:08,438][anemoi.training.losses.scalers.variable_level][INFO] - Variable Level Scaling: Applying ReluVariableLevelScaler scaling to pl variables ({'param': ['q', 't', 'u', 'v', 'w', 'z']})
[2025-10-02 16:24:08,438][anemoi.training.losses.scalers.variable_level][INFO] - with slope = 0.001 and y-intercept/minimum = 0.2.
[2025-10-02 16:24:08,616][anemoi.training.train.train][INFO] - The following submodules will NOT be trained: []
[2025-10-02 16:24:08,617][anemoi.training.train.train][INFO] - The following submodules will NOT be trained: []
[2025-10-02 16:24:08,617][anemoi.training.train.train][INFO] - The following submodules will NOT be trained: []
[2025-10-02 16:24:08,617][anemoi.training.train.train][INFO] - The following submodules will NOT be trained: []
[2025-10-02 16:24:44,599][anemoi.training.utils.compile][INFO] - The following modules will be compiled: ['anemoi.models.layers.conv.GraphTransformerConv']
[2025-10-02 16:24:44,599][anemoi.training.utils.compile][INFO] - The following modules will be compiled: ['anemoi.models.layers.conv.GraphTransformerConv']
[2025-10-02 16:24:44,599][anemoi.training.utils.compile][INFO] - The following modules will be compiled: ['anemoi.models.layers.conv.GraphTransformerConv']
[2025-10-02 16:24:44,599][anemoi.training.utils.compile][INFO] - The following modules will be compiled: ['anemoi.models.layers.conv.GraphTransformerConv']
[2025-10-02 16:24:44,743][lightning_fabric.utilities.distributed][INFO] - Initializing distributed: GLOBAL_RANK: 1, MEMBER: 2/4
[2025-10-02 16:24:44,743][lightning_fabric.utilities.distributed][INFO] - Initializing distributed: GLOBAL_RANK: 2, MEMBER: 3/4
[2025-10-02 16:24:44,743][lightning_fabric.utilities.distributed][INFO] - Initializing distributed: GLOBAL_RANK: 3, MEMBER: 4/4
[2025-10-02 16:24:44,743][lightning_fabric.utilities.distributed][INFO] - Initializing distributed: GLOBAL_RANK: 0, MEMBER: 1/4
[2025-10-02 16:24:46,501][pytorch_lightning.utilities.rank_zero][INFO] - ----------------------------------------------------------------------------------------------------
distributed_backend=nccl
All distributed processes registered. Starting with 4 processes
----------------------------------------------------------------------------------------------------

[2025-10-02 16:24:46,742][pytorch_lightning.accelerators.cuda][INFO] - LOCAL_RANK: 0 - CUDA_VISIBLE_DEVICES: [0,1,2,3]
[2025-10-02 16:24:46,742][pytorch_lightning.accelerators.cuda][INFO] - LOCAL_RANK: 1 - CUDA_VISIBLE_DEVICES: [0,1,2,3]
[2025-10-02 16:24:46,742][pytorch_lightning.accelerators.cuda][INFO] - LOCAL_RANK: 3 - CUDA_VISIBLE_DEVICES: [0,1,2,3]
[2025-10-02 16:24:46,742][pytorch_lightning.accelerators.cuda][INFO] - LOCAL_RANK: 2 - CUDA_VISIBLE_DEVICES: [0,1,2,3]
[2025-10-02 16:24:47,340][lightning_fabric.utilities.seed][INFO] - [rank: 1] Seed set to 70591544
[2025-10-02 16:24:47,340][lightning_fabric.utilities.seed][INFO] - [rank: 0] Seed set to 35295772
[2025-10-02 16:24:47,340][lightning_fabric.utilities.seed][INFO] - [rank: 2] Seed set to 105887316
[2025-10-02 16:24:47,340][lightning_fabric.utilities.seed][INFO] - [rank: 3] Seed set to 141183088
[2025-10-02 16:24:47,348][pytorch_lightning.callbacks.model_summary][INFO] - 
  | Name    | Type                 | Params | Mode 
---------------------------------------------------------
0 | model   | AnemoiModelInterface | 15.0 M | train
1 | loss    | MSELoss              | 0      | train
2 | metrics | ModuleDict           | 0      | train
---------------------------------------------------------
15.0 M    Trainable params
0         Non-trainable params
15.0 M    Total params
59.997    Total estimated model params size (MB)
286       Modules in train mode
0         Modules in eval mode
[2025-10-02 16:24:47,402][anemoi.training.diagnostics.mlflow.logger][INFO] - Logging 492 parameters
[2025-10-02 16:24:49,281][pytorch_lightning.trainer.connectors.signal_connector][INFO] - SLURM auto-requeueing enabled. Setting signal handlers.
[2025-10-02 16:24:49,281][pytorch_lightning.trainer.connectors.signal_connector][INFO] - SLURM auto-requeueing enabled. Setting signal handlers.
[2025-10-02 16:24:49,281][pytorch_lightning.trainer.connectors.signal_connector][INFO] - SLURM auto-requeueing enabled. Setting signal handlers.
[2025-10-02 16:24:49,281][pytorch_lightning.trainer.connectors.signal_connector][INFO] - SLURM auto-requeueing enabled. Setting signal handlers.
[2025-10-02 16:24:49,860][anemoi.training.data.datamodule.singledatamodule][WARNING] - Falling back rollout to: 1
[2025-10-02 16:24:49,865][anemoi.training.data.datamodule.singledatamodule][WARNING] - Falling back rollout to: 1
[2025-10-02 16:24:49,868][anemoi.training.data.datamodule.singledatamodule][WARNING] - Falling back rollout to: 1
[2025-10-02 16:24:49,873][anemoi.training.data.datamodule.singledatamodule][WARNING] - Falling back rollout to: 1
[2025-10-02 16:24:49,974][anemoi.training.data.dataset.singledataset][INFO] - Worker 0 (pid 826585, global_rank 3, model comm group 3)  has low/high range 1092 / 1137
[2025-10-02 16:24:49,974][anemoi.training.data.dataset.singledataset][INFO] - Worker 1 (pid 826593, global_rank 3, model comm group 3)  has low/high range 1137 / 1182
[2025-10-02 16:24:49,975][anemoi.training.data.dataset.singledataset][INFO] - Worker 1 (pid 826587, global_rank 2, model comm group 2)  has low/high range 773 / 818
[2025-10-02 16:24:49,975][anemoi.training.data.dataset.singledataset][INFO] - Worker 0 (pid 826582, global_rank 1, model comm group 1)  has low/high range 364 / 409
[2025-10-02 16:24:49,975][anemoi.training.data.dataset.singledataset][INFO] - Worker 0 (pid 826579, global_rank 2, model comm group 2)  has low/high range 728 / 773
[2025-10-02 16:24:49,975][anemoi.training.data.dataset.singledataset][INFO] - Worker 0 (pid 826581, global_rank 0, model comm group 0)  has low/high range 0 / 45
[2025-10-02 16:24:49,975][anemoi.training.data.dataset.singledataset][INFO] - Worker 1 (pid 826590, global_rank 1, model comm group 1)  has low/high range 409 / 454
[2025-10-02 16:24:49,975][anemoi.training.data.dataset.singledataset][INFO] - Worker 1 (pid 826589, global_rank 0, model comm group 0)  has low/high range 45 / 90
[2025-10-02 16:24:49,975][anemoi.training.data.dataset.singledataset][INFO] - Worker 2 (pid 826595, global_rank 0, model comm group 0)  has low/high range 90 / 135
[2025-10-02 16:24:49,987][anemoi.training.data.dataset.singledataset][INFO] - Worker 2 (pid 826597, global_rank 2, model comm group 2)  has low/high range 818 / 863
[2025-10-02 16:24:49,991][anemoi.training.data.dataset.singledataset][INFO] - Worker 2 (pid 826599, global_rank 1, model comm group 1)  has low/high range 454 / 499
[2025-10-02 16:24:49,992][anemoi.training.data.dataset.singledataset][INFO] - Worker 3 (pid 826600, global_rank 0, model comm group 0)  has low/high range 135 / 180
[2025-10-02 16:24:49,994][anemoi.training.data.dataset.singledataset][INFO] - Worker 1 (validation, pid 826590, glob. rank 1, model comm group 1, group_rank 0, seed group id 1, base_seed 35295772, sanity rnd 0.629703)
[2025-10-02 16:24:49,994][anemoi.training.data.dataset.singledataset][INFO] - Worker 0 (validation, pid 826582, glob. rank 1, model comm group 1, group_rank 0, seed group id 1, base_seed 35295772, sanity rnd 0.629703)
[2025-10-02 16:24:49,995][anemoi.training.data.dataset.singledataset][INFO] - Worker 1 (validation, pid 826589, glob. rank 0, model comm group 0, group_rank 0, seed group id 0, base_seed 35295772, sanity rnd 0.629703)
[2025-10-02 16:24:49,995][anemoi.training.data.dataset.singledataset][INFO] - Worker 0 (validation, pid 826581, glob. rank 0, model comm group 0, group_rank 0, seed group id 0, base_seed 35295772, sanity rnd 0.629703)
[2025-10-02 16:24:49,995][anemoi.training.data.dataset.singledataset][INFO] - Worker 0 (validation, pid 826579, glob. rank 2, model comm group 2, group_rank 0, seed group id 2, base_seed 35295772, sanity rnd 0.629703)
[2025-10-02 16:24:49,995][anemoi.training.data.dataset.singledataset][INFO] - Worker 1 (validation, pid 826593, glob. rank 3, model comm group 3, group_rank 0, seed group id 3, base_seed 35295772, sanity rnd 0.629703)
[2025-10-02 16:24:49,995][anemoi.training.data.dataset.singledataset][INFO] - Worker 2 (validation, pid 826595, glob. rank 0, model comm group 0, group_rank 0, seed group id 0, base_seed 35295772, sanity rnd 0.629703)
[2025-10-02 16:24:49,995][anemoi.training.data.dataset.singledataset][INFO] - Worker 2 (validation, pid 826597, glob. rank 2, model comm group 2, group_rank 0, seed group id 2, base_seed 35295772, sanity rnd 0.629703)
[2025-10-02 16:24:49,995][anemoi.training.data.dataset.singledataset][INFO] - Worker 0 (validation, pid 826585, glob. rank 3, model comm group 3, group_rank 0, seed group id 3, base_seed 35295772, sanity rnd 0.629703)
[2025-10-02 16:24:49,995][anemoi.training.data.dataset.singledataset][INFO] - Worker 1 (validation, pid 826587, glob. rank 2, model comm group 2, group_rank 0, seed group id 2, base_seed 35295772, sanity rnd 0.629703)
[2025-10-02 16:24:49,995][anemoi.training.data.dataset.singledataset][INFO] - Worker 3 (validation, pid 826600, glob. rank 0, model comm group 0, group_rank 0, seed group id 0, base_seed 35295772, sanity rnd 0.629703)
[2025-10-02 16:24:50,010][anemoi.training.data.dataset.singledataset][INFO] - Worker 2 (validation, pid 826599, glob. rank 1, model comm group 1, group_rank 0, seed group id 1, base_seed 35295772, sanity rnd 0.629703)
[2025-10-02 16:24:50,011][anemoi.training.data.dataset.singledataset][INFO] - Worker 3 (pid 826603, global_rank 2, model comm group 2)  has low/high range 863 / 908
[2025-10-02 16:24:50,014][anemoi.training.data.dataset.singledataset][INFO] - Worker 3 (validation, pid 826603, glob. rank 2, model comm group 2, group_rank 0, seed group id 2, base_seed 35295772, sanity rnd 0.629703)
[2025-10-02 16:24:50,021][anemoi.training.data.dataset.singledataset][INFO] - Worker 3 (pid 826605, global_rank 1, model comm group 1)  has low/high range 499 / 544
[2025-10-02 16:24:50,021][anemoi.training.data.dataset.singledataset][INFO] - Worker 4 (pid 826606, global_rank 0, model comm group 0)  has low/high range 180 / 225
[2025-10-02 16:24:50,023][anemoi.training.data.dataset.singledataset][INFO] - Worker 2 (pid 826608, global_rank 3, model comm group 3)  has low/high range 1182 / 1227
[2025-10-02 16:24:50,026][anemoi.training.data.dataset.singledataset][INFO] - Worker 2 (validation, pid 826608, glob. rank 3, model comm group 3, group_rank 0, seed group id 3, base_seed 35295772, sanity rnd 0.629703)
[2025-10-02 16:24:50,029][anemoi.training.data.dataset.singledataset][INFO] - Worker 4 (validation, pid 826606, glob. rank 0, model comm group 0, group_rank 0, seed group id 0, base_seed 35295772, sanity rnd 0.629703)
[2025-10-02 16:24:50,034][anemoi.training.data.dataset.singledataset][INFO] - Worker 3 (validation, pid 826605, glob. rank 1, model comm group 1, group_rank 0, seed group id 1, base_seed 35295772, sanity rnd 0.629703)
[2025-10-02 16:24:50,035][anemoi.training.data.dataset.singledataset][INFO] - Worker 4 (pid 826611, global_rank 2, model comm group 2)  has low/high range 908 / 953
[2025-10-02 16:24:50,048][anemoi.training.data.dataset.singledataset][INFO] - Worker 4 (pid 826614, global_rank 1, model comm group 1)  has low/high range 544 / 589
[2025-10-02 16:24:50,048][anemoi.training.data.dataset.singledataset][INFO] - Worker 4 (validation, pid 826611, glob. rank 2, model comm group 2, group_rank 0, seed group id 2, base_seed 35295772, sanity rnd 0.629703)
[2025-10-02 16:24:50,049][anemoi.training.data.dataset.singledataset][INFO] - Worker 5 (pid 826615, global_rank 0, model comm group 0)  has low/high range 225 / 270
[2025-10-02 16:24:50,050][anemoi.training.data.dataset.singledataset][INFO] - Worker 4 (validation, pid 826614, glob. rank 1, model comm group 1, group_rank 0, seed group id 1, base_seed 35295772, sanity rnd 0.629703)
[2025-10-02 16:24:50,054][anemoi.training.data.dataset.singledataset][INFO] - Worker 3 (pid 826618, global_rank 3, model comm group 3)  has low/high range 1227 / 1272
[2025-10-02 16:24:50,058][anemoi.training.data.dataset.singledataset][INFO] - Worker 5 (validation, pid 826615, glob. rank 0, model comm group 0, group_rank 0, seed group id 0, base_seed 35295772, sanity rnd 0.629703)
[2025-10-02 16:24:50,060][anemoi.training.data.dataset.singledataset][INFO] - Worker 5 (pid 826620, global_rank 2, model comm group 2)  has low/high range 953 / 998
[2025-10-02 16:24:50,065][anemoi.training.data.dataset.singledataset][INFO] - Worker 5 (validation, pid 826620, glob. rank 2, model comm group 2, group_rank 0, seed group id 2, base_seed 35295772, sanity rnd 0.629703)
[2025-10-02 16:24:50,068][anemoi.training.data.dataset.singledataset][INFO] - Worker 3 (validation, pid 826618, glob. rank 3, model comm group 3, group_rank 0, seed group id 3, base_seed 35295772, sanity rnd 0.629703)
[2025-10-02 16:24:50,077][anemoi.training.data.dataset.singledataset][INFO] - Worker 5 (pid 826622, global_rank 1, model comm group 1)  has low/high range 589 / 634
[2025-10-02 16:24:50,078][anemoi.training.data.dataset.singledataset][INFO] - Worker 6 (pid 826623, global_rank 0, model comm group 0)  has low/high range 270 / 315
[2025-10-02 16:24:50,084][anemoi.training.data.dataset.singledataset][INFO] - Worker 5 (validation, pid 826622, glob. rank 1, model comm group 1, group_rank 0, seed group id 1, base_seed 35295772, sanity rnd 0.629703)
[2025-10-02 16:24:50,085][anemoi.training.data.dataset.singledataset][INFO] - Worker 6 (validation, pid 826623, glob. rank 0, model comm group 0, group_rank 0, seed group id 0, base_seed 35295772, sanity rnd 0.629703)
[2025-10-02 16:24:50,086][anemoi.training.data.dataset.singledataset][INFO] - Worker 6 (pid 826627, global_rank 2, model comm group 2)  has low/high range 998 / 1043
[2025-10-02 16:24:50,086][anemoi.training.data.dataset.singledataset][INFO] - Worker 4 (pid 826626, global_rank 3, model comm group 3)  has low/high range 1272 / 1317
[2025-10-02 16:24:50,094][anemoi.training.data.dataset.singledataset][INFO] - Worker 6 (validation, pid 826627, glob. rank 2, model comm group 2, group_rank 0, seed group id 2, base_seed 35295772, sanity rnd 0.629703)
[2025-10-02 16:24:50,100][anemoi.training.data.dataset.singledataset][INFO] - Worker 4 (validation, pid 826626, glob. rank 3, model comm group 3, group_rank 0, seed group id 3, base_seed 35295772, sanity rnd 0.629703)
[2025-10-02 16:24:50,106][anemoi.training.data.dataset.singledataset][INFO] - Worker 6 (pid 826632, global_rank 1, model comm group 1)  has low/high range 634 / 679
[2025-10-02 16:24:50,107][anemoi.training.data.dataset.singledataset][INFO] - Worker 7 (pid 826630, global_rank 0, model comm group 0)  has low/high range 315 / 360
[2025-10-02 16:24:50,110][anemoi.models.data_indices.collection][INFO] - The order of the variables in the model matches the order in the data.
[2025-10-02 16:24:50,110][anemoi.training.data.dataset.singledataset][INFO] - Worker 6 (validation, pid 826632, glob. rank 1, model comm group 1, group_rank 0, seed group id 1, base_seed 35295772, sanity rnd 0.629703)
[2025-10-02 16:24:50,113][anemoi.models.data_indices.collection][INFO] - The order of the variables in the model matches the order in the data.
[2025-10-02 16:24:50,113][anemoi.training.data.dataset.singledataset][INFO] - Worker 7 (pid 826643, global_rank 2, model comm group 2)  has low/high range 1043 / 1088
[2025-10-02 16:24:50,115][anemoi.training.data.dataset.singledataset][INFO] - Worker 7 (validation, pid 826630, glob. rank 0, model comm group 0, group_rank 0, seed group id 0, base_seed 35295772, sanity rnd 0.629703)
[2025-10-02 16:24:50,116][anemoi.training.data.dataset.singledataset][INFO] - Worker 7 (validation, pid 826643, glob. rank 2, model comm group 2, group_rank 0, seed group id 2, base_seed 35295772, sanity rnd 0.629703)
[2025-10-02 16:24:50,120][anemoi.training.data.dataset.singledataset][INFO] - Worker 5 (pid 826654, global_rank 3, model comm group 3)  has low/high range 1317 / 1362
[2025-10-02 16:24:50,129][anemoi.training.data.dataset.singledataset][INFO] - Worker 5 (validation, pid 826654, glob. rank 3, model comm group 3, group_rank 0, seed group id 3, base_seed 35295772, sanity rnd 0.629703)
[2025-10-02 16:24:50,135][anemoi.training.data.dataset.singledataset][INFO] - Worker 7 (pid 826656, global_rank 1, model comm group 1)  has low/high range 679 / 724
[2025-10-02 16:24:50,138][anemoi.models.data_indices.collection][INFO] - The order of the variables in the model matches the order in the data.
[2025-10-02 16:24:50,144][anemoi.training.data.dataset.singledataset][INFO] - Worker 7 (validation, pid 826656, glob. rank 1, model comm group 1, group_rank 0, seed group id 1, base_seed 35295772, sanity rnd 0.629703)
[2025-10-02 16:24:50,153][anemoi.training.data.dataset.singledataset][INFO] - Worker 6 (pid 826667, global_rank 3, model comm group 3)  has low/high range 1362 / 1407
[2025-10-02 16:24:50,156][anemoi.training.data.dataset.singledataset][INFO] - Worker 6 (validation, pid 826667, glob. rank 3, model comm group 3, group_rank 0, seed group id 3, base_seed 35295772, sanity rnd 0.629703)
[2025-10-02 16:24:50,185][anemoi.training.data.dataset.singledataset][INFO] - Worker 7 (pid 826670, global_rank 3, model comm group 3)  has low/high range 1407 / 1452
[2025-10-02 16:24:50,188][anemoi.models.data_indices.collection][INFO] - The order of the variables in the model matches the order in the data.
[2025-10-02 16:24:50,201][anemoi.training.data.dataset.singledataset][INFO] - Worker 7 (validation, pid 826670, glob. rank 3, model comm group 3, group_rank 0, seed group id 3, base_seed 35295772, sanity rnd 0.629703)
[2025-10-02 16:25:01,713][anemoi.training.data.dataset.singledataset][INFO] - Worker 0 (pid 827438, global_rank 3, model comm group 3)  has low/high range 46020 / 47937
[2025-10-02 16:25:01,713][anemoi.training.data.dataset.singledataset][INFO] - Worker 0 (pid 827436, global_rank 1, model comm group 1)  has low/high range 15340 / 17257
[2025-10-02 16:25:01,713][anemoi.training.data.dataset.singledataset][INFO] - Worker 0 (pid 827437, global_rank 0, model comm group 0)  has low/high range 0 / 1917
[2025-10-02 16:25:01,713][anemoi.training.data.dataset.singledataset][INFO] - Worker 0 (pid 827434, global_rank 2, model comm group 2)  has low/high range 30680 / 32597
[2025-10-02 16:25:01,716][anemoi.training.data.dataset.singledataset][INFO] - Worker 0 (train, pid 827436, glob. rank 1, model comm group 1, group_rank 0, seed group id 1, base_seed 35295772, sanity rnd 0.629703)
[2025-10-02 16:25:01,722][anemoi.training.data.dataset.singledataset][INFO] - Worker 0 (train, pid 827437, glob. rank 0, model comm group 0, group_rank 0, seed group id 0, base_seed 35295772, sanity rnd 0.629703)
[2025-10-02 16:25:01,725][anemoi.training.data.dataset.singledataset][INFO] - Worker 0 (train, pid 827434, glob. rank 2, model comm group 2, group_rank 0, seed group id 2, base_seed 35295772, sanity rnd 0.629703)
[2025-10-02 16:25:01,727][anemoi.training.data.dataset.singledataset][INFO] - Worker 0 (train, pid 827438, glob. rank 3, model comm group 3, group_rank 0, seed group id 3, base_seed 35295772, sanity rnd 0.629703)
[2025-10-02 16:25:01,735][anemoi.training.data.dataset.singledataset][INFO] - Worker 1 (pid 827442, global_rank 2, model comm group 2)  has low/high range 32597 / 34514
[2025-10-02 16:25:01,738][anemoi.training.data.dataset.singledataset][INFO] - Worker 1 (train, pid 827442, glob. rank 2, model comm group 2, group_rank 0, seed group id 2, base_seed 35295772, sanity rnd 0.629703)
[2025-10-02 16:25:01,742][anemoi.training.data.dataset.singledataset][INFO] - Worker 1 (pid 827444, global_rank 1, model comm group 1)  has low/high range 17257 / 19174
[2025-10-02 16:25:01,745][anemoi.training.data.dataset.singledataset][INFO] - Worker 1 (pid 827446, global_rank 0, model comm group 0)  has low/high range 1917 / 3834
[2025-10-02 16:25:01,746][anemoi.training.data.dataset.singledataset][INFO] - Worker 1 (pid 827447, global_rank 3, model comm group 3)  has low/high range 47937 / 49854
[2025-10-02 16:25:01,748][anemoi.training.data.dataset.singledataset][INFO] - Worker 1 (train, pid 827446, glob. rank 0, model comm group 0, group_rank 0, seed group id 0, base_seed 35295772, sanity rnd 0.629703)
[2025-10-02 16:25:01,751][anemoi.training.data.dataset.singledataset][INFO] - Worker 1 (train, pid 827444, glob. rank 1, model comm group 1, group_rank 0, seed group id 1, base_seed 35295772, sanity rnd 0.629703)
[2025-10-02 16:25:01,756][anemoi.training.data.dataset.singledataset][INFO] - Worker 1 (train, pid 827447, glob. rank 3, model comm group 3, group_rank 0, seed group id 3, base_seed 35295772, sanity rnd 0.629703)
[2025-10-02 16:25:01,765][anemoi.training.data.dataset.singledataset][INFO] - Worker 2 (pid 827450, global_rank 2, model comm group 2)  has low/high range 34514 / 36431
[2025-10-02 16:25:01,774][anemoi.training.data.dataset.singledataset][INFO] - Worker 2 (pid 827452, global_rank 1, model comm group 1)  has low/high range 19174 / 21091
[2025-10-02 16:25:01,778][anemoi.training.data.dataset.singledataset][INFO] - Worker 2 (train, pid 827450, glob. rank 2, model comm group 2, group_rank 0, seed group id 2, base_seed 35295772, sanity rnd 0.629703)
[2025-10-02 16:25:01,780][anemoi.training.data.dataset.singledataset][INFO] - Worker 2 (train, pid 827452, glob. rank 1, model comm group 1, group_rank 0, seed group id 1, base_seed 35295772, sanity rnd 0.629703)
[2025-10-02 16:25:01,780][anemoi.training.data.dataset.singledataset][INFO] - Worker 2 (pid 827454, global_rank 0, model comm group 0)  has low/high range 3834 / 5751
[2025-10-02 16:25:01,783][anemoi.training.data.dataset.singledataset][INFO] - Worker 2 (pid 827455, global_rank 3, model comm group 3)  has low/high range 49854 / 51771
[2025-10-02 16:25:01,786][anemoi.training.data.dataset.singledataset][INFO] - Worker 2 (train, pid 827455, glob. rank 3, model comm group 3, group_rank 0, seed group id 3, base_seed 35295772, sanity rnd 0.629703)
[2025-10-02 16:25:01,788][anemoi.training.data.dataset.singledataset][INFO] - Worker 2 (train, pid 827454, glob. rank 0, model comm group 0, group_rank 0, seed group id 0, base_seed 35295772, sanity rnd 0.629703)
[2025-10-02 16:25:01,796][anemoi.training.data.dataset.singledataset][INFO] - Worker 3 (pid 827458, global_rank 2, model comm group 2)  has low/high range 36431 / 38348
[2025-10-02 16:25:01,800][anemoi.training.data.dataset.singledataset][INFO] - Worker 3 (train, pid 827458, glob. rank 2, model comm group 2, group_rank 0, seed group id 2, base_seed 35295772, sanity rnd 0.629703)
[2025-10-02 16:25:01,808][anemoi.training.data.dataset.singledataset][INFO] - Worker 3 (pid 827460, global_rank 1, model comm group 1)  has low/high range 21091 / 23008
[2025-10-02 16:25:01,816][anemoi.training.data.dataset.singledataset][INFO] - Worker 3 (pid 827462, global_rank 0, model comm group 0)  has low/high range 5751 / 7668
[2025-10-02 16:25:01,819][anemoi.training.data.dataset.singledataset][INFO] - Worker 3 (train, pid 827462, glob. rank 0, model comm group 0, group_rank 0, seed group id 0, base_seed 35295772, sanity rnd 0.629703)
[2025-10-02 16:25:01,819][anemoi.training.data.dataset.singledataset][INFO] - Worker 3 (pid 827464, global_rank 3, model comm group 3)  has low/high range 51771 / 53688
[2025-10-02 16:25:01,821][anemoi.training.data.dataset.singledataset][INFO] - Worker 3 (train, pid 827460, glob. rank 1, model comm group 1, group_rank 0, seed group id 1, base_seed 35295772, sanity rnd 0.629703)
[2025-10-02 16:25:01,827][anemoi.training.data.dataset.singledataset][INFO] - Worker 4 (pid 827466, global_rank 2, model comm group 2)  has low/high range 38348 / 40265
[2025-10-02 16:25:01,829][anemoi.training.data.dataset.singledataset][INFO] - Worker 3 (train, pid 827464, glob. rank 3, model comm group 3, group_rank 0, seed group id 3, base_seed 35295772, sanity rnd 0.629703)
[2025-10-02 16:25:01,835][anemoi.training.data.dataset.singledataset][INFO] - Worker 4 (train, pid 827466, glob. rank 2, model comm group 2, group_rank 0, seed group id 2, base_seed 35295772, sanity rnd 0.629703)
[2025-10-02 16:25:01,841][anemoi.training.data.dataset.singledataset][INFO] - Worker 4 (pid 827471, global_rank 1, model comm group 1)  has low/high range 23008 / 24925
[2025-10-02 16:25:01,844][anemoi.training.data.dataset.singledataset][INFO] - Worker 4 (train, pid 827471, glob. rank 1, model comm group 1, group_rank 0, seed group id 1, base_seed 35295772, sanity rnd 0.629703)
[2025-10-02 16:25:01,850][anemoi.training.data.dataset.singledataset][INFO] - Worker 4 (pid 827477, global_rank 0, model comm group 0)  has low/high range 7668 / 9585
[2025-10-02 16:25:01,856][anemoi.training.data.dataset.singledataset][INFO] - Worker 4 (pid 827479, global_rank 3, model comm group 3)  has low/high range 53688 / 55605
[2025-10-02 16:25:01,858][anemoi.training.data.dataset.singledataset][INFO] - Worker 5 (pid 827481, global_rank 2, model comm group 2)  has low/high range 40265 / 42182
[2025-10-02 16:25:01,859][anemoi.training.data.dataset.singledataset][INFO] - Worker 4 (train, pid 827477, glob. rank 0, model comm group 0, group_rank 0, seed group id 0, base_seed 35295772, sanity rnd 0.629703)
[2025-10-02 16:25:01,864][anemoi.training.data.dataset.singledataset][INFO] - Worker 4 (train, pid 827479, glob. rank 3, model comm group 3, group_rank 0, seed group id 3, base_seed 35295772, sanity rnd 0.629703)
[2025-10-02 16:25:01,873][anemoi.training.data.dataset.singledataset][INFO] - Worker 5 (train, pid 827481, glob. rank 2, model comm group 2, group_rank 0, seed group id 2, base_seed 35295772, sanity rnd 0.629703)
[2025-10-02 16:25:01,876][anemoi.training.data.dataset.singledataset][INFO] - Worker 5 (pid 827492, global_rank 1, model comm group 1)  has low/high range 24925 / 26842
[2025-10-02 16:25:01,885][anemoi.training.data.dataset.singledataset][INFO] - Worker 5 (train, pid 827492, glob. rank 1, model comm group 1, group_rank 0, seed group id 1, base_seed 35295772, sanity rnd 0.629703)
[2025-10-02 16:25:01,886][anemoi.training.data.dataset.singledataset][INFO] - Worker 5 (pid 827497, global_rank 0, model comm group 0)  has low/high range 9585 / 11502
[2025-10-02 16:25:01,889][anemoi.training.data.dataset.singledataset][INFO] - Worker 5 (train, pid 827497, glob. rank 0, model comm group 0, group_rank 0, seed group id 0, base_seed 35295772, sanity rnd 0.629703)
[2025-10-02 16:25:01,890][anemoi.training.data.dataset.singledataset][INFO] - Worker 6 (pid 827499, global_rank 2, model comm group 2)  has low/high range 42182 / 44099
[2025-10-02 16:25:01,892][anemoi.training.data.dataset.singledataset][INFO] - Worker 5 (pid 827500, global_rank 3, model comm group 3)  has low/high range 55605 / 57522
[2025-10-02 16:25:01,896][anemoi.training.data.dataset.singledataset][INFO] - Worker 5 (train, pid 827500, glob. rank 3, model comm group 3, group_rank 0, seed group id 3, base_seed 35295772, sanity rnd 0.629703)
[2025-10-02 16:25:01,897][anemoi.training.data.dataset.singledataset][INFO] - Worker 6 (train, pid 827499, glob. rank 2, model comm group 2, group_rank 0, seed group id 2, base_seed 35295772, sanity rnd 0.629703)
[2025-10-02 16:25:01,912][anemoi.training.data.dataset.singledataset][INFO] - Worker 6 (pid 827509, global_rank 1, model comm group 1)  has low/high range 26842 / 28759
[2025-10-02 16:25:01,922][anemoi.training.data.dataset.singledataset][INFO] - Worker 6 (train, pid 827509, glob. rank 1, model comm group 1, group_rank 0, seed group id 1, base_seed 35295772, sanity rnd 0.629703)
[2025-10-02 16:25:01,922][anemoi.training.data.dataset.singledataset][INFO] - Worker 6 (pid 827516, global_rank 0, model comm group 0)  has low/high range 11502 / 13419
[2025-10-02 16:25:01,925][anemoi.training.data.dataset.singledataset][INFO] - Worker 7 (pid 827514, global_rank 2, model comm group 2)  has low/high range 44099 / 46016
[2025-10-02 16:25:01,929][anemoi.training.data.dataset.singledataset][INFO] - Worker 6 (pid 827528, global_rank 3, model comm group 3)  has low/high range 57522 / 59439
[2025-10-02 16:25:01,930][anemoi.training.data.dataset.singledataset][INFO] - Worker 7 (train, pid 827514, glob. rank 2, model comm group 2, group_rank 0, seed group id 2, base_seed 35295772, sanity rnd 0.629703)
[2025-10-02 16:25:01,930][anemoi.training.data.dataset.singledataset][INFO] - Worker 6 (train, pid 827516, glob. rank 0, model comm group 0, group_rank 0, seed group id 0, base_seed 35295772, sanity rnd 0.629703)
[2025-10-02 16:25:01,943][anemoi.training.data.dataset.singledataset][INFO] - Worker 6 (train, pid 827528, glob. rank 3, model comm group 3, group_rank 0, seed group id 3, base_seed 35295772, sanity rnd 0.629703)
[2025-10-02 16:25:01,949][anemoi.training.data.dataset.singledataset][INFO] - Worker 7 (pid 827534, global_rank 1, model comm group 1)  has low/high range 28759 / 30676
[2025-10-02 16:25:01,954][anemoi.training.data.dataset.singledataset][INFO] - Worker 7 (train, pid 827534, glob. rank 1, model comm group 1, group_rank 0, seed group id 1, base_seed 35295772, sanity rnd 0.629703)
[2025-10-02 16:25:01,963][anemoi.training.data.dataset.singledataset][INFO] - Worker 7 (pid 827545, global_rank 0, model comm group 0)  has low/high range 13419 / 15336
[2025-10-02 16:25:01,969][anemoi.training.data.dataset.singledataset][INFO] - Worker 7 (pid 827556, global_rank 3, model comm group 3)  has low/high range 59439 / 61356
[2025-10-02 16:25:01,971][anemoi.training.data.dataset.singledataset][INFO] - Worker 7 (train, pid 827545, glob. rank 0, model comm group 0, group_rank 0, seed group id 0, base_seed 35295772, sanity rnd 0.629703)
[2025-10-02 16:25:01,977][anemoi.training.data.dataset.singledataset][INFO] - Worker 7 (train, pid 827556, glob. rank 3, model comm group 3, group_rank 0, seed group id 3, base_seed 35295772, sanity rnd 0.629703)
[2025-10-02 16:25:02,177][anemoi.models.data_indices.collection][INFO] - The order of the variables in the model matches the order in the data.
[2025-10-02 16:25:02,390][anemoi.models.data_indices.collection][INFO] - The order of the variables in the model matches the order in the data.
[2025-10-02 16:25:02,401][anemoi.models.data_indices.collection][INFO] - The order of the variables in the model matches the order in the data.
[2025-10-02 16:25:02,496][anemoi.models.data_indices.collection][INFO] - The order of the variables in the model matches the order in the data.
[2025-10-02 16:47:33,700][anemoi.models.data_indices.collection][INFO] - The order of the variables in the model matches the order in the data.
[2025-10-02 16:47:33,700][anemoi.models.data_indices.collection][INFO] - The order of the variables in the model matches the order in the data.
[2025-10-02 16:47:33,701][anemoi.models.data_indices.collection][INFO] - The order of the variables in the model matches the order in the data.
[2025-10-02 16:47:33,701][anemoi.models.data_indices.collection][INFO] - The order of the variables in the model matches the order in the data.
[2025-10-02 16:47:56,436][anemoi.utils.checkpoints][INFO] - Adding extra information to checkpoint /lus/h2resw01/scratch/momc/checkpoint/93fd21e1bb0d46af9efa0bdd0cc41f44/inference-last.ckpt
[2025-10-02 16:47:56,436][anemoi.utils.checkpoints][INFO] - Saving metadata to inference-last/anemoi-metadata/ai-models.json
[2025-10-02 16:47:56,438][anemoi.utils.checkpoints][INFO] - Saving supporting array `latitudes` to inference-last/anemoi-metadata/latitudes.numpy (shape=(10944,), dtype=float64)
[2025-10-02 16:47:56,438][anemoi.utils.checkpoints][INFO] - Saving supporting array `longitudes` to inference-last/anemoi-metadata/longitudes.numpy (shape=(10944,), dtype=float64)
[2025-10-02 16:47:57,115][anemoi.utils.checkpoints][INFO] - Adding extra information to checkpoint /lus/h2resw01/scratch/momc/checkpoint/93fd21e1bb0d46af9efa0bdd0cc41f44/last.ckpt
[2025-10-02 16:47:57,115][anemoi.utils.checkpoints][INFO] - Saving metadata to archive/anemoi-metadata/ai-models.json
[2025-10-02 16:47:57,116][anemoi.utils.checkpoints][INFO] - Saving supporting array `latitudes` to archive/anemoi-metadata/latitudes.numpy (shape=(10944,), dtype=float64)
[2025-10-02 16:47:57,116][anemoi.utils.checkpoints][INFO] - Saving supporting array `longitudes` to archive/anemoi-metadata/longitudes.numpy (shape=(10944,), dtype=float64)
[2025-10-02 16:47:57,555][anemoi.utils.checkpoints][INFO] - Adding extra information to checkpoint /lus/h2resw01/scratch/momc/checkpoint/93fd21e1bb0d46af9efa0bdd0cc41f44/inference-anemoi-by_epoch-epoch_000-step_003840.ckpt
[2025-10-02 16:47:57,555][anemoi.utils.checkpoints][INFO] - Saving metadata to inference-anemoi-by_epoch-epoch_000-step_003840/anemoi-metadata/ai-models.json
[2025-10-02 16:47:57,557][anemoi.utils.checkpoints][INFO] - Saving supporting array `latitudes` to inference-anemoi-by_epoch-epoch_000-step_003840/anemoi-metadata/latitudes.numpy (shape=(10944,), dtype=float64)
[2025-10-02 16:47:57,557][anemoi.utils.checkpoints][INFO] - Saving supporting array `longitudes` to inference-anemoi-by_epoch-epoch_000-step_003840/anemoi-metadata/longitudes.numpy (shape=(10944,), dtype=float64)
[2025-10-02 16:47:58,239][anemoi.utils.checkpoints][INFO] - Adding extra information to checkpoint /lus/h2resw01/scratch/momc/checkpoint/93fd21e1bb0d46af9efa0bdd0cc41f44/anemoi-by_epoch-epoch_000-step_003840.ckpt
[2025-10-02 16:47:58,239][anemoi.utils.checkpoints][INFO] - Saving metadata to archive/anemoi-metadata/ai-models.json
[2025-10-02 16:47:58,241][anemoi.utils.checkpoints][INFO] - Saving supporting array `latitudes` to archive/anemoi-metadata/latitudes.numpy (shape=(10944,), dtype=float64)
[2025-10-02 16:47:58,241][anemoi.utils.checkpoints][INFO] - Saving supporting array `longitudes` to archive/anemoi-metadata/longitudes.numpy (shape=(10944,), dtype=float64)
[2025-10-02 16:47:58,364][anemoi.utils.checkpoints][INFO] - Adding extra information to checkpoint /lus/h2resw01/scratch/momc/checkpoint/93fd21e1bb0d46af9efa0bdd0cc41f44/inference-last.ckpt
[2025-10-02 16:47:58,364][anemoi.utils.checkpoints][INFO] - Saving metadata to inference-last/anemoi-metadata/ai-models.json
[2025-10-02 16:47:58,365][anemoi.utils.checkpoints][INFO] - Saving supporting array `latitudes` to inference-last/anemoi-metadata/latitudes.numpy (shape=(10944,), dtype=float64)
[2025-10-02 16:47:58,365][anemoi.utils.checkpoints][INFO] - Saving supporting array `longitudes` to inference-last/anemoi-metadata/longitudes.numpy (shape=(10944,), dtype=float64)
[2025-10-02 16:47:59,124][anemoi.utils.checkpoints][INFO] - Adding extra information to checkpoint /lus/h2resw01/scratch/momc/checkpoint/93fd21e1bb0d46af9efa0bdd0cc41f44/last.ckpt
[2025-10-02 16:47:59,124][anemoi.utils.checkpoints][INFO] - Saving metadata to archive/anemoi-metadata/ai-models.json
[2025-10-02 16:47:59,125][anemoi.utils.checkpoints][INFO] - Saving supporting array `latitudes` to archive/anemoi-metadata/latitudes.numpy (shape=(10944,), dtype=float64)
[2025-10-02 16:47:59,125][anemoi.utils.checkpoints][INFO] - Saving supporting array `longitudes` to archive/anemoi-metadata/longitudes.numpy (shape=(10944,), dtype=float64)
[2025-10-02 17:10:29,250][anemoi.models.data_indices.collection][INFO] - The order of the variables in the model matches the order in the data.
[2025-10-02 17:10:29,251][anemoi.models.data_indices.collection][INFO] - The order of the variables in the model matches the order in the data.
[2025-10-02 17:10:29,251][anemoi.models.data_indices.collection][INFO] - The order of the variables in the model matches the order in the data.
[2025-10-02 17:10:29,251][anemoi.models.data_indices.collection][INFO] - The order of the variables in the model matches the order in the data.
[2025-10-02 17:10:48,752][anemoi.utils.checkpoints][INFO] - Adding extra information to checkpoint /lus/h2resw01/scratch/momc/checkpoint/93fd21e1bb0d46af9efa0bdd0cc41f44/inference-last.ckpt
[2025-10-02 17:10:48,752][anemoi.utils.checkpoints][INFO] - Saving metadata to inference-last/anemoi-metadata/ai-models.json
[2025-10-02 17:10:48,753][anemoi.utils.checkpoints][INFO] - Saving supporting array `latitudes` to inference-last/anemoi-metadata/latitudes.numpy (shape=(10944,), dtype=float64)
[2025-10-02 17:10:48,754][anemoi.utils.checkpoints][INFO] - Saving supporting array `longitudes` to inference-last/anemoi-metadata/longitudes.numpy (shape=(10944,), dtype=float64)
[2025-10-02 17:10:49,482][anemoi.utils.checkpoints][INFO] - Adding extra information to checkpoint /lus/h2resw01/scratch/momc/checkpoint/93fd21e1bb0d46af9efa0bdd0cc41f44/last.ckpt
[2025-10-02 17:10:49,482][anemoi.utils.checkpoints][INFO] - Saving metadata to archive/anemoi-metadata/ai-models.json
[2025-10-02 17:10:49,484][anemoi.utils.checkpoints][INFO] - Saving supporting array `latitudes` to archive/anemoi-metadata/latitudes.numpy (shape=(10944,), dtype=float64)
[2025-10-02 17:10:49,484][anemoi.utils.checkpoints][INFO] - Saving supporting array `longitudes` to archive/anemoi-metadata/longitudes.numpy (shape=(10944,), dtype=float64)
[2025-10-02 17:10:49,596][anemoi.utils.checkpoints][INFO] - Adding extra information to checkpoint /lus/h2resw01/scratch/momc/checkpoint/93fd21e1bb0d46af9efa0bdd0cc41f44/inference-anemoi-by_epoch-epoch_001-step_007680.ckpt
[2025-10-02 17:10:49,596][anemoi.utils.checkpoints][INFO] - Saving metadata to inference-anemoi-by_epoch-epoch_001-step_007680/anemoi-metadata/ai-models.json
[2025-10-02 17:10:49,598][anemoi.utils.checkpoints][INFO] - Saving supporting array `latitudes` to inference-anemoi-by_epoch-epoch_001-step_007680/anemoi-metadata/latitudes.numpy (shape=(10944,), dtype=float64)
[2025-10-02 17:10:49,598][anemoi.utils.checkpoints][INFO] - Saving supporting array `longitudes` to inference-anemoi-by_epoch-epoch_001-step_007680/anemoi-metadata/longitudes.numpy (shape=(10944,), dtype=float64)
[2025-10-02 17:10:50,267][anemoi.utils.checkpoints][INFO] - Adding extra information to checkpoint /lus/h2resw01/scratch/momc/checkpoint/93fd21e1bb0d46af9efa0bdd0cc41f44/anemoi-by_epoch-epoch_001-step_007680.ckpt
[2025-10-02 17:10:50,267][anemoi.utils.checkpoints][INFO] - Saving metadata to archive/anemoi-metadata/ai-models.json
[2025-10-02 17:10:50,268][anemoi.utils.checkpoints][INFO] - Saving supporting array `latitudes` to archive/anemoi-metadata/latitudes.numpy (shape=(10944,), dtype=float64)
[2025-10-02 17:10:50,269][anemoi.utils.checkpoints][INFO] - Saving supporting array `longitudes` to archive/anemoi-metadata/longitudes.numpy (shape=(10944,), dtype=float64)
[2025-10-02 17:10:50,391][anemoi.utils.checkpoints][INFO] - Adding extra information to checkpoint /lus/h2resw01/scratch/momc/checkpoint/93fd21e1bb0d46af9efa0bdd0cc41f44/inference-last.ckpt
[2025-10-02 17:10:50,391][anemoi.utils.checkpoints][INFO] - Saving metadata to inference-last/anemoi-metadata/ai-models.json
[2025-10-02 17:10:50,393][anemoi.utils.checkpoints][INFO] - Saving supporting array `latitudes` to inference-last/anemoi-metadata/latitudes.numpy (shape=(10944,), dtype=float64)
[2025-10-02 17:10:50,393][anemoi.utils.checkpoints][INFO] - Saving supporting array `longitudes` to inference-last/anemoi-metadata/longitudes.numpy (shape=(10944,), dtype=float64)
[2025-10-02 17:10:51,109][anemoi.utils.checkpoints][INFO] - Adding extra information to checkpoint /lus/h2resw01/scratch/momc/checkpoint/93fd21e1bb0d46af9efa0bdd0cc41f44/last.ckpt
[2025-10-02 17:10:51,109][anemoi.utils.checkpoints][INFO] - Saving metadata to archive/anemoi-metadata/ai-models.json
[2025-10-02 17:10:51,111][anemoi.utils.checkpoints][INFO] - Saving supporting array `latitudes` to archive/anemoi-metadata/latitudes.numpy (shape=(10944,), dtype=float64)
[2025-10-02 17:10:51,111][anemoi.utils.checkpoints][INFO] - Saving supporting array `longitudes` to archive/anemoi-metadata/longitudes.numpy (shape=(10944,), dtype=float64)
[2025-10-02 17:33:11,202][anemoi.models.data_indices.collection][INFO] - The order of the variables in the model matches the order in the data.
[2025-10-02 17:33:11,203][anemoi.models.data_indices.collection][INFO] - The order of the variables in the model matches the order in the data.
[2025-10-02 17:33:11,203][anemoi.models.data_indices.collection][INFO] - The order of the variables in the model matches the order in the data.
[2025-10-02 17:33:11,203][anemoi.models.data_indices.collection][INFO] - The order of the variables in the model matches the order in the data.
[2025-10-02 17:33:30,934][anemoi.utils.checkpoints][INFO] - Adding extra information to checkpoint /lus/h2resw01/scratch/momc/checkpoint/93fd21e1bb0d46af9efa0bdd0cc41f44/inference-last.ckpt
[2025-10-02 17:33:30,934][anemoi.utils.checkpoints][INFO] - Saving metadata to inference-last/anemoi-metadata/ai-models.json
[2025-10-02 17:33:30,935][anemoi.utils.checkpoints][INFO] - Saving supporting array `latitudes` to inference-last/anemoi-metadata/latitudes.numpy (shape=(10944,), dtype=float64)
[2025-10-02 17:33:30,935][anemoi.utils.checkpoints][INFO] - Saving supporting array `longitudes` to inference-last/anemoi-metadata/longitudes.numpy (shape=(10944,), dtype=float64)
[2025-10-02 17:33:31,796][anemoi.utils.checkpoints][INFO] - Adding extra information to checkpoint /lus/h2resw01/scratch/momc/checkpoint/93fd21e1bb0d46af9efa0bdd0cc41f44/last.ckpt
[2025-10-02 17:33:31,796][anemoi.utils.checkpoints][INFO] - Saving metadata to archive/anemoi-metadata/ai-models.json
[2025-10-02 17:33:31,797][anemoi.utils.checkpoints][INFO] - Saving supporting array `latitudes` to archive/anemoi-metadata/latitudes.numpy (shape=(10944,), dtype=float64)
[2025-10-02 17:33:31,797][anemoi.utils.checkpoints][INFO] - Saving supporting array `longitudes` to archive/anemoi-metadata/longitudes.numpy (shape=(10944,), dtype=float64)
[2025-10-02 17:33:31,911][anemoi.utils.checkpoints][INFO] - Adding extra information to checkpoint /lus/h2resw01/scratch/momc/checkpoint/93fd21e1bb0d46af9efa0bdd0cc41f44/inference-anemoi-by_epoch-epoch_002-step_011520.ckpt
[2025-10-02 17:33:31,911][anemoi.utils.checkpoints][INFO] - Saving metadata to inference-anemoi-by_epoch-epoch_002-step_011520/anemoi-metadata/ai-models.json
[2025-10-02 17:33:31,912][anemoi.utils.checkpoints][INFO] - Saving supporting array `latitudes` to inference-anemoi-by_epoch-epoch_002-step_011520/anemoi-metadata/latitudes.numpy (shape=(10944,), dtype=float64)
[2025-10-02 17:33:31,913][anemoi.utils.checkpoints][INFO] - Saving supporting array `longitudes` to inference-anemoi-by_epoch-epoch_002-step_011520/anemoi-metadata/longitudes.numpy (shape=(10944,), dtype=float64)
[2025-10-02 17:33:32,625][anemoi.utils.checkpoints][INFO] - Adding extra information to checkpoint /lus/h2resw01/scratch/momc/checkpoint/93fd21e1bb0d46af9efa0bdd0cc41f44/anemoi-by_epoch-epoch_002-step_011520.ckpt
[2025-10-02 17:33:32,625][anemoi.utils.checkpoints][INFO] - Saving metadata to archive/anemoi-metadata/ai-models.json
[2025-10-02 17:33:32,627][anemoi.utils.checkpoints][INFO] - Saving supporting array `latitudes` to archive/anemoi-metadata/latitudes.numpy (shape=(10944,), dtype=float64)
[2025-10-02 17:33:32,627][anemoi.utils.checkpoints][INFO] - Saving supporting array `longitudes` to archive/anemoi-metadata/longitudes.numpy (shape=(10944,), dtype=float64)
[2025-10-02 17:33:32,751][anemoi.utils.checkpoints][INFO] - Adding extra information to checkpoint /lus/h2resw01/scratch/momc/checkpoint/93fd21e1bb0d46af9efa0bdd0cc41f44/inference-last.ckpt
[2025-10-02 17:33:32,752][anemoi.utils.checkpoints][INFO] - Saving metadata to inference-last/anemoi-metadata/ai-models.json
[2025-10-02 17:33:32,753][anemoi.utils.checkpoints][INFO] - Saving supporting array `latitudes` to inference-last/anemoi-metadata/latitudes.numpy (shape=(10944,), dtype=float64)
[2025-10-02 17:33:32,753][anemoi.utils.checkpoints][INFO] - Saving supporting array `longitudes` to inference-last/anemoi-metadata/longitudes.numpy (shape=(10944,), dtype=float64)
[2025-10-02 17:33:33,493][anemoi.utils.checkpoints][INFO] - Adding extra information to checkpoint /lus/h2resw01/scratch/momc/checkpoint/93fd21e1bb0d46af9efa0bdd0cc41f44/last.ckpt
[2025-10-02 17:33:33,494][anemoi.utils.checkpoints][INFO] - Saving metadata to archive/anemoi-metadata/ai-models.json
[2025-10-02 17:33:33,495][anemoi.utils.checkpoints][INFO] - Saving supporting array `latitudes` to archive/anemoi-metadata/latitudes.numpy (shape=(10944,), dtype=float64)
[2025-10-02 17:33:33,495][anemoi.utils.checkpoints][INFO] - Saving supporting array `longitudes` to archive/anemoi-metadata/longitudes.numpy (shape=(10944,), dtype=float64)
[2025-10-02 17:56:04,353][anemoi.models.data_indices.collection][INFO] - The order of the variables in the model matches the order in the data.
[2025-10-02 17:56:04,353][anemoi.models.data_indices.collection][INFO] - The order of the variables in the model matches the order in the data.
[2025-10-02 17:56:04,353][anemoi.models.data_indices.collection][INFO] - The order of the variables in the model matches the order in the data.
[2025-10-02 17:56:04,353][anemoi.models.data_indices.collection][INFO] - The order of the variables in the model matches the order in the data.
[2025-10-02 17:56:24,527][anemoi.utils.checkpoints][INFO] - Adding extra information to checkpoint /lus/h2resw01/scratch/momc/checkpoint/93fd21e1bb0d46af9efa0bdd0cc41f44/inference-last.ckpt
[2025-10-02 17:56:24,527][anemoi.utils.checkpoints][INFO] - Saving metadata to inference-last/anemoi-metadata/ai-models.json
[2025-10-02 17:56:24,529][anemoi.utils.checkpoints][INFO] - Saving supporting array `latitudes` to inference-last/anemoi-metadata/latitudes.numpy (shape=(10944,), dtype=float64)
[2025-10-02 17:56:24,529][anemoi.utils.checkpoints][INFO] - Saving supporting array `longitudes` to inference-last/anemoi-metadata/longitudes.numpy (shape=(10944,), dtype=float64)
[2025-10-02 17:56:25,206][anemoi.utils.checkpoints][INFO] - Adding extra information to checkpoint /lus/h2resw01/scratch/momc/checkpoint/93fd21e1bb0d46af9efa0bdd0cc41f44/last.ckpt
[2025-10-02 17:56:25,206][anemoi.utils.checkpoints][INFO] - Saving metadata to archive/anemoi-metadata/ai-models.json
[2025-10-02 17:56:25,207][anemoi.utils.checkpoints][INFO] - Saving supporting array `latitudes` to archive/anemoi-metadata/latitudes.numpy (shape=(10944,), dtype=float64)
[2025-10-02 17:56:25,207][anemoi.utils.checkpoints][INFO] - Saving supporting array `longitudes` to archive/anemoi-metadata/longitudes.numpy (shape=(10944,), dtype=float64)
[2025-10-02 17:56:25,318][anemoi.utils.checkpoints][INFO] - Adding extra information to checkpoint /lus/h2resw01/scratch/momc/checkpoint/93fd21e1bb0d46af9efa0bdd0cc41f44/inference-anemoi-by_epoch-epoch_003-step_015360.ckpt
[2025-10-02 17:56:25,318][anemoi.utils.checkpoints][INFO] - Saving metadata to inference-anemoi-by_epoch-epoch_003-step_015360/anemoi-metadata/ai-models.json
[2025-10-02 17:56:25,320][anemoi.utils.checkpoints][INFO] - Saving supporting array `latitudes` to inference-anemoi-by_epoch-epoch_003-step_015360/anemoi-metadata/latitudes.numpy (shape=(10944,), dtype=float64)
[2025-10-02 17:56:25,320][anemoi.utils.checkpoints][INFO] - Saving supporting array `longitudes` to inference-anemoi-by_epoch-epoch_003-step_015360/anemoi-metadata/longitudes.numpy (shape=(10944,), dtype=float64)
[2025-10-02 17:56:26,006][anemoi.utils.checkpoints][INFO] - Adding extra information to checkpoint /lus/h2resw01/scratch/momc/checkpoint/93fd21e1bb0d46af9efa0bdd0cc41f44/anemoi-by_epoch-epoch_003-step_015360.ckpt
[2025-10-02 17:56:26,006][anemoi.utils.checkpoints][INFO] - Saving metadata to archive/anemoi-metadata/ai-models.json
[2025-10-02 17:56:26,008][anemoi.utils.checkpoints][INFO] - Saving supporting array `latitudes` to archive/anemoi-metadata/latitudes.numpy (shape=(10944,), dtype=float64)
[2025-10-02 17:56:26,008][anemoi.utils.checkpoints][INFO] - Saving supporting array `longitudes` to archive/anemoi-metadata/longitudes.numpy (shape=(10944,), dtype=float64)
[2025-10-02 17:56:26,137][anemoi.utils.checkpoints][INFO] - Adding extra information to checkpoint /lus/h2resw01/scratch/momc/checkpoint/93fd21e1bb0d46af9efa0bdd0cc41f44/inference-last.ckpt
[2025-10-02 17:56:26,137][anemoi.utils.checkpoints][INFO] - Saving metadata to inference-last/anemoi-metadata/ai-models.json
[2025-10-02 17:56:26,138][anemoi.utils.checkpoints][INFO] - Saving supporting array `latitudes` to inference-last/anemoi-metadata/latitudes.numpy (shape=(10944,), dtype=float64)
[2025-10-02 17:56:26,139][anemoi.utils.checkpoints][INFO] - Saving supporting array `longitudes` to inference-last/anemoi-metadata/longitudes.numpy (shape=(10944,), dtype=float64)
[2025-10-02 17:56:26,864][anemoi.utils.checkpoints][INFO] - Adding extra information to checkpoint /lus/h2resw01/scratch/momc/checkpoint/93fd21e1bb0d46af9efa0bdd0cc41f44/last.ckpt
[2025-10-02 17:56:26,864][anemoi.utils.checkpoints][INFO] - Saving metadata to archive/anemoi-metadata/ai-models.json
[2025-10-02 17:56:26,865][anemoi.utils.checkpoints][INFO] - Saving supporting array `latitudes` to archive/anemoi-metadata/latitudes.numpy (shape=(10944,), dtype=float64)
[2025-10-02 17:56:26,865][anemoi.utils.checkpoints][INFO] - Saving supporting array `longitudes` to archive/anemoi-metadata/longitudes.numpy (shape=(10944,), dtype=float64)
[2025-10-02 18:18:54,698][anemoi.models.data_indices.collection][INFO] - The order of the variables in the model matches the order in the data.
[2025-10-02 18:18:54,698][anemoi.models.data_indices.collection][INFO] - The order of the variables in the model matches the order in the data.
[2025-10-02 18:18:54,698][anemoi.models.data_indices.collection][INFO] - The order of the variables in the model matches the order in the data.
[2025-10-02 18:18:54,708][anemoi.models.data_indices.collection][INFO] - The order of the variables in the model matches the order in the data.
[2025-10-02 18:19:13,909][anemoi.utils.checkpoints][INFO] - Adding extra information to checkpoint /lus/h2resw01/scratch/momc/checkpoint/93fd21e1bb0d46af9efa0bdd0cc41f44/inference-last.ckpt
[2025-10-02 18:19:13,909][anemoi.utils.checkpoints][INFO] - Saving metadata to inference-last/anemoi-metadata/ai-models.json
[2025-10-02 18:19:13,911][anemoi.utils.checkpoints][INFO] - Saving supporting array `latitudes` to inference-last/anemoi-metadata/latitudes.numpy (shape=(10944,), dtype=float64)
[2025-10-02 18:19:13,911][anemoi.utils.checkpoints][INFO] - Saving supporting array `longitudes` to inference-last/anemoi-metadata/longitudes.numpy (shape=(10944,), dtype=float64)
[2025-10-02 18:19:14,680][anemoi.utils.checkpoints][INFO] - Adding extra information to checkpoint /lus/h2resw01/scratch/momc/checkpoint/93fd21e1bb0d46af9efa0bdd0cc41f44/last.ckpt
[2025-10-02 18:19:14,680][anemoi.utils.checkpoints][INFO] - Saving metadata to archive/anemoi-metadata/ai-models.json
[2025-10-02 18:19:14,681][anemoi.utils.checkpoints][INFO] - Saving supporting array `latitudes` to archive/anemoi-metadata/latitudes.numpy (shape=(10944,), dtype=float64)
[2025-10-02 18:19:14,681][anemoi.utils.checkpoints][INFO] - Saving supporting array `longitudes` to archive/anemoi-metadata/longitudes.numpy (shape=(10944,), dtype=float64)
[2025-10-02 18:19:14,811][anemoi.utils.checkpoints][INFO] - Adding extra information to checkpoint /lus/h2resw01/scratch/momc/checkpoint/93fd21e1bb0d46af9efa0bdd0cc41f44/inference-anemoi-by_epoch-epoch_004-step_019200.ckpt
[2025-10-02 18:19:14,811][anemoi.utils.checkpoints][INFO] - Saving metadata to inference-anemoi-by_epoch-epoch_004-step_019200/anemoi-metadata/ai-models.json
[2025-10-02 18:19:14,812][anemoi.utils.checkpoints][INFO] - Saving supporting array `latitudes` to inference-anemoi-by_epoch-epoch_004-step_019200/anemoi-metadata/latitudes.numpy (shape=(10944,), dtype=float64)
[2025-10-02 18:19:14,813][anemoi.utils.checkpoints][INFO] - Saving supporting array `longitudes` to inference-anemoi-by_epoch-epoch_004-step_019200/anemoi-metadata/longitudes.numpy (shape=(10944,), dtype=float64)
[2025-10-02 18:19:15,487][anemoi.utils.checkpoints][INFO] - Adding extra information to checkpoint /lus/h2resw01/scratch/momc/checkpoint/93fd21e1bb0d46af9efa0bdd0cc41f44/anemoi-by_epoch-epoch_004-step_019200.ckpt
[2025-10-02 18:19:15,487][anemoi.utils.checkpoints][INFO] - Saving metadata to archive/anemoi-metadata/ai-models.json
[2025-10-02 18:19:15,488][anemoi.utils.checkpoints][INFO] - Saving supporting array `latitudes` to archive/anemoi-metadata/latitudes.numpy (shape=(10944,), dtype=float64)
[2025-10-02 18:19:15,489][anemoi.utils.checkpoints][INFO] - Saving supporting array `longitudes` to archive/anemoi-metadata/longitudes.numpy (shape=(10944,), dtype=float64)
[2025-10-02 18:19:15,616][anemoi.utils.checkpoints][INFO] - Adding extra information to checkpoint /lus/h2resw01/scratch/momc/checkpoint/93fd21e1bb0d46af9efa0bdd0cc41f44/inference-last.ckpt
[2025-10-02 18:19:15,616][anemoi.utils.checkpoints][INFO] - Saving metadata to inference-last/anemoi-metadata/ai-models.json
[2025-10-02 18:19:15,618][anemoi.utils.checkpoints][INFO] - Saving supporting array `latitudes` to inference-last/anemoi-metadata/latitudes.numpy (shape=(10944,), dtype=float64)
[2025-10-02 18:19:15,618][anemoi.utils.checkpoints][INFO] - Saving supporting array `longitudes` to inference-last/anemoi-metadata/longitudes.numpy (shape=(10944,), dtype=float64)
[2025-10-02 18:19:16,337][anemoi.utils.checkpoints][INFO] - Adding extra information to checkpoint /lus/h2resw01/scratch/momc/checkpoint/93fd21e1bb0d46af9efa0bdd0cc41f44/last.ckpt
[2025-10-02 18:19:16,337][anemoi.utils.checkpoints][INFO] - Saving metadata to archive/anemoi-metadata/ai-models.json
[2025-10-02 18:19:16,339][anemoi.utils.checkpoints][INFO] - Saving supporting array `latitudes` to archive/anemoi-metadata/latitudes.numpy (shape=(10944,), dtype=float64)
[2025-10-02 18:19:16,339][anemoi.utils.checkpoints][INFO] - Saving supporting array `longitudes` to archive/anemoi-metadata/longitudes.numpy (shape=(10944,), dtype=float64)
[2025-10-02 18:41:51,665][anemoi.models.data_indices.collection][INFO] - The order of the variables in the model matches the order in the data.
[2025-10-02 18:41:51,666][anemoi.models.data_indices.collection][INFO] - The order of the variables in the model matches the order in the data.
[2025-10-02 18:41:51,666][anemoi.models.data_indices.collection][INFO] - The order of the variables in the model matches the order in the data.
[2025-10-02 18:41:51,666][anemoi.models.data_indices.collection][INFO] - The order of the variables in the model matches the order in the data.
[2025-10-02 18:42:11,486][anemoi.utils.checkpoints][INFO] - Adding extra information to checkpoint /lus/h2resw01/scratch/momc/checkpoint/93fd21e1bb0d46af9efa0bdd0cc41f44/inference-last.ckpt
[2025-10-02 18:42:11,486][anemoi.utils.checkpoints][INFO] - Saving metadata to inference-last/anemoi-metadata/ai-models.json
[2025-10-02 18:42:11,487][anemoi.utils.checkpoints][INFO] - Saving supporting array `latitudes` to inference-last/anemoi-metadata/latitudes.numpy (shape=(10944,), dtype=float64)
[2025-10-02 18:42:11,488][anemoi.utils.checkpoints][INFO] - Saving supporting array `longitudes` to inference-last/anemoi-metadata/longitudes.numpy (shape=(10944,), dtype=float64)
[2025-10-02 18:42:12,354][anemoi.utils.checkpoints][INFO] - Adding extra information to checkpoint /lus/h2resw01/scratch/momc/checkpoint/93fd21e1bb0d46af9efa0bdd0cc41f44/last.ckpt
[2025-10-02 18:42:12,354][anemoi.utils.checkpoints][INFO] - Saving metadata to archive/anemoi-metadata/ai-models.json
[2025-10-02 18:42:12,355][anemoi.utils.checkpoints][INFO] - Saving supporting array `latitudes` to archive/anemoi-metadata/latitudes.numpy (shape=(10944,), dtype=float64)
[2025-10-02 18:42:12,356][anemoi.utils.checkpoints][INFO] - Saving supporting array `longitudes` to archive/anemoi-metadata/longitudes.numpy (shape=(10944,), dtype=float64)
[2025-10-02 18:42:12,473][anemoi.utils.checkpoints][INFO] - Adding extra information to checkpoint /lus/h2resw01/scratch/momc/checkpoint/93fd21e1bb0d46af9efa0bdd0cc41f44/inference-anemoi-by_epoch-epoch_005-step_023040.ckpt
[2025-10-02 18:42:12,473][anemoi.utils.checkpoints][INFO] - Saving metadata to inference-anemoi-by_epoch-epoch_005-step_023040/anemoi-metadata/ai-models.json
[2025-10-02 18:42:12,475][anemoi.utils.checkpoints][INFO] - Saving supporting array `latitudes` to inference-anemoi-by_epoch-epoch_005-step_023040/anemoi-metadata/latitudes.numpy (shape=(10944,), dtype=float64)
[2025-10-02 18:42:12,475][anemoi.utils.checkpoints][INFO] - Saving supporting array `longitudes` to inference-anemoi-by_epoch-epoch_005-step_023040/anemoi-metadata/longitudes.numpy (shape=(10944,), dtype=float64)
[2025-10-02 18:42:13,155][anemoi.utils.checkpoints][INFO] - Adding extra information to checkpoint /lus/h2resw01/scratch/momc/checkpoint/93fd21e1bb0d46af9efa0bdd0cc41f44/anemoi-by_epoch-epoch_005-step_023040.ckpt
[2025-10-02 18:42:13,155][anemoi.utils.checkpoints][INFO] - Saving metadata to archive/anemoi-metadata/ai-models.json
[2025-10-02 18:42:13,157][anemoi.utils.checkpoints][INFO] - Saving supporting array `latitudes` to archive/anemoi-metadata/latitudes.numpy (shape=(10944,), dtype=float64)
[2025-10-02 18:42:13,157][anemoi.utils.checkpoints][INFO] - Saving supporting array `longitudes` to archive/anemoi-metadata/longitudes.numpy (shape=(10944,), dtype=float64)
[2025-10-02 18:42:13,288][anemoi.utils.checkpoints][INFO] - Adding extra information to checkpoint /lus/h2resw01/scratch/momc/checkpoint/93fd21e1bb0d46af9efa0bdd0cc41f44/inference-last.ckpt
[2025-10-02 18:42:13,288][anemoi.utils.checkpoints][INFO] - Saving metadata to inference-last/anemoi-metadata/ai-models.json
[2025-10-02 18:42:13,289][anemoi.utils.checkpoints][INFO] - Saving supporting array `latitudes` to inference-last/anemoi-metadata/latitudes.numpy (shape=(10944,), dtype=float64)
[2025-10-02 18:42:13,289][anemoi.utils.checkpoints][INFO] - Saving supporting array `longitudes` to inference-last/anemoi-metadata/longitudes.numpy (shape=(10944,), dtype=float64)
[2025-10-02 18:42:14,852][anemoi.utils.checkpoints][INFO] - Adding extra information to checkpoint /lus/h2resw01/scratch/momc/checkpoint/93fd21e1bb0d46af9efa0bdd0cc41f44/last.ckpt
[2025-10-02 18:42:14,852][anemoi.utils.checkpoints][INFO] - Saving metadata to archive/anemoi-metadata/ai-models.json
[2025-10-02 18:42:14,854][anemoi.utils.checkpoints][INFO] - Saving supporting array `latitudes` to archive/anemoi-metadata/latitudes.numpy (shape=(10944,), dtype=float64)
[2025-10-02 18:42:14,854][anemoi.utils.checkpoints][INFO] - Saving supporting array `longitudes` to archive/anemoi-metadata/longitudes.numpy (shape=(10944,), dtype=float64)
[2025-10-02 19:04:53,404][anemoi.models.data_indices.collection][INFO] - The order of the variables in the model matches the order in the data.
[2025-10-02 19:04:53,404][anemoi.models.data_indices.collection][INFO] - The order of the variables in the model matches the order in the data.
[2025-10-02 19:04:53,405][anemoi.models.data_indices.collection][INFO] - The order of the variables in the model matches the order in the data.
[2025-10-02 19:04:53,405][anemoi.models.data_indices.collection][INFO] - The order of the variables in the model matches the order in the data.
[2025-10-02 19:05:13,525][anemoi.utils.checkpoints][INFO] - Adding extra information to checkpoint /lus/h2resw01/scratch/momc/checkpoint/93fd21e1bb0d46af9efa0bdd0cc41f44/inference-last.ckpt
[2025-10-02 19:05:13,525][anemoi.utils.checkpoints][INFO] - Saving metadata to inference-last/anemoi-metadata/ai-models.json
[2025-10-02 19:05:13,526][anemoi.utils.checkpoints][INFO] - Saving supporting array `latitudes` to inference-last/anemoi-metadata/latitudes.numpy (shape=(10944,), dtype=float64)
[2025-10-02 19:05:13,526][anemoi.utils.checkpoints][INFO] - Saving supporting array `longitudes` to inference-last/anemoi-metadata/longitudes.numpy (shape=(10944,), dtype=float64)
[2025-10-02 19:05:14,268][anemoi.utils.checkpoints][INFO] - Adding extra information to checkpoint /lus/h2resw01/scratch/momc/checkpoint/93fd21e1bb0d46af9efa0bdd0cc41f44/last.ckpt
[2025-10-02 19:05:14,269][anemoi.utils.checkpoints][INFO] - Saving metadata to archive/anemoi-metadata/ai-models.json
[2025-10-02 19:05:14,270][anemoi.utils.checkpoints][INFO] - Saving supporting array `latitudes` to archive/anemoi-metadata/latitudes.numpy (shape=(10944,), dtype=float64)
[2025-10-02 19:05:14,270][anemoi.utils.checkpoints][INFO] - Saving supporting array `longitudes` to archive/anemoi-metadata/longitudes.numpy (shape=(10944,), dtype=float64)
[2025-10-02 19:05:14,382][anemoi.utils.checkpoints][INFO] - Adding extra information to checkpoint /lus/h2resw01/scratch/momc/checkpoint/93fd21e1bb0d46af9efa0bdd0cc41f44/inference-anemoi-by_epoch-epoch_006-step_026880.ckpt
[2025-10-02 19:05:14,382][anemoi.utils.checkpoints][INFO] - Saving metadata to inference-anemoi-by_epoch-epoch_006-step_026880/anemoi-metadata/ai-models.json
[2025-10-02 19:05:14,384][anemoi.utils.checkpoints][INFO] - Saving supporting array `latitudes` to inference-anemoi-by_epoch-epoch_006-step_026880/anemoi-metadata/latitudes.numpy (shape=(10944,), dtype=float64)
[2025-10-02 19:05:14,384][anemoi.utils.checkpoints][INFO] - Saving supporting array `longitudes` to inference-anemoi-by_epoch-epoch_006-step_026880/anemoi-metadata/longitudes.numpy (shape=(10944,), dtype=float64)
[2025-10-02 19:05:15,060][anemoi.utils.checkpoints][INFO] - Adding extra information to checkpoint /lus/h2resw01/scratch/momc/checkpoint/93fd21e1bb0d46af9efa0bdd0cc41f44/anemoi-by_epoch-epoch_006-step_026880.ckpt
[2025-10-02 19:05:15,060][anemoi.utils.checkpoints][INFO] - Saving metadata to archive/anemoi-metadata/ai-models.json
[2025-10-02 19:05:15,061][anemoi.utils.checkpoints][INFO] - Saving supporting array `latitudes` to archive/anemoi-metadata/latitudes.numpy (shape=(10944,), dtype=float64)
[2025-10-02 19:05:15,061][anemoi.utils.checkpoints][INFO] - Saving supporting array `longitudes` to archive/anemoi-metadata/longitudes.numpy (shape=(10944,), dtype=float64)
[2025-10-02 19:05:15,192][anemoi.utils.checkpoints][INFO] - Adding extra information to checkpoint /lus/h2resw01/scratch/momc/checkpoint/93fd21e1bb0d46af9efa0bdd0cc41f44/inference-last.ckpt
[2025-10-02 19:05:15,192][anemoi.utils.checkpoints][INFO] - Saving metadata to inference-last/anemoi-metadata/ai-models.json
[2025-10-02 19:05:15,193][anemoi.utils.checkpoints][INFO] - Saving supporting array `latitudes` to inference-last/anemoi-metadata/latitudes.numpy (shape=(10944,), dtype=float64)
[2025-10-02 19:05:15,193][anemoi.utils.checkpoints][INFO] - Saving supporting array `longitudes` to inference-last/anemoi-metadata/longitudes.numpy (shape=(10944,), dtype=float64)
[2025-10-02 19:05:15,917][anemoi.utils.checkpoints][INFO] - Adding extra information to checkpoint /lus/h2resw01/scratch/momc/checkpoint/93fd21e1bb0d46af9efa0bdd0cc41f44/last.ckpt
[2025-10-02 19:05:15,917][anemoi.utils.checkpoints][INFO] - Saving metadata to archive/anemoi-metadata/ai-models.json
[2025-10-02 19:05:15,918][anemoi.utils.checkpoints][INFO] - Saving supporting array `latitudes` to archive/anemoi-metadata/latitudes.numpy (shape=(10944,), dtype=float64)
[2025-10-02 19:05:15,919][anemoi.utils.checkpoints][INFO] - Saving supporting array `longitudes` to archive/anemoi-metadata/longitudes.numpy (shape=(10944,), dtype=float64)
[2025-10-02 19:28:03,366][anemoi.models.data_indices.collection][INFO] - The order of the variables in the model matches the order in the data.
[2025-10-02 19:28:03,366][anemoi.models.data_indices.collection][INFO] - The order of the variables in the model matches the order in the data.
[2025-10-02 19:28:03,366][anemoi.models.data_indices.collection][INFO] - The order of the variables in the model matches the order in the data.
[2025-10-02 19:28:03,366][anemoi.models.data_indices.collection][INFO] - The order of the variables in the model matches the order in the data.
[2025-10-02 19:28:23,283][anemoi.utils.checkpoints][INFO] - Adding extra information to checkpoint /lus/h2resw01/scratch/momc/checkpoint/93fd21e1bb0d46af9efa0bdd0cc41f44/inference-last.ckpt
[2025-10-02 19:28:23,283][anemoi.utils.checkpoints][INFO] - Saving metadata to inference-last/anemoi-metadata/ai-models.json
[2025-10-02 19:28:23,285][anemoi.utils.checkpoints][INFO] - Saving supporting array `latitudes` to inference-last/anemoi-metadata/latitudes.numpy (shape=(10944,), dtype=float64)
[2025-10-02 19:28:23,285][anemoi.utils.checkpoints][INFO] - Saving supporting array `longitudes` to inference-last/anemoi-metadata/longitudes.numpy (shape=(10944,), dtype=float64)
[2025-10-02 19:28:24,024][anemoi.utils.checkpoints][INFO] - Adding extra information to checkpoint /lus/h2resw01/scratch/momc/checkpoint/93fd21e1bb0d46af9efa0bdd0cc41f44/last.ckpt
[2025-10-02 19:28:24,024][anemoi.utils.checkpoints][INFO] - Saving metadata to archive/anemoi-metadata/ai-models.json
[2025-10-02 19:28:24,025][anemoi.utils.checkpoints][INFO] - Saving supporting array `latitudes` to archive/anemoi-metadata/latitudes.numpy (shape=(10944,), dtype=float64)
[2025-10-02 19:28:24,026][anemoi.utils.checkpoints][INFO] - Saving supporting array `longitudes` to archive/anemoi-metadata/longitudes.numpy (shape=(10944,), dtype=float64)
[2025-10-02 19:28:24,140][anemoi.utils.checkpoints][INFO] - Adding extra information to checkpoint /lus/h2resw01/scratch/momc/checkpoint/93fd21e1bb0d46af9efa0bdd0cc41f44/inference-anemoi-by_epoch-epoch_007-step_030720.ckpt
[2025-10-02 19:28:24,140][anemoi.utils.checkpoints][INFO] - Saving metadata to inference-anemoi-by_epoch-epoch_007-step_030720/anemoi-metadata/ai-models.json
[2025-10-02 19:28:24,141][anemoi.utils.checkpoints][INFO] - Saving supporting array `latitudes` to inference-anemoi-by_epoch-epoch_007-step_030720/anemoi-metadata/latitudes.numpy (shape=(10944,), dtype=float64)
[2025-10-02 19:28:24,142][anemoi.utils.checkpoints][INFO] - Saving supporting array `longitudes` to inference-anemoi-by_epoch-epoch_007-step_030720/anemoi-metadata/longitudes.numpy (shape=(10944,), dtype=float64)
[2025-10-02 19:28:24,814][anemoi.utils.checkpoints][INFO] - Adding extra information to checkpoint /lus/h2resw01/scratch/momc/checkpoint/93fd21e1bb0d46af9efa0bdd0cc41f44/anemoi-by_epoch-epoch_007-step_030720.ckpt
[2025-10-02 19:28:24,815][anemoi.utils.checkpoints][INFO] - Saving metadata to archive/anemoi-metadata/ai-models.json
[2025-10-02 19:28:24,816][anemoi.utils.checkpoints][INFO] - Saving supporting array `latitudes` to archive/anemoi-metadata/latitudes.numpy (shape=(10944,), dtype=float64)
[2025-10-02 19:28:24,816][anemoi.utils.checkpoints][INFO] - Saving supporting array `longitudes` to archive/anemoi-metadata/longitudes.numpy (shape=(10944,), dtype=float64)
[2025-10-02 19:28:24,941][anemoi.utils.checkpoints][INFO] - Adding extra information to checkpoint /lus/h2resw01/scratch/momc/checkpoint/93fd21e1bb0d46af9efa0bdd0cc41f44/inference-last.ckpt
[2025-10-02 19:28:24,942][anemoi.utils.checkpoints][INFO] - Saving metadata to inference-last/anemoi-metadata/ai-models.json
[2025-10-02 19:28:24,943][anemoi.utils.checkpoints][INFO] - Saving supporting array `latitudes` to inference-last/anemoi-metadata/latitudes.numpy (shape=(10944,), dtype=float64)
[2025-10-02 19:28:24,943][anemoi.utils.checkpoints][INFO] - Saving supporting array `longitudes` to inference-last/anemoi-metadata/longitudes.numpy (shape=(10944,), dtype=float64)
[2025-10-02 19:28:25,666][anemoi.utils.checkpoints][INFO] - Adding extra information to checkpoint /lus/h2resw01/scratch/momc/checkpoint/93fd21e1bb0d46af9efa0bdd0cc41f44/last.ckpt
[2025-10-02 19:28:25,666][anemoi.utils.checkpoints][INFO] - Saving metadata to archive/anemoi-metadata/ai-models.json
[2025-10-02 19:28:25,668][anemoi.utils.checkpoints][INFO] - Saving supporting array `latitudes` to archive/anemoi-metadata/latitudes.numpy (shape=(10944,), dtype=float64)
[2025-10-02 19:28:25,668][anemoi.utils.checkpoints][INFO] - Saving supporting array `longitudes` to archive/anemoi-metadata/longitudes.numpy (shape=(10944,), dtype=float64)
[2025-10-02 19:51:15,139][anemoi.models.data_indices.collection][INFO] - The order of the variables in the model matches the order in the data.
[2025-10-02 19:51:15,139][anemoi.models.data_indices.collection][INFO] - The order of the variables in the model matches the order in the data.
[2025-10-02 19:51:15,139][anemoi.models.data_indices.collection][INFO] - The order of the variables in the model matches the order in the data.
[2025-10-02 19:51:15,139][anemoi.models.data_indices.collection][INFO] - The order of the variables in the model matches the order in the data.
[2025-10-02 19:51:36,294][anemoi.utils.checkpoints][INFO] - Adding extra information to checkpoint /lus/h2resw01/scratch/momc/checkpoint/93fd21e1bb0d46af9efa0bdd0cc41f44/inference-last.ckpt
[2025-10-02 19:51:36,294][anemoi.utils.checkpoints][INFO] - Saving metadata to inference-last/anemoi-metadata/ai-models.json
[2025-10-02 19:51:36,295][anemoi.utils.checkpoints][INFO] - Saving supporting array `latitudes` to inference-last/anemoi-metadata/latitudes.numpy (shape=(10944,), dtype=float64)
[2025-10-02 19:51:36,296][anemoi.utils.checkpoints][INFO] - Saving supporting array `longitudes` to inference-last/anemoi-metadata/longitudes.numpy (shape=(10944,), dtype=float64)
[2025-10-02 19:51:37,111][anemoi.utils.checkpoints][INFO] - Adding extra information to checkpoint /lus/h2resw01/scratch/momc/checkpoint/93fd21e1bb0d46af9efa0bdd0cc41f44/last.ckpt
[2025-10-02 19:51:37,111][anemoi.utils.checkpoints][INFO] - Saving metadata to archive/anemoi-metadata/ai-models.json
[2025-10-02 19:51:37,112][anemoi.utils.checkpoints][INFO] - Saving supporting array `latitudes` to archive/anemoi-metadata/latitudes.numpy (shape=(10944,), dtype=float64)
[2025-10-02 19:51:37,112][anemoi.utils.checkpoints][INFO] - Saving supporting array `longitudes` to archive/anemoi-metadata/longitudes.numpy (shape=(10944,), dtype=float64)
[2025-10-02 19:51:37,224][anemoi.utils.checkpoints][INFO] - Adding extra information to checkpoint /lus/h2resw01/scratch/momc/checkpoint/93fd21e1bb0d46af9efa0bdd0cc41f44/inference-anemoi-by_epoch-epoch_008-step_034560.ckpt
[2025-10-02 19:51:37,224][anemoi.utils.checkpoints][INFO] - Saving metadata to inference-anemoi-by_epoch-epoch_008-step_034560/anemoi-metadata/ai-models.json
[2025-10-02 19:51:37,226][anemoi.utils.checkpoints][INFO] - Saving supporting array `latitudes` to inference-anemoi-by_epoch-epoch_008-step_034560/anemoi-metadata/latitudes.numpy (shape=(10944,), dtype=float64)
[2025-10-02 19:51:37,226][anemoi.utils.checkpoints][INFO] - Saving supporting array `longitudes` to inference-anemoi-by_epoch-epoch_008-step_034560/anemoi-metadata/longitudes.numpy (shape=(10944,), dtype=float64)
[2025-10-02 19:51:37,900][anemoi.utils.checkpoints][INFO] - Adding extra information to checkpoint /lus/h2resw01/scratch/momc/checkpoint/93fd21e1bb0d46af9efa0bdd0cc41f44/anemoi-by_epoch-epoch_008-step_034560.ckpt
[2025-10-02 19:51:37,900][anemoi.utils.checkpoints][INFO] - Saving metadata to archive/anemoi-metadata/ai-models.json
[2025-10-02 19:51:37,901][anemoi.utils.checkpoints][INFO] - Saving supporting array `latitudes` to archive/anemoi-metadata/latitudes.numpy (shape=(10944,), dtype=float64)
[2025-10-02 19:51:37,902][anemoi.utils.checkpoints][INFO] - Saving supporting array `longitudes` to archive/anemoi-metadata/longitudes.numpy (shape=(10944,), dtype=float64)
[2025-10-02 19:51:38,031][anemoi.utils.checkpoints][INFO] - Adding extra information to checkpoint /lus/h2resw01/scratch/momc/checkpoint/93fd21e1bb0d46af9efa0bdd0cc41f44/inference-last.ckpt
[2025-10-02 19:51:38,031][anemoi.utils.checkpoints][INFO] - Saving metadata to inference-last/anemoi-metadata/ai-models.json
[2025-10-02 19:51:38,033][anemoi.utils.checkpoints][INFO] - Saving supporting array `latitudes` to inference-last/anemoi-metadata/latitudes.numpy (shape=(10944,), dtype=float64)
[2025-10-02 19:51:38,033][anemoi.utils.checkpoints][INFO] - Saving supporting array `longitudes` to inference-last/anemoi-metadata/longitudes.numpy (shape=(10944,), dtype=float64)
[2025-10-02 19:51:38,745][anemoi.utils.checkpoints][INFO] - Adding extra information to checkpoint /lus/h2resw01/scratch/momc/checkpoint/93fd21e1bb0d46af9efa0bdd0cc41f44/last.ckpt
[2025-10-02 19:51:38,746][anemoi.utils.checkpoints][INFO] - Saving metadata to archive/anemoi-metadata/ai-models.json
[2025-10-02 19:51:38,747][anemoi.utils.checkpoints][INFO] - Saving supporting array `latitudes` to archive/anemoi-metadata/latitudes.numpy (shape=(10944,), dtype=float64)
[2025-10-02 19:51:38,747][anemoi.utils.checkpoints][INFO] - Saving supporting array `longitudes` to archive/anemoi-metadata/longitudes.numpy (shape=(10944,), dtype=float64)
[2025-10-02 20:14:26,316][anemoi.models.data_indices.collection][INFO] - The order of the variables in the model matches the order in the data.
[2025-10-02 20:14:26,316][anemoi.models.data_indices.collection][INFO] - The order of the variables in the model matches the order in the data.
[2025-10-02 20:14:26,316][anemoi.models.data_indices.collection][INFO] - The order of the variables in the model matches the order in the data.
[2025-10-02 20:14:26,323][anemoi.models.data_indices.collection][INFO] - The order of the variables in the model matches the order in the data.
[2025-10-02 20:14:47,814][anemoi.utils.checkpoints][INFO] - Adding extra information to checkpoint /lus/h2resw01/scratch/momc/checkpoint/93fd21e1bb0d46af9efa0bdd0cc41f44/inference-last.ckpt
[2025-10-02 20:14:47,814][anemoi.utils.checkpoints][INFO] - Saving metadata to inference-last/anemoi-metadata/ai-models.json
[2025-10-02 20:14:47,815][anemoi.utils.checkpoints][INFO] - Saving supporting array `latitudes` to inference-last/anemoi-metadata/latitudes.numpy (shape=(10944,), dtype=float64)
[2025-10-02 20:14:47,816][anemoi.utils.checkpoints][INFO] - Saving supporting array `longitudes` to inference-last/anemoi-metadata/longitudes.numpy (shape=(10944,), dtype=float64)
[2025-10-02 20:14:48,548][anemoi.utils.checkpoints][INFO] - Adding extra information to checkpoint /lus/h2resw01/scratch/momc/checkpoint/93fd21e1bb0d46af9efa0bdd0cc41f44/last.ckpt
[2025-10-02 20:14:48,548][anemoi.utils.checkpoints][INFO] - Saving metadata to archive/anemoi-metadata/ai-models.json
[2025-10-02 20:14:48,549][anemoi.utils.checkpoints][INFO] - Saving supporting array `latitudes` to archive/anemoi-metadata/latitudes.numpy (shape=(10944,), dtype=float64)
[2025-10-02 20:14:48,549][anemoi.utils.checkpoints][INFO] - Saving supporting array `longitudes` to archive/anemoi-metadata/longitudes.numpy (shape=(10944,), dtype=float64)
[2025-10-02 20:14:48,661][anemoi.utils.checkpoints][INFO] - Adding extra information to checkpoint /lus/h2resw01/scratch/momc/checkpoint/93fd21e1bb0d46af9efa0bdd0cc41f44/inference-anemoi-by_epoch-epoch_009-step_038400.ckpt
[2025-10-02 20:14:48,661][anemoi.utils.checkpoints][INFO] - Saving metadata to inference-anemoi-by_epoch-epoch_009-step_038400/anemoi-metadata/ai-models.json
[2025-10-02 20:14:48,662][anemoi.utils.checkpoints][INFO] - Saving supporting array `latitudes` to inference-anemoi-by_epoch-epoch_009-step_038400/anemoi-metadata/latitudes.numpy (shape=(10944,), dtype=float64)
[2025-10-02 20:14:48,663][anemoi.utils.checkpoints][INFO] - Saving supporting array `longitudes` to inference-anemoi-by_epoch-epoch_009-step_038400/anemoi-metadata/longitudes.numpy (shape=(10944,), dtype=float64)
[2025-10-02 20:14:49,345][anemoi.utils.checkpoints][INFO] - Adding extra information to checkpoint /lus/h2resw01/scratch/momc/checkpoint/93fd21e1bb0d46af9efa0bdd0cc41f44/anemoi-by_epoch-epoch_009-step_038400.ckpt
[2025-10-02 20:14:49,346][anemoi.utils.checkpoints][INFO] - Saving metadata to archive/anemoi-metadata/ai-models.json
[2025-10-02 20:14:49,347][anemoi.utils.checkpoints][INFO] - Saving supporting array `latitudes` to archive/anemoi-metadata/latitudes.numpy (shape=(10944,), dtype=float64)
[2025-10-02 20:14:49,347][anemoi.utils.checkpoints][INFO] - Saving supporting array `longitudes` to archive/anemoi-metadata/longitudes.numpy (shape=(10944,), dtype=float64)
[2025-10-02 20:14:49,477][anemoi.utils.checkpoints][INFO] - Adding extra information to checkpoint /lus/h2resw01/scratch/momc/checkpoint/93fd21e1bb0d46af9efa0bdd0cc41f44/inference-last.ckpt
[2025-10-02 20:14:49,477][anemoi.utils.checkpoints][INFO] - Saving metadata to inference-last/anemoi-metadata/ai-models.json
[2025-10-02 20:14:49,478][anemoi.utils.checkpoints][INFO] - Saving supporting array `latitudes` to inference-last/anemoi-metadata/latitudes.numpy (shape=(10944,), dtype=float64)
[2025-10-02 20:14:49,478][anemoi.utils.checkpoints][INFO] - Saving supporting array `longitudes` to inference-last/anemoi-metadata/longitudes.numpy (shape=(10944,), dtype=float64)
[2025-10-02 20:14:50,191][anemoi.utils.checkpoints][INFO] - Adding extra information to checkpoint /lus/h2resw01/scratch/momc/checkpoint/93fd21e1bb0d46af9efa0bdd0cc41f44/last.ckpt
[2025-10-02 20:14:50,191][anemoi.utils.checkpoints][INFO] - Saving metadata to archive/anemoi-metadata/ai-models.json
[2025-10-02 20:14:50,193][anemoi.utils.checkpoints][INFO] - Saving supporting array `latitudes` to archive/anemoi-metadata/latitudes.numpy (shape=(10944,), dtype=float64)
[2025-10-02 20:14:50,193][anemoi.utils.checkpoints][INFO] - Saving supporting array `longitudes` to archive/anemoi-metadata/longitudes.numpy (shape=(10944,), dtype=float64)
[2025-10-02 20:37:57,477][anemoi.models.data_indices.collection][INFO] - The order of the variables in the model matches the order in the data.
[2025-10-02 20:37:57,477][anemoi.models.data_indices.collection][INFO] - The order of the variables in the model matches the order in the data.
[2025-10-02 20:37:57,477][anemoi.models.data_indices.collection][INFO] - The order of the variables in the model matches the order in the data.
[2025-10-02 20:37:57,477][anemoi.models.data_indices.collection][INFO] - The order of the variables in the model matches the order in the data.
[2025-10-02 20:38:17,599][anemoi.utils.checkpoints][INFO] - Adding extra information to checkpoint /lus/h2resw01/scratch/momc/checkpoint/93fd21e1bb0d46af9efa0bdd0cc41f44/inference-last.ckpt
[2025-10-02 20:38:17,599][anemoi.utils.checkpoints][INFO] - Saving metadata to inference-last/anemoi-metadata/ai-models.json
[2025-10-02 20:38:17,600][anemoi.utils.checkpoints][INFO] - Saving supporting array `latitudes` to inference-last/anemoi-metadata/latitudes.numpy (shape=(10944,), dtype=float64)
[2025-10-02 20:38:17,600][anemoi.utils.checkpoints][INFO] - Saving supporting array `longitudes` to inference-last/anemoi-metadata/longitudes.numpy (shape=(10944,), dtype=float64)
[2025-10-02 20:38:18,343][anemoi.utils.checkpoints][INFO] - Adding extra information to checkpoint /lus/h2resw01/scratch/momc/checkpoint/93fd21e1bb0d46af9efa0bdd0cc41f44/last.ckpt
[2025-10-02 20:38:18,343][anemoi.utils.checkpoints][INFO] - Saving metadata to archive/anemoi-metadata/ai-models.json
[2025-10-02 20:38:18,344][anemoi.utils.checkpoints][INFO] - Saving supporting array `latitudes` to archive/anemoi-metadata/latitudes.numpy (shape=(10944,), dtype=float64)
[2025-10-02 20:38:18,344][anemoi.utils.checkpoints][INFO] - Saving supporting array `longitudes` to archive/anemoi-metadata/longitudes.numpy (shape=(10944,), dtype=float64)
[2025-10-02 20:38:18,457][anemoi.utils.checkpoints][INFO] - Adding extra information to checkpoint /lus/h2resw01/scratch/momc/checkpoint/93fd21e1bb0d46af9efa0bdd0cc41f44/inference-anemoi-by_epoch-epoch_010-step_042240.ckpt
[2025-10-02 20:38:18,457][anemoi.utils.checkpoints][INFO] - Saving metadata to inference-anemoi-by_epoch-epoch_010-step_042240/anemoi-metadata/ai-models.json
[2025-10-02 20:38:18,459][anemoi.utils.checkpoints][INFO] - Saving supporting array `latitudes` to inference-anemoi-by_epoch-epoch_010-step_042240/anemoi-metadata/latitudes.numpy (shape=(10944,), dtype=float64)
[2025-10-02 20:38:18,459][anemoi.utils.checkpoints][INFO] - Saving supporting array `longitudes` to inference-anemoi-by_epoch-epoch_010-step_042240/anemoi-metadata/longitudes.numpy (shape=(10944,), dtype=float64)
[2025-10-02 20:38:19,139][anemoi.utils.checkpoints][INFO] - Adding extra information to checkpoint /lus/h2resw01/scratch/momc/checkpoint/93fd21e1bb0d46af9efa0bdd0cc41f44/anemoi-by_epoch-epoch_010-step_042240.ckpt
[2025-10-02 20:38:19,139][anemoi.utils.checkpoints][INFO] - Saving metadata to archive/anemoi-metadata/ai-models.json
[2025-10-02 20:38:19,141][anemoi.utils.checkpoints][INFO] - Saving supporting array `latitudes` to archive/anemoi-metadata/latitudes.numpy (shape=(10944,), dtype=float64)
[2025-10-02 20:38:19,141][anemoi.utils.checkpoints][INFO] - Saving supporting array `longitudes` to archive/anemoi-metadata/longitudes.numpy (shape=(10944,), dtype=float64)
[2025-10-02 20:38:19,265][anemoi.utils.checkpoints][INFO] - Adding extra information to checkpoint /lus/h2resw01/scratch/momc/checkpoint/93fd21e1bb0d46af9efa0bdd0cc41f44/inference-last.ckpt
[2025-10-02 20:38:19,265][anemoi.utils.checkpoints][INFO] - Saving metadata to inference-last/anemoi-metadata/ai-models.json
[2025-10-02 20:38:19,266][anemoi.utils.checkpoints][INFO] - Saving supporting array `latitudes` to inference-last/anemoi-metadata/latitudes.numpy (shape=(10944,), dtype=float64)
[2025-10-02 20:38:19,266][anemoi.utils.checkpoints][INFO] - Saving supporting array `longitudes` to inference-last/anemoi-metadata/longitudes.numpy (shape=(10944,), dtype=float64)
[2025-10-02 20:38:20,005][anemoi.utils.checkpoints][INFO] - Adding extra information to checkpoint /lus/h2resw01/scratch/momc/checkpoint/93fd21e1bb0d46af9efa0bdd0cc41f44/last.ckpt
[2025-10-02 20:38:20,005][anemoi.utils.checkpoints][INFO] - Saving metadata to archive/anemoi-metadata/ai-models.json
[2025-10-02 20:38:20,006][anemoi.utils.checkpoints][INFO] - Saving supporting array `latitudes` to archive/anemoi-metadata/latitudes.numpy (shape=(10944,), dtype=float64)
[2025-10-02 20:38:20,006][anemoi.utils.checkpoints][INFO] - Saving supporting array `longitudes` to archive/anemoi-metadata/longitudes.numpy (shape=(10944,), dtype=float64)
[2025-10-02 21:01:14,308][anemoi.models.data_indices.collection][INFO] - The order of the variables in the model matches the order in the data.
[2025-10-02 21:01:14,308][anemoi.models.data_indices.collection][INFO] - The order of the variables in the model matches the order in the data.
[2025-10-02 21:01:14,308][anemoi.models.data_indices.collection][INFO] - The order of the variables in the model matches the order in the data.
[2025-10-02 21:01:14,308][anemoi.models.data_indices.collection][INFO] - The order of the variables in the model matches the order in the data.
[2025-10-02 21:01:35,197][anemoi.utils.checkpoints][INFO] - Adding extra information to checkpoint /lus/h2resw01/scratch/momc/checkpoint/93fd21e1bb0d46af9efa0bdd0cc41f44/inference-last.ckpt
[2025-10-02 21:01:35,197][anemoi.utils.checkpoints][INFO] - Saving metadata to inference-last/anemoi-metadata/ai-models.json
[2025-10-02 21:01:35,198][anemoi.utils.checkpoints][INFO] - Saving supporting array `latitudes` to inference-last/anemoi-metadata/latitudes.numpy (shape=(10944,), dtype=float64)
[2025-10-02 21:01:35,198][anemoi.utils.checkpoints][INFO] - Saving supporting array `longitudes` to inference-last/anemoi-metadata/longitudes.numpy (shape=(10944,), dtype=float64)
[2025-10-02 21:01:35,931][anemoi.utils.checkpoints][INFO] - Adding extra information to checkpoint /lus/h2resw01/scratch/momc/checkpoint/93fd21e1bb0d46af9efa0bdd0cc41f44/last.ckpt
[2025-10-02 21:01:35,931][anemoi.utils.checkpoints][INFO] - Saving metadata to archive/anemoi-metadata/ai-models.json
[2025-10-02 21:01:35,932][anemoi.utils.checkpoints][INFO] - Saving supporting array `latitudes` to archive/anemoi-metadata/latitudes.numpy (shape=(10944,), dtype=float64)
[2025-10-02 21:01:35,932][anemoi.utils.checkpoints][INFO] - Saving supporting array `longitudes` to archive/anemoi-metadata/longitudes.numpy (shape=(10944,), dtype=float64)
[2025-10-02 21:01:36,045][anemoi.utils.checkpoints][INFO] - Adding extra information to checkpoint /lus/h2resw01/scratch/momc/checkpoint/93fd21e1bb0d46af9efa0bdd0cc41f44/inference-anemoi-by_epoch-epoch_011-step_046080.ckpt
[2025-10-02 21:01:36,046][anemoi.utils.checkpoints][INFO] - Saving metadata to inference-anemoi-by_epoch-epoch_011-step_046080/anemoi-metadata/ai-models.json
[2025-10-02 21:01:36,047][anemoi.utils.checkpoints][INFO] - Saving supporting array `latitudes` to inference-anemoi-by_epoch-epoch_011-step_046080/anemoi-metadata/latitudes.numpy (shape=(10944,), dtype=float64)
[2025-10-02 21:01:36,048][anemoi.utils.checkpoints][INFO] - Saving supporting array `longitudes` to inference-anemoi-by_epoch-epoch_011-step_046080/anemoi-metadata/longitudes.numpy (shape=(10944,), dtype=float64)
[2025-10-02 21:01:36,738][anemoi.utils.checkpoints][INFO] - Adding extra information to checkpoint /lus/h2resw01/scratch/momc/checkpoint/93fd21e1bb0d46af9efa0bdd0cc41f44/anemoi-by_epoch-epoch_011-step_046080.ckpt
[2025-10-02 21:01:36,738][anemoi.utils.checkpoints][INFO] - Saving metadata to archive/anemoi-metadata/ai-models.json
[2025-10-02 21:01:36,740][anemoi.utils.checkpoints][INFO] - Saving supporting array `latitudes` to archive/anemoi-metadata/latitudes.numpy (shape=(10944,), dtype=float64)
[2025-10-02 21:01:36,740][anemoi.utils.checkpoints][INFO] - Saving supporting array `longitudes` to archive/anemoi-metadata/longitudes.numpy (shape=(10944,), dtype=float64)
[2025-10-02 21:01:36,868][anemoi.utils.checkpoints][INFO] - Adding extra information to checkpoint /lus/h2resw01/scratch/momc/checkpoint/93fd21e1bb0d46af9efa0bdd0cc41f44/inference-last.ckpt
[2025-10-02 21:01:36,868][anemoi.utils.checkpoints][INFO] - Saving metadata to inference-last/anemoi-metadata/ai-models.json
[2025-10-02 21:01:36,870][anemoi.utils.checkpoints][INFO] - Saving supporting array `latitudes` to inference-last/anemoi-metadata/latitudes.numpy (shape=(10944,), dtype=float64)
[2025-10-02 21:01:36,870][anemoi.utils.checkpoints][INFO] - Saving supporting array `longitudes` to inference-last/anemoi-metadata/longitudes.numpy (shape=(10944,), dtype=float64)
[2025-10-02 21:01:37,595][anemoi.utils.checkpoints][INFO] - Adding extra information to checkpoint /lus/h2resw01/scratch/momc/checkpoint/93fd21e1bb0d46af9efa0bdd0cc41f44/last.ckpt
[2025-10-02 21:01:37,596][anemoi.utils.checkpoints][INFO] - Saving metadata to archive/anemoi-metadata/ai-models.json
[2025-10-02 21:01:37,597][anemoi.utils.checkpoints][INFO] - Saving supporting array `latitudes` to archive/anemoi-metadata/latitudes.numpy (shape=(10944,), dtype=float64)
[2025-10-02 21:01:37,598][anemoi.utils.checkpoints][INFO] - Saving supporting array `longitudes` to archive/anemoi-metadata/longitudes.numpy (shape=(10944,), dtype=float64)
[2025-10-02 21:24:26,535][anemoi.models.data_indices.collection][INFO] - The order of the variables in the model matches the order in the data.
[2025-10-02 21:24:26,535][anemoi.models.data_indices.collection][INFO] - The order of the variables in the model matches the order in the data.
[2025-10-02 21:24:26,535][anemoi.models.data_indices.collection][INFO] - The order of the variables in the model matches the order in the data.
[2025-10-02 21:24:26,535][anemoi.models.data_indices.collection][INFO] - The order of the variables in the model matches the order in the data.
[2025-10-02 21:24:48,015][anemoi.utils.checkpoints][INFO] - Adding extra information to checkpoint /lus/h2resw01/scratch/momc/checkpoint/93fd21e1bb0d46af9efa0bdd0cc41f44/inference-last.ckpt
[2025-10-02 21:24:48,015][anemoi.utils.checkpoints][INFO] - Saving metadata to inference-last/anemoi-metadata/ai-models.json
[2025-10-02 21:24:48,016][anemoi.utils.checkpoints][INFO] - Saving supporting array `latitudes` to inference-last/anemoi-metadata/latitudes.numpy (shape=(10944,), dtype=float64)
[2025-10-02 21:24:48,017][anemoi.utils.checkpoints][INFO] - Saving supporting array `longitudes` to inference-last/anemoi-metadata/longitudes.numpy (shape=(10944,), dtype=float64)
[2025-10-02 21:24:48,760][anemoi.utils.checkpoints][INFO] - Adding extra information to checkpoint /lus/h2resw01/scratch/momc/checkpoint/93fd21e1bb0d46af9efa0bdd0cc41f44/last.ckpt
[2025-10-02 21:24:48,760][anemoi.utils.checkpoints][INFO] - Saving metadata to archive/anemoi-metadata/ai-models.json
[2025-10-02 21:24:48,761][anemoi.utils.checkpoints][INFO] - Saving supporting array `latitudes` to archive/anemoi-metadata/latitudes.numpy (shape=(10944,), dtype=float64)
[2025-10-02 21:24:48,761][anemoi.utils.checkpoints][INFO] - Saving supporting array `longitudes` to archive/anemoi-metadata/longitudes.numpy (shape=(10944,), dtype=float64)
[2025-10-02 21:24:48,874][anemoi.utils.checkpoints][INFO] - Adding extra information to checkpoint /lus/h2resw01/scratch/momc/checkpoint/93fd21e1bb0d46af9efa0bdd0cc41f44/inference-anemoi-by_epoch-epoch_012-step_049920.ckpt
[2025-10-02 21:24:48,874][anemoi.utils.checkpoints][INFO] - Saving metadata to inference-anemoi-by_epoch-epoch_012-step_049920/anemoi-metadata/ai-models.json
[2025-10-02 21:24:48,876][anemoi.utils.checkpoints][INFO] - Saving supporting array `latitudes` to inference-anemoi-by_epoch-epoch_012-step_049920/anemoi-metadata/latitudes.numpy (shape=(10944,), dtype=float64)
[2025-10-02 21:24:48,876][anemoi.utils.checkpoints][INFO] - Saving supporting array `longitudes` to inference-anemoi-by_epoch-epoch_012-step_049920/anemoi-metadata/longitudes.numpy (shape=(10944,), dtype=float64)
[2025-10-02 21:24:49,569][anemoi.utils.checkpoints][INFO] - Adding extra information to checkpoint /lus/h2resw01/scratch/momc/checkpoint/93fd21e1bb0d46af9efa0bdd0cc41f44/anemoi-by_epoch-epoch_012-step_049920.ckpt
[2025-10-02 21:24:49,569][anemoi.utils.checkpoints][INFO] - Saving metadata to archive/anemoi-metadata/ai-models.json
[2025-10-02 21:24:49,570][anemoi.utils.checkpoints][INFO] - Saving supporting array `latitudes` to archive/anemoi-metadata/latitudes.numpy (shape=(10944,), dtype=float64)
[2025-10-02 21:24:49,570][anemoi.utils.checkpoints][INFO] - Saving supporting array `longitudes` to archive/anemoi-metadata/longitudes.numpy (shape=(10944,), dtype=float64)
[2025-10-02 21:24:49,697][anemoi.utils.checkpoints][INFO] - Adding extra information to checkpoint /lus/h2resw01/scratch/momc/checkpoint/93fd21e1bb0d46af9efa0bdd0cc41f44/inference-last.ckpt
[2025-10-02 21:24:49,697][anemoi.utils.checkpoints][INFO] - Saving metadata to inference-last/anemoi-metadata/ai-models.json
[2025-10-02 21:24:49,699][anemoi.utils.checkpoints][INFO] - Saving supporting array `latitudes` to inference-last/anemoi-metadata/latitudes.numpy (shape=(10944,), dtype=float64)
[2025-10-02 21:24:49,699][anemoi.utils.checkpoints][INFO] - Saving supporting array `longitudes` to inference-last/anemoi-metadata/longitudes.numpy (shape=(10944,), dtype=float64)
[2025-10-02 21:24:50,432][anemoi.utils.checkpoints][INFO] - Adding extra information to checkpoint /lus/h2resw01/scratch/momc/checkpoint/93fd21e1bb0d46af9efa0bdd0cc41f44/last.ckpt
[2025-10-02 21:24:50,432][anemoi.utils.checkpoints][INFO] - Saving metadata to archive/anemoi-metadata/ai-models.json
[2025-10-02 21:24:50,433][anemoi.utils.checkpoints][INFO] - Saving supporting array `latitudes` to archive/anemoi-metadata/latitudes.numpy (shape=(10944,), dtype=float64)
[2025-10-02 21:24:50,433][anemoi.utils.checkpoints][INFO] - Saving supporting array `longitudes` to archive/anemoi-metadata/longitudes.numpy (shape=(10944,), dtype=float64)
[2025-10-02 21:25:21,753][pytorch_lightning.utilities.rank_zero][INFO] - `Trainer.fit` stopped: `max_steps=50000` reached.
[2025-10-02 21:25:21,864][anemoi.utils.checkpoints][INFO] - Adding extra information to checkpoint /lus/h2resw01/scratch/momc/checkpoint/93fd21e1bb0d46af9efa0bdd0cc41f44/inference-anemoi-by_time-epoch_013-step_050000.ckpt
[2025-10-02 21:25:21,864][anemoi.utils.checkpoints][INFO] - Saving metadata to inference-anemoi-by_time-epoch_013-step_050000/anemoi-metadata/ai-models.json
[2025-10-02 21:25:21,865][anemoi.utils.checkpoints][INFO] - Saving supporting array `latitudes` to inference-anemoi-by_time-epoch_013-step_050000/anemoi-metadata/latitudes.numpy (shape=(10944,), dtype=float64)
[2025-10-02 21:25:21,866][anemoi.utils.checkpoints][INFO] - Saving supporting array `longitudes` to inference-anemoi-by_time-epoch_013-step_050000/anemoi-metadata/longitudes.numpy (shape=(10944,), dtype=float64)
[2025-10-02 21:25:22,554][anemoi.utils.checkpoints][INFO] - Adding extra information to checkpoint /lus/h2resw01/scratch/momc/checkpoint/93fd21e1bb0d46af9efa0bdd0cc41f44/anemoi-by_time-epoch_013-step_050000.ckpt
[2025-10-02 21:25:22,554][anemoi.utils.checkpoints][INFO] - Saving metadata to archive/anemoi-metadata/ai-models.json
[2025-10-02 21:25:22,555][anemoi.utils.checkpoints][INFO] - Saving supporting array `latitudes` to archive/anemoi-metadata/latitudes.numpy (shape=(10944,), dtype=float64)
[2025-10-02 21:25:22,555][anemoi.utils.checkpoints][INFO] - Saving supporting array `longitudes` to archive/anemoi-metadata/longitudes.numpy (shape=(10944,), dtype=float64)
[2025-10-02 21:25:22,681][anemoi.utils.checkpoints][INFO] - Adding extra information to checkpoint /lus/h2resw01/scratch/momc/checkpoint/93fd21e1bb0d46af9efa0bdd0cc41f44/inference-last.ckpt
[2025-10-02 21:25:22,681][anemoi.utils.checkpoints][INFO] - Saving metadata to inference-last/anemoi-metadata/ai-models.json
[2025-10-02 21:25:22,683][anemoi.utils.checkpoints][INFO] - Saving supporting array `latitudes` to inference-last/anemoi-metadata/latitudes.numpy (shape=(10944,), dtype=float64)
[2025-10-02 21:25:22,683][anemoi.utils.checkpoints][INFO] - Saving supporting array `longitudes` to inference-last/anemoi-metadata/longitudes.numpy (shape=(10944,), dtype=float64)
[2025-10-02 21:25:23,411][anemoi.utils.checkpoints][INFO] - Adding extra information to checkpoint /lus/h2resw01/scratch/momc/checkpoint/93fd21e1bb0d46af9efa0bdd0cc41f44/last.ckpt
[2025-10-02 21:25:23,411][anemoi.utils.checkpoints][INFO] - Saving metadata to archive/anemoi-metadata/ai-models.json
[2025-10-02 21:25:23,412][anemoi.utils.checkpoints][INFO] - Saving supporting array `latitudes` to archive/anemoi-metadata/latitudes.numpy (shape=(10944,), dtype=float64)
[2025-10-02 21:25:23,413][anemoi.utils.checkpoints][INFO] - Saving supporting array `longitudes` to archive/anemoi-metadata/longitudes.numpy (shape=(10944,), dtype=float64)
[2025-10-02 21:25:23,524][anemoi.utils.checkpoints][INFO] - Adding extra information to checkpoint /lus/h2resw01/scratch/momc/checkpoint/93fd21e1bb0d46af9efa0bdd0cc41f44/inference-anemoi-by_epoch-epoch_013-step_050000.ckpt
[2025-10-02 21:25:23,524][anemoi.utils.checkpoints][INFO] - Saving metadata to inference-anemoi-by_epoch-epoch_013-step_050000/anemoi-metadata/ai-models.json
[2025-10-02 21:25:23,526][anemoi.utils.checkpoints][INFO] - Saving supporting array `latitudes` to inference-anemoi-by_epoch-epoch_013-step_050000/anemoi-metadata/latitudes.numpy (shape=(10944,), dtype=float64)
[2025-10-02 21:25:23,526][anemoi.utils.checkpoints][INFO] - Saving supporting array `longitudes` to inference-anemoi-by_epoch-epoch_013-step_050000/anemoi-metadata/longitudes.numpy (shape=(10944,), dtype=float64)
[2025-10-02 21:25:24,199][anemoi.utils.checkpoints][INFO] - Adding extra information to checkpoint /lus/h2resw01/scratch/momc/checkpoint/93fd21e1bb0d46af9efa0bdd0cc41f44/anemoi-by_epoch-epoch_013-step_050000.ckpt
[2025-10-02 21:25:24,199][anemoi.utils.checkpoints][INFO] - Saving metadata to archive/anemoi-metadata/ai-models.json
[2025-10-02 21:25:24,200][anemoi.utils.checkpoints][INFO] - Saving supporting array `latitudes` to archive/anemoi-metadata/latitudes.numpy (shape=(10944,), dtype=float64)
[2025-10-02 21:25:24,201][anemoi.utils.checkpoints][INFO] - Saving supporting array `longitudes` to archive/anemoi-metadata/longitudes.numpy (shape=(10944,), dtype=float64)
[2025-10-02 21:25:24,330][anemoi.utils.checkpoints][INFO] - Adding extra information to checkpoint /lus/h2resw01/scratch/momc/checkpoint/93fd21e1bb0d46af9efa0bdd0cc41f44/inference-last.ckpt
[2025-10-02 21:25:24,330][anemoi.utils.checkpoints][INFO] - Saving metadata to inference-last/anemoi-metadata/ai-models.json
[2025-10-02 21:25:24,331][anemoi.utils.checkpoints][INFO] - Saving supporting array `latitudes` to inference-last/anemoi-metadata/latitudes.numpy (shape=(10944,), dtype=float64)
[2025-10-02 21:25:24,331][anemoi.utils.checkpoints][INFO] - Saving supporting array `longitudes` to inference-last/anemoi-metadata/longitudes.numpy (shape=(10944,), dtype=float64)
[2025-10-02 21:25:25,068][anemoi.utils.checkpoints][INFO] - Adding extra information to checkpoint /lus/h2resw01/scratch/momc/checkpoint/93fd21e1bb0d46af9efa0bdd0cc41f44/last.ckpt
[2025-10-02 21:25:25,068][anemoi.utils.checkpoints][INFO] - Saving metadata to archive/anemoi-metadata/ai-models.json
[2025-10-02 21:25:25,069][anemoi.utils.checkpoints][INFO] - Saving supporting array `latitudes` to archive/anemoi-metadata/latitudes.numpy (shape=(10944,), dtype=float64)
[2025-10-02 21:25:25,070][anemoi.utils.checkpoints][INFO] - Saving supporting array `longitudes` to archive/anemoi-metadata/longitudes.numpy (shape=(10944,), dtype=float64)
[2025-10-02 21:25:25,384][anemoi.training.diagnostics.callbacks.plot][INFO] - Teardown of the Plot Callback ...
[2025-10-02 21:25:25,384][anemoi.training.diagnostics.callbacks.plot][INFO] - waiting and shutting down the executor ...
[2025-10-02 21:25:25,384][anemoi.training.diagnostics.callbacks.plot][INFO] - Teardown of the Plot Callback ...
[2025-10-02 21:25:25,384][anemoi.training.diagnostics.callbacks.plot][INFO] - waiting and shutting down the executor ...
[2025-10-02 21:25:25,385][anemoi.training.diagnostics.mlflow.logger][INFO] - Stopping terminal log monitoring and saving buffered terminal outputs. Final status: SUCCESS
[2025-10-02 21:25:25,392][anemoi.training.diagnostics.callbacks.plot][INFO] - Teardown of the Plot Callback ...
[2025-10-02 21:25:25,392][anemoi.training.diagnostics.callbacks.plot][INFO] - waiting and shutting down the executor ...
[2025-10-02 21:25:25,392][anemoi.training.diagnostics.callbacks.plot][INFO] - Teardown of the Plot Callback ...
[2025-10-02 21:25:25,393][anemoi.training.diagnostics.callbacks.plot][INFO] - waiting and shutting down the executor ...
[2025-10-02 21:25:25,418][anemoi.training.diagnostics.callbacks.plot][INFO] - Teardown of the Plot Callback ...
[2025-10-02 21:25:25,418][anemoi.training.diagnostics.callbacks.plot][INFO] - waiting and shutting down the executor ...
[2025-10-02 21:25:25,419][anemoi.training.diagnostics.callbacks.plot][INFO] - Teardown of the Plot Callback ...
[2025-10-02 21:25:25,419][anemoi.training.diagnostics.callbacks.plot][INFO] - waiting and shutting down the executor ...
[2025-10-02 21:25:25,428][anemoi.training.diagnostics.callbacks.plot][INFO] - Teardown of the Plot Callback ...
[2025-10-02 21:25:25,428][anemoi.training.diagnostics.callbacks.plot][INFO] - waiting and shutting down the executor ...
[2025-10-02 21:25:25,429][anemoi.training.diagnostics.callbacks.plot][INFO] - Teardown of the Plot Callback ...
[2025-10-02 21:25:25,429][anemoi.training.diagnostics.callbacks.plot][INFO] - waiting and shutting down the executor ...
