[2025-10-05 09:49:48,809][anemoi.training.train.train][INFO] - Skipping config validation.
[2025-10-05 09:49:48,811][anemoi.training.train.train][INFO] - Starting from checkpoint: False
[2025-10-05 09:49:48,811][anemoi.training.train.train][INFO] - Skipping config validation.
[2025-10-05 09:49:48,811][anemoi.training.train.train][INFO] - Skipping config validation.
[2025-10-05 09:49:48,811][anemoi.training.train.train][INFO] - Starting from checkpoint: False
[2025-10-05 09:49:48,811][anemoi.training.train.train][INFO] - Starting from checkpoint: False
[2025-10-05 09:49:48,811][anemoi.training.train.train][INFO] - Skipping config validation.
[2025-10-05 09:49:48,811][anemoi.training.train.train][INFO] - Run id: None
[2025-10-05 09:49:48,812][anemoi.training.train.train][INFO] - Starting from checkpoint: False
[2025-10-05 09:49:48,812][anemoi.training.train.train][INFO] - Run id: None
[2025-10-05 09:49:48,812][anemoi.training.train.train][INFO] - Run id: None
[2025-10-05 09:50:21,558][anemoi.training.diagnostics.logger][INFO] - Maximum number of params allowed to be logged is: 2000
[2025-10-05 09:50:21,558][anemoi.training.diagnostics.logger][INFO] - Maximum number of params allowed to be logged is: 2000
[2025-10-05 09:50:21,558][anemoi.training.diagnostics.logger][INFO] - Maximum number of params allowed to be logged is: 2000
[2025-10-05 09:50:21,558][anemoi.training.diagnostics.logger][INFO] - Maximum number of params allowed to be logged is: 2000
[2025-10-05 09:50:21,563][anemoi.training.diagnostics.mlflow.logger][INFO] - MLflow is logging offline.
[2025-10-05 09:50:21,768][anemoi.training.train.train][INFO] - Parent run server2server: None
[2025-10-05 09:50:21,768][anemoi.training.train.train][INFO] - Fork run server2server: None
[2025-10-05 09:50:21,768][anemoi.training.train.train][INFO] - Checkpoints path: /scratch/momc/checkpoint
[2025-10-05 09:50:21,769][anemoi.training.train.train][INFO] - Plots path: /scratch/momc/plots
[2025-10-05 09:50:21,769][anemoi.training.train.train][INFO] - Parent run server2server: None
[2025-10-05 09:50:21,769][anemoi.training.train.train][INFO] - Fork run server2server: None
[2025-10-05 09:50:21,769][anemoi.training.train.train][INFO] - Checkpoints path: /scratch/momc/checkpoint
[2025-10-05 09:50:21,769][anemoi.training.train.train][INFO] - Plots path: /scratch/momc/plots
[2025-10-05 09:50:21,769][anemoi.training.train.train][INFO] - Parent run server2server: None
[2025-10-05 09:50:21,770][anemoi.training.train.train][INFO] - Fork run server2server: None
[2025-10-05 09:50:21,770][anemoi.training.train.train][INFO] - Checkpoints path: /scratch/momc/checkpoint
[2025-10-05 09:50:21,770][anemoi.training.train.train][INFO] - Plots path: /scratch/momc/plots
[2025-10-05 09:50:24,470][anemoi.training.diagnostics.mlflow.logger][INFO] - Logging 1 parameters
[2025-10-05 09:50:24,478][anemoi.training.diagnostics.mlflow.logger][INFO] - Terminal Log Path: /scratch/momc/plots/bdb69e0cd85140cfbc495d0ab90079a8/plots/terminal_log.txt
[2025-10-05 09:50:24,478][anemoi.training.diagnostics.mlflow.logger][INFO] - SLURM job id: 36073970
[2025-10-05 09:50:24,478][anemoi.training.train.train][INFO] - Mlflow Run id: bdb69e0cd85140cfbc495d0ab90079a8
[2025-10-05 09:50:24,478][anemoi.training.train.train][INFO] - Run id: bdb69e0cd85140cfbc495d0ab90079a8
[2025-10-05 09:50:24,478][anemoi.training.train.train][INFO] - Parent run server2server: None
[2025-10-05 09:50:24,479][anemoi.training.train.train][INFO] - Fork run server2server: None
[2025-10-05 09:50:24,479][anemoi.training.train.train][INFO] - Checkpoints path: /scratch/momc/checkpoint/bdb69e0cd85140cfbc495d0ab90079a8
[2025-10-05 09:50:24,479][anemoi.training.train.train][INFO] - Plots path: /scratch/momc/plots/bdb69e0cd85140cfbc495d0ab90079a8
[2025-10-05 09:50:24,479][anemoi.training.train.train][INFO] - Dry run: False
[2025-10-05 09:50:44,844][anemoi.graphs.nodes.builders.from_file][INFO] - Reading the dataset from /home/mlx/ai-ml/datasets//aifs-ea-an-oper-0001-mars-o48-1979-2022-6h-v6.zarr.
[2025-10-05 09:50:44,844][anemoi.graphs.nodes.builders.from_file][INFO] - Reading the dataset from /home/mlx/ai-ml/datasets//aifs-ea-an-oper-0001-mars-o48-1979-2022-6h-v6.zarr.
[2025-10-05 09:50:44,844][anemoi.graphs.nodes.builders.from_file][INFO] - Reading the dataset from /home/mlx/ai-ml/datasets//aifs-ea-an-oper-0001-mars-o48-1979-2022-6h-v6.zarr.
[2025-10-05 09:50:44,844][anemoi.graphs.nodes.builders.from_file][INFO] - Reading the dataset from /home/mlx/ai-ml/datasets//aifs-ea-an-oper-0001-mars-o48-1979-2022-6h-v6.zarr.
[2025-10-05 09:50:51,520][anemoi.graphs.edges.builders.cutoff][INFO] - Using CutOff-Edges (with radius = 208.3 km) between data and hidden.
[2025-10-05 09:50:51,520][anemoi.graphs.edges.builders.cutoff][INFO] - Using CutOff-Edges (with radius = 208.3 km) between data and hidden.
[2025-10-05 09:50:51,520][anemoi.graphs.edges.builders.cutoff][INFO] - Using CutOff-Edges (with radius = 208.3 km) between data and hidden.
[2025-10-05 09:50:51,520][anemoi.graphs.edges.builders.cutoff][INFO] - Using CutOff-Edges (with radius = 208.3 km) between data and hidden.
[2025-10-05 09:50:51,916][anemoi.graphs.edges.builders.base][WARNING] - The 'torch-cluster' library is not installed. Installing 'torch-cluster' can significantly improve performance for graph creation. You can install it using 'pip install torch-cluster'.
[2025-10-05 09:50:51,916][anemoi.graphs.edges.builders.base][WARNING] - The 'torch-cluster' library is not installed. Installing 'torch-cluster' can significantly improve performance for graph creation. You can install it using 'pip install torch-cluster'.
[2025-10-05 09:50:51,916][anemoi.graphs.edges.builders.base][WARNING] - The 'torch-cluster' library is not installed. Installing 'torch-cluster' can significantly improve performance for graph creation. You can install it using 'pip install torch-cluster'.
[2025-10-05 09:50:51,916][anemoi.graphs.edges.builders.base][WARNING] - The 'torch-cluster' library is not installed. Installing 'torch-cluster' can significantly improve performance for graph creation. You can install it using 'pip install torch-cluster'.
[2025-10-05 09:50:57,350][anemoi.graphs.edges.builders.knn][INFO] - Using KNN-Edges (with 3 nearest neighbours) between hidden and data.
[2025-10-05 09:50:57,350][anemoi.graphs.edges.builders.knn][INFO] - Using KNN-Edges (with 3 nearest neighbours) between hidden and data.
[2025-10-05 09:50:57,350][anemoi.graphs.edges.builders.knn][INFO] - Using KNN-Edges (with 3 nearest neighbours) between hidden and data.
[2025-10-05 09:50:57,350][anemoi.graphs.edges.builders.knn][INFO] - Using KNN-Edges (with 3 nearest neighbours) between hidden and data.
[2025-10-05 09:50:57,351][anemoi.graphs.edges.builders.base][WARNING] - The 'torch-cluster' library is not installed. Installing 'torch-cluster' can significantly improve performance for graph creation. You can install it using 'pip install torch-cluster'.
[2025-10-05 09:50:57,351][anemoi.graphs.edges.builders.base][WARNING] - The 'torch-cluster' library is not installed. Installing 'torch-cluster' can significantly improve performance for graph creation. You can install it using 'pip install torch-cluster'.
[2025-10-05 09:50:57,351][anemoi.graphs.edges.builders.base][WARNING] - The 'torch-cluster' library is not installed. Installing 'torch-cluster' can significantly improve performance for graph creation. You can install it using 'pip install torch-cluster'.
[2025-10-05 09:50:57,351][anemoi.graphs.edges.builders.base][WARNING] - The 'torch-cluster' library is not installed. Installing 'torch-cluster' can significantly improve performance for graph creation. You can install it using 'pip install torch-cluster'.
[2025-10-05 09:50:57,371][anemoi.graphs.create][INFO] - Cleaning graph.
[2025-10-05 09:50:57,371][anemoi.graphs.create][INFO] - _grid_reference_distance deleted from graph.
[2025-10-05 09:50:57,371][anemoi.graphs.create][INFO] - _dataset deleted from graph.
[2025-10-05 09:50:57,371][anemoi.graphs.create][INFO] - _grid_reference_distance deleted from graph.
[2025-10-05 09:50:57,381][anemoi.graphs.create][INFO] - Cleaning graph.
[2025-10-05 09:50:57,381][anemoi.graphs.create][INFO] - _grid_reference_distance deleted from graph.
[2025-10-05 09:50:57,382][anemoi.graphs.create][INFO] - _dataset deleted from graph.
[2025-10-05 09:50:57,382][anemoi.graphs.create][INFO] - _grid_reference_distance deleted from graph.
[2025-10-05 09:50:57,382][anemoi.graphs.create][INFO] - Cleaning graph.
[2025-10-05 09:50:57,382][anemoi.graphs.create][INFO] - Cleaning graph.
[2025-10-05 09:50:57,382][anemoi.graphs.create][INFO] - _grid_reference_distance deleted from graph.
[2025-10-05 09:50:57,382][anemoi.graphs.create][INFO] - _grid_reference_distance deleted from graph.
[2025-10-05 09:50:57,382][anemoi.graphs.create][INFO] - _dataset deleted from graph.
[2025-10-05 09:50:57,382][anemoi.graphs.create][INFO] - _dataset deleted from graph.
[2025-10-05 09:50:57,382][anemoi.graphs.create][INFO] - _grid_reference_distance deleted from graph.
[2025-10-05 09:50:57,382][anemoi.graphs.create][INFO] - _grid_reference_distance deleted from graph.
[2025-10-05 09:50:57,443][anemoi.graphs.create][INFO] - Graph saved at /scratch/momc/graphs/graph_o32.pt.
[2025-10-05 09:50:57,443][anemoi.graphs.create][INFO] - Graph saved at /scratch/momc/graphs/graph_o32.pt.
[2025-10-05 09:50:57,444][anemoi.graphs.create][INFO] - Graph saved at /scratch/momc/graphs/graph_o32.pt.
[2025-10-05 09:50:57,444][anemoi.graphs.create][INFO] - Graph saved at /scratch/momc/graphs/graph_o32.pt.
[2025-10-05 09:50:58,674][anemoi.training.data.datamodule.singledatamodule][WARNING] - Falling back rollout to: 1
[2025-10-05 09:50:58,674][anemoi.training.data.datamodule.singledatamodule][WARNING] - Falling back rollout to: 1
[2025-10-05 09:50:58,675][anemoi.training.data.datamodule.singledatamodule][INFO] - Timeincrement set to 1 for data with frequency, 21600, and timestep, 21600
[2025-10-05 09:50:58,675][anemoi.training.data.datamodule.singledatamodule][INFO] - Timeincrement set to 1 for data with frequency, 21600, and timestep, 21600
[2025-10-05 09:50:58,675][anemoi.training.data.datamodule.singledatamodule][WARNING] - Falling back rollout to: 1
[2025-10-05 09:50:58,675][anemoi.training.data.datamodule.singledatamodule][WARNING] - Falling back rollout to: 1
[2025-10-05 09:50:58,676][anemoi.training.data.datamodule.singledatamodule][INFO] - Timeincrement set to 1 for data with frequency, 21600, and timestep, 21600
[2025-10-05 09:50:58,676][anemoi.training.data.datamodule.singledatamodule][INFO] - Timeincrement set to 1 for data with frequency, 21600, and timestep, 21600
[2025-10-05 09:50:58,678][anemoi.training.train.train][INFO] - Number of data variables: 101
[2025-10-05 09:50:58,678][anemoi.training.train.train][INFO] - Variables: ['q_50', 'q_100', 'q_150', 'q_200', 'q_250', 'q_300', 'q_400', 'q_500', 'q_600', 'q_700', 'q_850', 'q_925', 'q_1000', 't_50', 't_100', 't_150', 't_200', 't_250', 't_300', 't_400', 't_500', 't_600', 't_700', 't_850', 't_925', 't_1000', 'u_50', 'u_100', 'u_150', 'u_200', 'u_250', 'u_300', 'u_400', 'u_500', 'u_600', 'u_700', 'u_850', 'u_925', 'u_1000', 'v_50', 'v_100', 'v_150', 'v_200', 'v_250', 'v_300', 'v_400', 'v_500', 'v_600', 'v_700', 'v_850', 'v_925', 'v_1000', 'w_50', 'w_100', 'w_150', 'w_200', 'w_250', 'w_300', 'w_400', 'w_500', 'w_600', 'w_700', 'w_850', 'w_925', 'w_1000', 'z_50', 'z_100', 'z_150', 'z_200', 'z_250', 'z_300', 'z_400', 'z_500', 'z_600', 'z_700', 'z_850', 'z_925', 'z_1000', '10u', '10v', '2d', '2t', 'lsm', 'msl', 'sdor', 'skt', 'slor', 'sp', 'tcw', 'z', 'cp', 'tp', 'cos_latitude', 'cos_longitude', 'sin_latitude', 'sin_longitude', 'cos_julian_day', 'cos_local_time', 'sin_julian_day', 'sin_local_time', 'insolation']
[2025-10-05 09:50:58,678][anemoi.training.train.train][INFO] - Total number of prognostic variables: 88
[2025-10-05 09:50:58,678][anemoi.training.train.train][INFO] - Total number of auxiliary variables: 13
[2025-10-05 09:50:58,678][anemoi.training.train.train][INFO] - Number of data variables: 101
[2025-10-05 09:50:58,678][anemoi.training.train.train][INFO] - Number of data variables: 101
[2025-10-05 09:50:58,678][anemoi.training.train.train][INFO] - Variables: ['q_50', 'q_100', 'q_150', 'q_200', 'q_250', 'q_300', 'q_400', 'q_500', 'q_600', 'q_700', 'q_850', 'q_925', 'q_1000', 't_50', 't_100', 't_150', 't_200', 't_250', 't_300', 't_400', 't_500', 't_600', 't_700', 't_850', 't_925', 't_1000', 'u_50', 'u_100', 'u_150', 'u_200', 'u_250', 'u_300', 'u_400', 'u_500', 'u_600', 'u_700', 'u_850', 'u_925', 'u_1000', 'v_50', 'v_100', 'v_150', 'v_200', 'v_250', 'v_300', 'v_400', 'v_500', 'v_600', 'v_700', 'v_850', 'v_925', 'v_1000', 'w_50', 'w_100', 'w_150', 'w_200', 'w_250', 'w_300', 'w_400', 'w_500', 'w_600', 'w_700', 'w_850', 'w_925', 'w_1000', 'z_50', 'z_100', 'z_150', 'z_200', 'z_250', 'z_300', 'z_400', 'z_500', 'z_600', 'z_700', 'z_850', 'z_925', 'z_1000', '10u', '10v', '2d', '2t', 'lsm', 'msl', 'sdor', 'skt', 'slor', 'sp', 'tcw', 'z', 'cp', 'tp', 'cos_latitude', 'cos_longitude', 'sin_latitude', 'sin_longitude', 'cos_julian_day', 'cos_local_time', 'sin_julian_day', 'sin_local_time', 'insolation']
[2025-10-05 09:50:58,678][anemoi.training.train.train][INFO] - Variables: ['q_50', 'q_100', 'q_150', 'q_200', 'q_250', 'q_300', 'q_400', 'q_500', 'q_600', 'q_700', 'q_850', 'q_925', 'q_1000', 't_50', 't_100', 't_150', 't_200', 't_250', 't_300', 't_400', 't_500', 't_600', 't_700', 't_850', 't_925', 't_1000', 'u_50', 'u_100', 'u_150', 'u_200', 'u_250', 'u_300', 'u_400', 'u_500', 'u_600', 'u_700', 'u_850', 'u_925', 'u_1000', 'v_50', 'v_100', 'v_150', 'v_200', 'v_250', 'v_300', 'v_400', 'v_500', 'v_600', 'v_700', 'v_850', 'v_925', 'v_1000', 'w_50', 'w_100', 'w_150', 'w_200', 'w_250', 'w_300', 'w_400', 'w_500', 'w_600', 'w_700', 'w_850', 'w_925', 'w_1000', 'z_50', 'z_100', 'z_150', 'z_200', 'z_250', 'z_300', 'z_400', 'z_500', 'z_600', 'z_700', 'z_850', 'z_925', 'z_1000', '10u', '10v', '2d', '2t', 'lsm', 'msl', 'sdor', 'skt', 'slor', 'sp', 'tcw', 'z', 'cp', 'tp', 'cos_latitude', 'cos_longitude', 'sin_latitude', 'sin_longitude', 'cos_julian_day', 'cos_local_time', 'sin_julian_day', 'sin_local_time', 'insolation']
[2025-10-05 09:50:58,678][anemoi.training.train.train][INFO] - Number of data variables: 101
[2025-10-05 09:50:58,678][anemoi.training.train.train][INFO] - Total GPU count / model group size: 4 - NB: the learning rate will be scaled by this factor!
[2025-10-05 09:50:58,678][anemoi.training.train.train][INFO] - Total number of prognostic variables: 88
[2025-10-05 09:50:58,678][anemoi.training.train.train][INFO] - Total number of prognostic variables: 88
[2025-10-05 09:50:58,678][anemoi.training.train.train][INFO] - Variables: ['q_50', 'q_100', 'q_150', 'q_200', 'q_250', 'q_300', 'q_400', 'q_500', 'q_600', 'q_700', 'q_850', 'q_925', 'q_1000', 't_50', 't_100', 't_150', 't_200', 't_250', 't_300', 't_400', 't_500', 't_600', 't_700', 't_850', 't_925', 't_1000', 'u_50', 'u_100', 'u_150', 'u_200', 'u_250', 'u_300', 'u_400', 'u_500', 'u_600', 'u_700', 'u_850', 'u_925', 'u_1000', 'v_50', 'v_100', 'v_150', 'v_200', 'v_250', 'v_300', 'v_400', 'v_500', 'v_600', 'v_700', 'v_850', 'v_925', 'v_1000', 'w_50', 'w_100', 'w_150', 'w_200', 'w_250', 'w_300', 'w_400', 'w_500', 'w_600', 'w_700', 'w_850', 'w_925', 'w_1000', 'z_50', 'z_100', 'z_150', 'z_200', 'z_250', 'z_300', 'z_400', 'z_500', 'z_600', 'z_700', 'z_850', 'z_925', 'z_1000', '10u', '10v', '2d', '2t', 'lsm', 'msl', 'sdor', 'skt', 'slor', 'sp', 'tcw', 'z', 'cp', 'tp', 'cos_latitude', 'cos_longitude', 'sin_latitude', 'sin_longitude', 'cos_julian_day', 'cos_local_time', 'sin_julian_day', 'sin_local_time', 'insolation']
[2025-10-05 09:50:58,678][anemoi.training.train.train][INFO] - Effective learning rate: 4.000e-03
[2025-10-05 09:50:58,678][anemoi.training.train.train][INFO] - Total number of auxiliary variables: 13
[2025-10-05 09:50:58,678][anemoi.training.train.train][INFO] - Total number of auxiliary variables: 13
[2025-10-05 09:50:58,678][anemoi.training.train.train][INFO] - Total number of prognostic variables: 88
[2025-10-05 09:50:58,678][anemoi.training.train.train][INFO] - Total number of auxiliary variables: 13
[2025-10-05 09:50:58,678][anemoi.training.train.train][INFO] - Total GPU count / model group size: 4 - NB: the learning rate will be scaled by this factor!
[2025-10-05 09:50:58,678][anemoi.training.train.train][INFO] - Total GPU count / model group size: 4 - NB: the learning rate will be scaled by this factor!
[2025-10-05 09:50:58,678][anemoi.training.train.train][INFO] - Total GPU count / model group size: 4 - NB: the learning rate will be scaled by this factor!
[2025-10-05 09:50:58,679][anemoi.training.train.train][INFO] - Effective learning rate: 4.000e-03
[2025-10-05 09:50:58,679][anemoi.training.train.train][INFO] - Effective learning rate: 4.000e-03
[2025-10-05 09:50:58,679][anemoi.training.train.train][INFO] - Effective learning rate: 4.000e-03
[2025-10-05 09:51:24,123][anemoi.training.diagnostics.callbacks.plot][INFO] - Setting up asynchronous plotting ...
[2025-10-05 09:51:24,123][anemoi.training.diagnostics.callbacks.plot][INFO] - Setting up asynchronous plotting ...
[2025-10-05 09:51:24,123][anemoi.training.diagnostics.callbacks.plot][INFO] - Setting up asynchronous plotting ...
[2025-10-05 09:51:24,123][anemoi.training.diagnostics.callbacks.plot][INFO] - Setting up asynchronous plotting ...
[2025-10-05 09:51:24,200][anemoi.training.diagnostics.callbacks.plot][INFO] - Setting up asynchronous plotting ...
[2025-10-05 09:51:24,200][anemoi.training.diagnostics.callbacks.plot][INFO] - Setting up asynchronous plotting ...
[2025-10-05 09:51:24,200][anemoi.training.diagnostics.callbacks.plot][INFO] - Setting up asynchronous plotting ...
[2025-10-05 09:51:24,200][anemoi.training.diagnostics.callbacks.plot][INFO] - Setting up asynchronous plotting ...
[2025-10-05 09:51:24,200][anemoi.training.diagnostics.callbacks.plot][INFO] - Using defined accumulation colormap for fields: ['tp', 'cp']
[2025-10-05 09:51:24,200][anemoi.training.diagnostics.callbacks.plot][INFO] - Using defined accumulation colormap for fields: ['tp', 'cp']
[2025-10-05 09:51:24,200][anemoi.training.diagnostics.callbacks.plot][INFO] - Using defined accumulation colormap for fields: ['tp', 'cp']
[2025-10-05 09:51:24,201][anemoi.training.diagnostics.callbacks.plot][INFO] - Using defined accumulation colormap for fields: ['tp', 'cp']
[2025-10-05 09:51:24,284][anemoi.models.migrations.migrator][INFO] - Loading migration 1755530253_initial
[2025-10-05 09:51:24,284][anemoi.models.migrations.migrator][INFO] - Loading migration 1755530253_initial
[2025-10-05 09:51:24,284][anemoi.models.migrations.migrator][INFO] - Loading migration 1755530253_initial
[2025-10-05 09:51:24,284][anemoi.models.migrations.migrator][INFO] - Loading migration 1755530253_initial
[2025-10-05 09:51:24,433][anemoi.training.train.train][INFO] - MLFlow logger enabled
[2025-10-05 09:51:24,433][anemoi.training.train.train][INFO] - MLFlow logger enabled
[2025-10-05 09:51:24,433][anemoi.training.train.train][INFO] - MLFlow logger enabled
[2025-10-05 09:51:24,434][anemoi.training.train.train][INFO] - MLFlow logger enabled
[2025-10-05 09:51:24,437][pytorch_lightning.utilities.rank_zero][INFO] - Using 16bit Automatic Mixed Precision (AMP)
[2025-10-05 09:51:24,452][pytorch_lightning.utilities.rank_zero][INFO] - GPU available: True (cuda), used: True
[2025-10-05 09:51:24,452][pytorch_lightning.utilities.rank_zero][INFO] - TPU available: False, using: 0 TPU cores
[2025-10-05 09:51:24,452][pytorch_lightning.utilities.rank_zero][INFO] - HPU available: False, using: 0 HPUs
[2025-10-05 09:51:24,556][lightning_fabric.utilities.seed][INFO] - [rank: 1] Seed set to 36073970
[2025-10-05 09:51:24,556][lightning_fabric.utilities.seed][INFO] - [rank: 2] Seed set to 36073970
[2025-10-05 09:51:24,556][lightning_fabric.utilities.seed][INFO] - [rank: 3] Seed set to 36073970
[2025-10-05 09:51:24,557][lightning_fabric.utilities.seed][INFO] - [rank: 0] Seed set to 36073970
[2025-10-05 09:51:24,617][anemoi.training.train.train][INFO] - Initial seed: Rank 2, initial seed 36073970, running with random seed: 36073970
[2025-10-05 09:51:24,617][anemoi.training.train.train][INFO] - Initial seed: Rank 3, initial seed 36073970, running with random seed: 36073970
[2025-10-05 09:51:24,617][anemoi.training.train.train][INFO] - Initial seed: Rank 1, initial seed 36073970, running with random seed: 36073970
[2025-10-05 09:51:24,617][anemoi.training.train.train][INFO] - Initial seed: Rank 0, initial seed 36073970, running with random seed: 36073970
[2025-10-05 09:52:11,614][anemoi.models.preprocessing.normalizer][INFO] - Normalizing: lsm is not normalized.
[2025-10-05 09:52:11,615][anemoi.models.preprocessing.normalizer][INFO] - Normalizing: lsm is not normalized.
[2025-10-05 09:52:11,615][anemoi.models.preprocessing.normalizer][INFO] - Normalizing: cos_latitude is not normalized.
[2025-10-05 09:52:11,615][anemoi.models.preprocessing.normalizer][INFO] - Normalizing: cos_latitude is not normalized.
[2025-10-05 09:52:11,615][anemoi.models.preprocessing.normalizer][INFO] - Normalizing: cos_longitude is not normalized.
[2025-10-05 09:52:11,615][anemoi.models.preprocessing.normalizer][INFO] - Normalizing: cos_longitude is not normalized.
[2025-10-05 09:52:11,615][anemoi.models.preprocessing.normalizer][INFO] - Normalizing: lsm is not normalized.
[2025-10-05 09:52:11,615][anemoi.models.preprocessing.normalizer][INFO] - Normalizing: sin_latitude is not normalized.
[2025-10-05 09:52:11,615][anemoi.models.preprocessing.normalizer][INFO] - Normalizing: sin_latitude is not normalized.
[2025-10-05 09:52:11,615][anemoi.models.preprocessing.normalizer][INFO] - Normalizing: cos_latitude is not normalized.
[2025-10-05 09:52:11,615][anemoi.models.preprocessing.normalizer][INFO] - Normalizing: sin_longitude is not normalized.
[2025-10-05 09:52:11,615][anemoi.models.preprocessing.normalizer][INFO] - Normalizing: sin_longitude is not normalized.
[2025-10-05 09:52:11,615][anemoi.models.preprocessing.normalizer][INFO] - Normalizing: cos_longitude is not normalized.
[2025-10-05 09:52:11,615][anemoi.models.preprocessing.normalizer][INFO] - Normalizing: cos_julian_day is not normalized.
[2025-10-05 09:52:11,615][anemoi.models.preprocessing.normalizer][INFO] - Normalizing: lsm is not normalized.
[2025-10-05 09:52:11,615][anemoi.models.preprocessing.normalizer][INFO] - Normalizing: sin_latitude is not normalized.
[2025-10-05 09:52:11,615][anemoi.models.preprocessing.normalizer][INFO] - Normalizing: cos_julian_day is not normalized.
[2025-10-05 09:52:11,615][anemoi.models.preprocessing.normalizer][INFO] - Normalizing: cos_local_time is not normalized.
[2025-10-05 09:52:11,615][anemoi.models.preprocessing.normalizer][INFO] - Normalizing: sin_longitude is not normalized.
[2025-10-05 09:52:11,615][anemoi.models.preprocessing.normalizer][INFO] - Normalizing: cos_latitude is not normalized.
[2025-10-05 09:52:11,615][anemoi.models.preprocessing.normalizer][INFO] - Normalizing: cos_local_time is not normalized.
[2025-10-05 09:52:11,615][anemoi.models.preprocessing.normalizer][INFO] - Normalizing: sin_julian_day is not normalized.
[2025-10-05 09:52:11,615][anemoi.models.preprocessing.normalizer][INFO] - Normalizing: cos_julian_day is not normalized.
[2025-10-05 09:52:11,615][anemoi.models.preprocessing.normalizer][INFO] - Normalizing: cos_longitude is not normalized.
[2025-10-05 09:52:11,615][anemoi.models.preprocessing.normalizer][INFO] - Normalizing: sin_julian_day is not normalized.
[2025-10-05 09:52:11,615][anemoi.models.preprocessing.normalizer][INFO] - Normalizing: sin_local_time is not normalized.
[2025-10-05 09:52:11,615][anemoi.models.preprocessing.normalizer][INFO] - Normalizing: cos_local_time is not normalized.
[2025-10-05 09:52:11,615][anemoi.models.preprocessing.normalizer][INFO] - Normalizing: sin_latitude is not normalized.
[2025-10-05 09:52:11,615][anemoi.models.preprocessing.normalizer][INFO] - Normalizing: sin_local_time is not normalized.
[2025-10-05 09:52:11,615][anemoi.models.preprocessing.normalizer][INFO] - Normalizing: insolation is not normalized.
[2025-10-05 09:52:11,615][anemoi.models.preprocessing.normalizer][INFO] - Normalizing: sin_julian_day is not normalized.
[2025-10-05 09:52:11,615][anemoi.models.preprocessing.normalizer][INFO] - Normalizing: sin_longitude is not normalized.
[2025-10-05 09:52:11,615][anemoi.models.preprocessing.normalizer][INFO] - Normalizing: insolation is not normalized.
[2025-10-05 09:52:11,615][anemoi.models.preprocessing.normalizer][INFO] - Normalizing: sin_local_time is not normalized.
[2025-10-05 09:52:11,615][anemoi.models.preprocessing.normalizer][INFO] - Normalizing: cos_julian_day is not normalized.
[2025-10-05 09:52:11,615][anemoi.models.preprocessing.normalizer][INFO] - Normalizing: insolation is not normalized.
[2025-10-05 09:52:11,615][anemoi.models.preprocessing.normalizer][INFO] - Normalizing: cos_local_time is not normalized.
[2025-10-05 09:52:11,615][anemoi.models.preprocessing.normalizer][INFO] - Normalizing: sin_julian_day is not normalized.
[2025-10-05 09:52:11,616][anemoi.models.preprocessing.normalizer][INFO] - Normalizing: sin_local_time is not normalized.
[2025-10-05 09:52:11,616][anemoi.models.preprocessing.normalizer][INFO] - Normalizing: insolation is not normalized.
[2025-10-05 09:52:12,034][anemoi.models.layers.utils][INFO] - Linear kernel: torch.nn.Linear.
[2025-10-05 09:52:12,034][anemoi.models.layers.utils][INFO] - Linear kernel: torch.nn.Linear.
[2025-10-05 09:52:12,034][anemoi.models.layers.utils][INFO] - Linear kernel: torch.nn.Linear.
[2025-10-05 09:52:12,034][anemoi.models.layers.utils][INFO] - Linear kernel: torch.nn.Linear.
[2025-10-05 09:52:12,035][anemoi.models.layers.utils][INFO] - LayerNorm kernel: torch.nn.LayerNorm.
[2025-10-05 09:52:12,035][anemoi.models.layers.utils][INFO] - LayerNorm kernel: torch.nn.LayerNorm.
[2025-10-05 09:52:12,035][anemoi.models.layers.utils][INFO] - LayerNorm kernel: torch.nn.LayerNorm.
[2025-10-05 09:52:12,035][anemoi.models.layers.utils][INFO] - LayerNorm kernel: torch.nn.LayerNorm.
[2025-10-05 09:52:12,035][anemoi.models.layers.utils][INFO] - Activation kernel: torch.nn.GELU.
[2025-10-05 09:52:12,036][anemoi.models.layers.utils][INFO] - Activation kernel: torch.nn.GELU.
[2025-10-05 09:52:12,036][anemoi.models.layers.utils][INFO] - Activation kernel: torch.nn.GELU.
[2025-10-05 09:52:12,036][anemoi.models.layers.utils][INFO] - Activation kernel: torch.nn.GELU.
[2025-10-05 09:52:12,071][anemoi.models.layers.utils][INFO] - QueryNorm kernel: anemoi.models.layers.normalization.AutocastLayerNorm.
[2025-10-05 09:52:12,071][anemoi.models.layers.utils][INFO] - QueryNorm kernel: anemoi.models.layers.normalization.AutocastLayerNorm.
[2025-10-05 09:52:12,071][anemoi.models.layers.utils][INFO] - QueryNorm kernel: anemoi.models.layers.normalization.AutocastLayerNorm.
[2025-10-05 09:52:12,071][anemoi.models.layers.utils][INFO] - QueryNorm kernel: anemoi.models.layers.normalization.AutocastLayerNorm.
[2025-10-05 09:52:12,072][anemoi.models.layers.utils][INFO] - KeyNorm kernel: anemoi.models.layers.normalization.AutocastLayerNorm.
[2025-10-05 09:52:12,072][anemoi.models.layers.utils][INFO] - KeyNorm kernel: anemoi.models.layers.normalization.AutocastLayerNorm.
[2025-10-05 09:52:12,072][anemoi.models.layers.utils][INFO] - KeyNorm kernel: anemoi.models.layers.normalization.AutocastLayerNorm.
[2025-10-05 09:52:12,072][anemoi.models.layers.utils][INFO] - KeyNorm kernel: anemoi.models.layers.normalization.AutocastLayerNorm.
[2025-10-05 09:52:12,211][anemoi.models.layers.utils][INFO] - Linear kernel: torch.nn.Linear.
[2025-10-05 09:52:12,211][anemoi.models.layers.utils][INFO] - Linear kernel: torch.nn.Linear.
[2025-10-05 09:52:12,211][anemoi.models.layers.utils][INFO] - Linear kernel: torch.nn.Linear.
[2025-10-05 09:52:12,211][anemoi.models.layers.utils][INFO] - Linear kernel: torch.nn.Linear.
[2025-10-05 09:52:12,212][anemoi.models.layers.utils][INFO] - LayerNorm kernel: torch.nn.LayerNorm.
[2025-10-05 09:52:12,212][anemoi.models.layers.utils][INFO] - LayerNorm kernel: torch.nn.LayerNorm.
[2025-10-05 09:52:12,212][anemoi.models.layers.utils][INFO] - LayerNorm kernel: torch.nn.LayerNorm.
[2025-10-05 09:52:12,212][anemoi.models.layers.utils][INFO] - LayerNorm kernel: torch.nn.LayerNorm.
[2025-10-05 09:52:12,212][anemoi.models.layers.utils][INFO] - Activation kernel: torch.nn.GELU.
[2025-10-05 09:52:12,212][anemoi.models.layers.utils][INFO] - Activation kernel: torch.nn.GELU.
[2025-10-05 09:52:12,212][anemoi.models.layers.utils][INFO] - Activation kernel: torch.nn.GELU.
[2025-10-05 09:52:12,213][anemoi.models.layers.utils][INFO] - Activation kernel: torch.nn.GELU.
[2025-10-05 09:52:12,213][anemoi.models.layers.utils][INFO] - QueryNorm kernel: anemoi.models.layers.normalization.AutocastLayerNorm.
[2025-10-05 09:52:12,213][anemoi.models.layers.utils][INFO] - QueryNorm kernel: anemoi.models.layers.normalization.AutocastLayerNorm.
[2025-10-05 09:52:12,213][anemoi.models.layers.utils][INFO] - QueryNorm kernel: anemoi.models.layers.normalization.AutocastLayerNorm.
[2025-10-05 09:52:12,213][anemoi.models.layers.utils][INFO] - QueryNorm kernel: anemoi.models.layers.normalization.AutocastLayerNorm.
[2025-10-05 09:52:12,214][anemoi.models.layers.utils][INFO] - KeyNorm kernel: anemoi.models.layers.normalization.AutocastLayerNorm.
[2025-10-05 09:52:12,214][anemoi.models.layers.utils][INFO] - KeyNorm kernel: anemoi.models.layers.normalization.AutocastLayerNorm.
[2025-10-05 09:52:12,214][anemoi.models.layers.utils][INFO] - KeyNorm kernel: anemoi.models.layers.normalization.AutocastLayerNorm.
[2025-10-05 09:52:12,214][anemoi.models.layers.utils][INFO] - KeyNorm kernel: anemoi.models.layers.normalization.AutocastLayerNorm.
[2025-10-05 09:52:13,022][anemoi.models.layers.attention][INFO] - Using flash attention v2
[2025-10-05 09:52:13,022][anemoi.models.layers.attention][INFO] - Using flash attention v2
[2025-10-05 09:52:13,023][anemoi.models.layers.attention][INFO] - Using flash attention v2
[2025-10-05 09:52:13,023][anemoi.models.layers.attention][INFO] - Using flash attention v2
[2025-10-05 09:52:13,028][anemoi.models.layers.attention][INFO] - Using flash attention v2
[2025-10-05 09:52:13,029][anemoi.models.layers.attention][INFO] - Using flash attention v2
[2025-10-05 09:52:13,029][anemoi.models.layers.attention][INFO] - Using flash attention v2
[2025-10-05 09:52:13,030][anemoi.models.layers.attention][INFO] - Using flash attention v2
[2025-10-05 09:52:13,034][anemoi.models.layers.attention][INFO] - Using flash attention v2
[2025-10-05 09:52:13,034][anemoi.models.layers.attention][INFO] - Using flash attention v2
[2025-10-05 09:52:13,034][anemoi.models.layers.attention][INFO] - Using flash attention v2
[2025-10-05 09:52:13,035][anemoi.models.layers.attention][INFO] - Using flash attention v2
[2025-10-05 09:52:13,039][anemoi.models.layers.attention][INFO] - Using flash attention v2
[2025-10-05 09:52:13,039][anemoi.models.layers.attention][INFO] - Using flash attention v2
[2025-10-05 09:52:13,040][anemoi.models.layers.attention][INFO] - Using flash attention v2
[2025-10-05 09:52:13,041][anemoi.models.layers.attention][INFO] - Using flash attention v2
[2025-10-05 09:52:13,045][anemoi.models.layers.attention][INFO] - Using flash attention v2
[2025-10-05 09:52:13,045][anemoi.models.layers.attention][INFO] - Using flash attention v2
[2025-10-05 09:52:13,045][anemoi.models.layers.attention][INFO] - Using flash attention v2
[2025-10-05 09:52:13,046][anemoi.models.layers.attention][INFO] - Using flash attention v2
[2025-10-05 09:52:13,050][anemoi.models.layers.attention][INFO] - Using flash attention v2
[2025-10-05 09:52:13,050][anemoi.models.layers.attention][INFO] - Using flash attention v2
[2025-10-05 09:52:13,050][anemoi.models.layers.attention][INFO] - Using flash attention v2
[2025-10-05 09:52:13,051][anemoi.models.layers.attention][INFO] - Using flash attention v2
[2025-10-05 09:52:13,056][anemoi.models.layers.attention][INFO] - Using flash attention v2
[2025-10-05 09:52:13,056][anemoi.models.layers.attention][INFO] - Using flash attention v2
[2025-10-05 09:52:13,056][anemoi.models.layers.attention][INFO] - Using flash attention v2
[2025-10-05 09:52:13,057][anemoi.models.layers.attention][INFO] - Using flash attention v2
[2025-10-05 09:52:13,061][anemoi.models.layers.attention][INFO] - Using flash attention v2
[2025-10-05 09:52:13,061][anemoi.models.layers.attention][INFO] - Using flash attention v2
[2025-10-05 09:52:13,061][anemoi.models.layers.attention][INFO] - Using flash attention v2
[2025-10-05 09:52:13,062][anemoi.models.layers.attention][INFO] - Using flash attention v2
[2025-10-05 09:52:13,067][anemoi.models.layers.attention][INFO] - Using flash attention v2
[2025-10-05 09:52:13,067][anemoi.models.layers.attention][INFO] - Using flash attention v2
[2025-10-05 09:52:13,067][anemoi.models.layers.attention][INFO] - Using flash attention v2
[2025-10-05 09:52:13,068][anemoi.models.layers.attention][INFO] - Using flash attention v2
[2025-10-05 09:52:13,072][anemoi.models.layers.attention][INFO] - Using flash attention v2
[2025-10-05 09:52:13,072][anemoi.models.layers.attention][INFO] - Using flash attention v2
[2025-10-05 09:52:13,073][anemoi.models.layers.attention][INFO] - Using flash attention v2
[2025-10-05 09:52:13,073][anemoi.models.layers.attention][INFO] - Using flash attention v2
[2025-10-05 09:52:13,078][anemoi.models.layers.attention][INFO] - Using flash attention v2
[2025-10-05 09:52:13,078][anemoi.models.layers.attention][INFO] - Using flash attention v2
[2025-10-05 09:52:13,078][anemoi.models.layers.attention][INFO] - Using flash attention v2
[2025-10-05 09:52:13,079][anemoi.models.layers.attention][INFO] - Using flash attention v2
[2025-10-05 09:52:13,083][anemoi.models.layers.attention][INFO] - Using flash attention v2
[2025-10-05 09:52:13,083][anemoi.models.layers.attention][INFO] - Using flash attention v2
[2025-10-05 09:52:13,083][anemoi.models.layers.attention][INFO] - Using flash attention v2
[2025-10-05 09:52:13,084][anemoi.models.layers.attention][INFO] - Using flash attention v2
[2025-10-05 09:52:13,088][anemoi.models.layers.attention][INFO] - Using flash attention v2
[2025-10-05 09:52:13,089][anemoi.models.layers.attention][INFO] - Using flash attention v2
[2025-10-05 09:52:13,089][anemoi.models.layers.attention][INFO] - Using flash attention v2
[2025-10-05 09:52:13,089][anemoi.models.layers.attention][INFO] - Using flash attention v2
[2025-10-05 09:52:13,094][anemoi.models.layers.attention][INFO] - Using flash attention v2
[2025-10-05 09:52:13,094][anemoi.models.layers.attention][INFO] - Using flash attention v2
[2025-10-05 09:52:13,094][anemoi.models.layers.attention][INFO] - Using flash attention v2
[2025-10-05 09:52:13,095][anemoi.models.layers.attention][INFO] - Using flash attention v2
[2025-10-05 09:52:13,099][anemoi.models.layers.attention][INFO] - Using flash attention v2
[2025-10-05 09:52:13,099][anemoi.models.layers.attention][INFO] - Using flash attention v2
[2025-10-05 09:52:13,100][anemoi.models.layers.attention][INFO] - Using flash attention v2
[2025-10-05 09:52:13,100][anemoi.models.layers.attention][INFO] - Using flash attention v2
[2025-10-05 09:52:13,105][anemoi.models.layers.attention][INFO] - Using flash attention v2
[2025-10-05 09:52:13,105][anemoi.models.layers.attention][INFO] - Using flash attention v2
[2025-10-05 09:52:13,105][anemoi.models.layers.attention][INFO] - Using flash attention v2
[2025-10-05 09:52:13,106][anemoi.models.layers.attention][INFO] - Using flash attention v2
[2025-10-05 09:52:13,116][anemoi.models.layers.utils][INFO] - Linear kernel: torch.nn.Linear.
[2025-10-05 09:52:13,116][anemoi.models.layers.utils][INFO] - Linear kernel: torch.nn.Linear.
[2025-10-05 09:52:13,116][anemoi.models.layers.utils][INFO] - Linear kernel: torch.nn.Linear.
[2025-10-05 09:52:13,117][anemoi.models.layers.utils][INFO] - LayerNorm kernel: torch.nn.LayerNorm.
[2025-10-05 09:52:13,117][anemoi.models.layers.utils][INFO] - LayerNorm kernel: torch.nn.LayerNorm.
[2025-10-05 09:52:13,117][anemoi.models.layers.utils][INFO] - LayerNorm kernel: torch.nn.LayerNorm.
[2025-10-05 09:52:13,117][anemoi.models.layers.utils][INFO] - Linear kernel: torch.nn.Linear.
[2025-10-05 09:52:13,117][anemoi.models.layers.utils][INFO] - Activation kernel: torch.nn.GELU.
[2025-10-05 09:52:13,117][anemoi.models.layers.utils][INFO] - Activation kernel: torch.nn.GELU.
[2025-10-05 09:52:13,117][anemoi.models.layers.utils][INFO] - LayerNorm kernel: torch.nn.LayerNorm.
[2025-10-05 09:52:13,118][anemoi.models.layers.utils][INFO] - Activation kernel: torch.nn.GELU.
[2025-10-05 09:52:13,118][anemoi.models.layers.utils][INFO] - QueryNorm kernel: anemoi.models.layers.normalization.AutocastLayerNorm.
[2025-10-05 09:52:13,118][anemoi.models.layers.utils][INFO] - QueryNorm kernel: anemoi.models.layers.normalization.AutocastLayerNorm.
[2025-10-05 09:52:13,118][anemoi.models.layers.utils][INFO] - Activation kernel: torch.nn.GELU.
[2025-10-05 09:52:13,118][anemoi.models.layers.utils][INFO] - QueryNorm kernel: anemoi.models.layers.normalization.AutocastLayerNorm.
[2025-10-05 09:52:13,119][anemoi.models.layers.utils][INFO] - KeyNorm kernel: anemoi.models.layers.normalization.AutocastLayerNorm.
[2025-10-05 09:52:13,119][anemoi.models.layers.utils][INFO] - KeyNorm kernel: anemoi.models.layers.normalization.AutocastLayerNorm.
[2025-10-05 09:52:13,119][anemoi.models.layers.utils][INFO] - QueryNorm kernel: anemoi.models.layers.normalization.AutocastLayerNorm.
[2025-10-05 09:52:13,119][anemoi.models.layers.utils][INFO] - KeyNorm kernel: anemoi.models.layers.normalization.AutocastLayerNorm.
[2025-10-05 09:52:13,119][anemoi.models.layers.utils][INFO] - KeyNorm kernel: anemoi.models.layers.normalization.AutocastLayerNorm.
[2025-10-05 09:52:13,291][anemoi.training.losses.scalers.variable_level][INFO] - Variable Level Scaling: Applying ReluVariableLevelScaler scaling to pl variables ({'param': ['q', 't', 'u', 'v', 'w', 'z']})
[2025-10-05 09:52:13,291][anemoi.training.losses.scalers.variable_level][INFO] - Variable Level Scaling: Applying ReluVariableLevelScaler scaling to pl variables ({'param': ['q', 't', 'u', 'v', 'w', 'z']})
[2025-10-05 09:52:13,291][anemoi.training.losses.scalers.variable_level][INFO] - Variable Level Scaling: Applying ReluVariableLevelScaler scaling to pl variables ({'param': ['q', 't', 'u', 'v', 'w', 'z']})
[2025-10-05 09:52:13,291][anemoi.training.losses.scalers.variable_level][INFO] - with slope = 0.001 and y-intercept/minimum = 0.2.
[2025-10-05 09:52:13,291][anemoi.training.losses.scalers.variable_level][INFO] - with slope = 0.001 and y-intercept/minimum = 0.2.
[2025-10-05 09:52:13,291][anemoi.training.losses.scalers.variable_level][INFO] - with slope = 0.001 and y-intercept/minimum = 0.2.
[2025-10-05 09:52:13,292][anemoi.training.losses.scalers.variable_level][INFO] - Variable Level Scaling: Applying ReluVariableLevelScaler scaling to pl variables ({'param': ['q', 't', 'u', 'v', 'w', 'z']})
[2025-10-05 09:52:13,292][anemoi.training.losses.scalers.variable_level][INFO] - with slope = 0.001 and y-intercept/minimum = 0.2.
[2025-10-05 09:52:13,488][anemoi.training.train.train][INFO] - The following submodules will NOT be trained: []
[2025-10-05 09:52:13,489][anemoi.training.train.train][INFO] - The following submodules will NOT be trained: []
[2025-10-05 09:52:13,490][anemoi.training.train.train][INFO] - The following submodules will NOT be trained: []
[2025-10-05 09:52:13,490][anemoi.training.train.train][INFO] - The following submodules will NOT be trained: []
[2025-10-05 09:53:13,902][anemoi.training.utils.compile][INFO] - The following modules will be compiled: ['anemoi.models.layers.conv.GraphTransformerConv']
[2025-10-05 09:53:13,902][anemoi.training.utils.compile][INFO] - The following modules will be compiled: ['anemoi.models.layers.conv.GraphTransformerConv']
[2025-10-05 09:53:13,902][anemoi.training.utils.compile][INFO] - The following modules will be compiled: ['anemoi.models.layers.conv.GraphTransformerConv']
[2025-10-05 09:53:13,902][anemoi.training.utils.compile][INFO] - The following modules will be compiled: ['anemoi.models.layers.conv.GraphTransformerConv']
[2025-10-05 09:53:14,206][lightning_fabric.utilities.distributed][INFO] - Initializing distributed: GLOBAL_RANK: 3, MEMBER: 4/4
[2025-10-05 09:53:14,207][lightning_fabric.utilities.distributed][INFO] - Initializing distributed: GLOBAL_RANK: 2, MEMBER: 3/4
[2025-10-05 09:53:14,207][lightning_fabric.utilities.distributed][INFO] - Initializing distributed: GLOBAL_RANK: 1, MEMBER: 2/4
[2025-10-05 09:53:14,207][lightning_fabric.utilities.distributed][INFO] - Initializing distributed: GLOBAL_RANK: 0, MEMBER: 1/4
[2025-10-05 09:53:17,389][pytorch_lightning.utilities.rank_zero][INFO] - ----------------------------------------------------------------------------------------------------
distributed_backend=nccl
All distributed processes registered. Starting with 4 processes
----------------------------------------------------------------------------------------------------

[2025-10-05 09:53:18,000][pytorch_lightning.accelerators.cuda][INFO] - LOCAL_RANK: 0 - CUDA_VISIBLE_DEVICES: [0,1,2,3]
[2025-10-05 09:53:18,000][pytorch_lightning.accelerators.cuda][INFO] - LOCAL_RANK: 1 - CUDA_VISIBLE_DEVICES: [0,1,2,3]
[2025-10-05 09:53:18,000][pytorch_lightning.accelerators.cuda][INFO] - LOCAL_RANK: 2 - CUDA_VISIBLE_DEVICES: [0,1,2,3]
[2025-10-05 09:53:18,000][pytorch_lightning.accelerators.cuda][INFO] - LOCAL_RANK: 3 - CUDA_VISIBLE_DEVICES: [0,1,2,3]
[2025-10-05 09:53:18,721][lightning_fabric.utilities.seed][INFO] - [rank: 2] Seed set to 108221910
[2025-10-05 09:53:18,721][lightning_fabric.utilities.seed][INFO] - [rank: 1] Seed set to 72147940
[2025-10-05 09:53:18,721][lightning_fabric.utilities.seed][INFO] - [rank: 3] Seed set to 144295880
[2025-10-05 09:53:18,721][lightning_fabric.utilities.seed][INFO] - [rank: 0] Seed set to 36073970
[2025-10-05 09:53:18,742][pytorch_lightning.callbacks.model_summary][INFO] - 
  | Name    | Type                 | Params | Mode 
---------------------------------------------------------
0 | model   | AnemoiModelInterface | 15.0 M | train
1 | loss    | MSELoss              | 0      | train
2 | metrics | ModuleDict           | 0      | train
---------------------------------------------------------
15.0 M    Trainable params
0         Non-trainable params
15.0 M    Total params
59.997    Total estimated model params size (MB)
286       Modules in train mode
0         Modules in eval mode
[2025-10-05 09:53:18,795][anemoi.training.diagnostics.mlflow.logger][INFO] - Logging 492 parameters
[2025-10-05 09:53:20,347][pytorch_lightning.trainer.connectors.signal_connector][INFO] - SLURM auto-requeueing enabled. Setting signal handlers.
[2025-10-05 09:53:20,347][pytorch_lightning.trainer.connectors.signal_connector][INFO] - SLURM auto-requeueing enabled. Setting signal handlers.
[2025-10-05 09:53:20,347][pytorch_lightning.trainer.connectors.signal_connector][INFO] - SLURM auto-requeueing enabled. Setting signal handlers.
[2025-10-05 09:53:20,347][pytorch_lightning.trainer.connectors.signal_connector][INFO] - SLURM auto-requeueing enabled. Setting signal handlers.
[2025-10-05 09:53:20,923][anemoi.training.data.datamodule.singledatamodule][WARNING] - Falling back rollout to: 1
[2025-10-05 09:53:20,924][anemoi.training.data.datamodule.singledatamodule][WARNING] - Falling back rollout to: 1
[2025-10-05 09:53:20,927][anemoi.training.data.datamodule.singledatamodule][WARNING] - Falling back rollout to: 1
[2025-10-05 09:53:20,934][anemoi.training.data.datamodule.singledatamodule][WARNING] - Falling back rollout to: 1
[2025-10-05 09:53:21,117][anemoi.training.data.dataset.singledataset][INFO] - Worker 1 (pid 1386742, global_rank 2, model comm group 2)  has low/high range 773 / 818
[2025-10-05 09:53:21,117][anemoi.training.data.dataset.singledataset][INFO] - Worker 1 (pid 1386748, global_rank 3, model comm group 3)  has low/high range 1137 / 1182
[2025-10-05 09:53:21,117][anemoi.training.data.dataset.singledataset][INFO] - Worker 0 (pid 1386734, global_rank 2, model comm group 2)  has low/high range 728 / 773
[2025-10-05 09:53:21,117][anemoi.training.data.dataset.singledataset][INFO] - Worker 0 (pid 1386740, global_rank 3, model comm group 3)  has low/high range 1092 / 1137
[2025-10-05 09:53:21,117][anemoi.training.data.dataset.singledataset][INFO] - Worker 0 (pid 1386735, global_rank 1, model comm group 1)  has low/high range 364 / 409
[2025-10-05 09:53:21,117][anemoi.training.data.dataset.singledataset][INFO] - Worker 1 (pid 1386743, global_rank 1, model comm group 1)  has low/high range 409 / 454
[2025-10-05 09:53:21,117][anemoi.training.data.dataset.singledataset][INFO] - Worker 1 (pid 1386746, global_rank 0, model comm group 0)  has low/high range 45 / 90
[2025-10-05 09:53:21,117][anemoi.training.data.dataset.singledataset][INFO] - Worker 2 (pid 1386758, global_rank 1, model comm group 1)  has low/high range 454 / 499
[2025-10-05 09:53:21,117][anemoi.training.data.dataset.singledataset][INFO] - Worker 0 (pid 1386738, global_rank 0, model comm group 0)  has low/high range 0 / 45
[2025-10-05 09:53:21,118][anemoi.training.data.dataset.singledataset][INFO] - Worker 2 (pid 1386750, global_rank 0, model comm group 0)  has low/high range 90 / 135
[2025-10-05 09:53:21,118][anemoi.training.data.dataset.singledataset][INFO] - Worker 4 (pid 1386754, global_rank 0, model comm group 0)  has low/high range 180 / 225
[2025-10-05 09:53:21,118][anemoi.training.data.dataset.singledataset][INFO] - Worker 5 (pid 1386756, global_rank 0, model comm group 0)  has low/high range 225 / 270
[2025-10-05 09:53:21,118][anemoi.training.data.dataset.singledataset][INFO] - Worker 3 (pid 1386752, global_rank 0, model comm group 0)  has low/high range 135 / 180
[2025-10-05 09:53:21,126][anemoi.training.data.dataset.singledataset][INFO] - Worker 6 (pid 1386760, global_rank 0, model comm group 0)  has low/high range 270 / 315
[2025-10-05 09:53:21,136][anemoi.training.data.dataset.singledataset][INFO] - Worker 3 (pid 1386762, global_rank 1, model comm group 1)  has low/high range 499 / 544
[2025-10-05 09:53:21,147][anemoi.training.data.dataset.singledataset][INFO] - Worker 2 (pid 1386764, global_rank 2, model comm group 2)  has low/high range 818 / 863
[2025-10-05 09:53:21,154][anemoi.training.data.dataset.singledataset][INFO] - Worker 7 (pid 1386766, global_rank 0, model comm group 0)  has low/high range 315 / 360
[2025-10-05 09:53:21,154][anemoi.models.data_indices.collection][INFO] - The order of the variables in the model matches the order in the data.
[2025-10-05 09:53:21,155][anemoi.training.data.dataset.singledataset][INFO] - Worker 2 (pid 1386768, global_rank 3, model comm group 3)  has low/high range 1182 / 1227
[2025-10-05 09:53:21,157][anemoi.training.data.dataset.singledataset][INFO] - Worker 2 (validation, pid 1386768, glob. rank 3, model comm group 3, group_rank 0, seed group id 3, base_seed 36073970, sanity rnd 0.481121)
[2025-10-05 09:53:21,157][anemoi.training.data.dataset.singledataset][INFO] - Worker 1 (validation, pid 1386746, glob. rank 0, model comm group 0, group_rank 0, seed group id 0, base_seed 36073970, sanity rnd 0.481121)
[2025-10-05 09:53:21,157][anemoi.training.data.dataset.singledataset][INFO] - Worker 1 (validation, pid 1386748, glob. rank 3, model comm group 3, group_rank 0, seed group id 3, base_seed 36073970, sanity rnd 0.481121)
[2025-10-05 09:53:21,157][anemoi.training.data.dataset.singledataset][INFO] - Worker 0 (validation, pid 1386734, glob. rank 2, model comm group 2, group_rank 0, seed group id 2, base_seed 36073970, sanity rnd 0.481121)
[2025-10-05 09:53:21,157][anemoi.training.data.dataset.singledataset][INFO] - Worker 2 (validation, pid 1386758, glob. rank 1, model comm group 1, group_rank 0, seed group id 1, base_seed 36073970, sanity rnd 0.481121)
[2025-10-05 09:53:21,157][anemoi.training.data.dataset.singledataset][INFO] - Worker 0 (validation, pid 1386738, glob. rank 0, model comm group 0, group_rank 0, seed group id 0, base_seed 36073970, sanity rnd 0.481121)
[2025-10-05 09:53:21,157][anemoi.training.data.dataset.singledataset][INFO] - Worker 0 (validation, pid 1386740, glob. rank 3, model comm group 3, group_rank 0, seed group id 3, base_seed 36073970, sanity rnd 0.481121)
[2025-10-05 09:53:21,157][anemoi.training.data.dataset.singledataset][INFO] - Worker 1 (validation, pid 1386742, glob. rank 2, model comm group 2, group_rank 0, seed group id 2, base_seed 36073970, sanity rnd 0.481121)
[2025-10-05 09:53:21,157][anemoi.training.data.dataset.singledataset][INFO] - Worker 1 (validation, pid 1386743, glob. rank 1, model comm group 1, group_rank 0, seed group id 1, base_seed 36073970, sanity rnd 0.481121)
[2025-10-05 09:53:21,157][anemoi.training.data.dataset.singledataset][INFO] - Worker 2 (validation, pid 1386750, glob. rank 0, model comm group 0, group_rank 0, seed group id 0, base_seed 36073970, sanity rnd 0.481121)
[2025-10-05 09:53:21,158][anemoi.training.data.dataset.singledataset][INFO] - Worker 2 (validation, pid 1386764, glob. rank 2, model comm group 2, group_rank 0, seed group id 2, base_seed 36073970, sanity rnd 0.481121)
[2025-10-05 09:53:21,157][anemoi.training.data.dataset.singledataset][INFO] - Worker 3 (validation, pid 1386762, glob. rank 1, model comm group 1, group_rank 0, seed group id 1, base_seed 36073970, sanity rnd 0.481121)
[2025-10-05 09:53:21,157][anemoi.training.data.dataset.singledataset][INFO] - Worker 5 (validation, pid 1386756, glob. rank 0, model comm group 0, group_rank 0, seed group id 0, base_seed 36073970, sanity rnd 0.481121)
[2025-10-05 09:53:21,157][anemoi.training.data.dataset.singledataset][INFO] - Worker 0 (validation, pid 1386735, glob. rank 1, model comm group 1, group_rank 0, seed group id 1, base_seed 36073970, sanity rnd 0.481121)
[2025-10-05 09:53:21,157][anemoi.training.data.dataset.singledataset][INFO] - Worker 3 (validation, pid 1386752, glob. rank 0, model comm group 0, group_rank 0, seed group id 0, base_seed 36073970, sanity rnd 0.481121)
[2025-10-05 09:53:21,158][anemoi.training.data.dataset.singledataset][INFO] - Worker 4 (pid 1386779, global_rank 1, model comm group 1)  has low/high range 544 / 589
[2025-10-05 09:53:21,158][anemoi.training.data.dataset.singledataset][INFO] - Worker 7 (validation, pid 1386766, glob. rank 0, model comm group 0, group_rank 0, seed group id 0, base_seed 36073970, sanity rnd 0.481121)
[2025-10-05 09:53:21,157][anemoi.training.data.dataset.singledataset][INFO] - Worker 6 (validation, pid 1386760, glob. rank 0, model comm group 0, group_rank 0, seed group id 0, base_seed 36073970, sanity rnd 0.481121)
[2025-10-05 09:53:21,157][anemoi.training.data.dataset.singledataset][INFO] - Worker 4 (validation, pid 1386754, glob. rank 0, model comm group 0, group_rank 0, seed group id 0, base_seed 36073970, sanity rnd 0.481121)
[2025-10-05 09:53:21,160][anemoi.training.data.dataset.singledataset][INFO] - Worker 4 (validation, pid 1386779, glob. rank 1, model comm group 1, group_rank 0, seed group id 1, base_seed 36073970, sanity rnd 0.481121)
[2025-10-05 09:53:21,168][anemoi.training.data.dataset.singledataset][INFO] - Worker 3 (pid 1386781, global_rank 2, model comm group 2)  has low/high range 863 / 908
[2025-10-05 09:53:21,171][anemoi.training.data.dataset.singledataset][INFO] - Worker 3 (validation, pid 1386781, glob. rank 2, model comm group 2, group_rank 0, seed group id 2, base_seed 36073970, sanity rnd 0.481121)
[2025-10-05 09:53:21,179][anemoi.training.data.dataset.singledataset][INFO] - Worker 5 (pid 1386783, global_rank 1, model comm group 1)  has low/high range 589 / 634
[2025-10-05 09:53:21,182][anemoi.training.data.dataset.singledataset][INFO] - Worker 5 (validation, pid 1386783, glob. rank 1, model comm group 1, group_rank 0, seed group id 1, base_seed 36073970, sanity rnd 0.481121)
[2025-10-05 09:53:21,185][anemoi.training.data.dataset.singledataset][INFO] - Worker 3 (pid 1386785, global_rank 3, model comm group 3)  has low/high range 1227 / 1272
[2025-10-05 09:53:21,188][anemoi.training.data.dataset.singledataset][INFO] - Worker 3 (validation, pid 1386785, glob. rank 3, model comm group 3, group_rank 0, seed group id 3, base_seed 36073970, sanity rnd 0.481121)
[2025-10-05 09:53:21,190][anemoi.training.data.dataset.singledataset][INFO] - Worker 4 (pid 1386787, global_rank 2, model comm group 2)  has low/high range 908 / 953
[2025-10-05 09:53:21,193][anemoi.training.data.dataset.singledataset][INFO] - Worker 4 (validation, pid 1386787, glob. rank 2, model comm group 2, group_rank 0, seed group id 2, base_seed 36073970, sanity rnd 0.481121)
[2025-10-05 09:53:21,201][anemoi.training.data.dataset.singledataset][INFO] - Worker 6 (pid 1386789, global_rank 1, model comm group 1)  has low/high range 634 / 679
[2025-10-05 09:53:21,203][anemoi.training.data.dataset.singledataset][INFO] - Worker 6 (validation, pid 1386789, glob. rank 1, model comm group 1, group_rank 0, seed group id 1, base_seed 36073970, sanity rnd 0.481121)
[2025-10-05 09:53:21,212][anemoi.training.data.dataset.singledataset][INFO] - Worker 5 (pid 1386791, global_rank 2, model comm group 2)  has low/high range 953 / 998
[2025-10-05 09:53:21,214][anemoi.training.data.dataset.singledataset][INFO] - Worker 5 (validation, pid 1386791, glob. rank 2, model comm group 2, group_rank 0, seed group id 2, base_seed 36073970, sanity rnd 0.481121)
[2025-10-05 09:53:21,215][anemoi.training.data.dataset.singledataset][INFO] - Worker 4 (pid 1386793, global_rank 3, model comm group 3)  has low/high range 1272 / 1317
[2025-10-05 09:53:21,217][anemoi.training.data.dataset.singledataset][INFO] - Worker 4 (validation, pid 1386793, glob. rank 3, model comm group 3, group_rank 0, seed group id 3, base_seed 36073970, sanity rnd 0.481121)
[2025-10-05 09:53:21,223][anemoi.training.data.dataset.singledataset][INFO] - Worker 7 (pid 1386795, global_rank 1, model comm group 1)  has low/high range 679 / 724
[2025-10-05 09:53:21,223][anemoi.models.data_indices.collection][INFO] - The order of the variables in the model matches the order in the data.
[2025-10-05 09:53:21,225][anemoi.training.data.dataset.singledataset][INFO] - Worker 7 (validation, pid 1386795, glob. rank 1, model comm group 1, group_rank 0, seed group id 1, base_seed 36073970, sanity rnd 0.481121)
[2025-10-05 09:53:21,234][anemoi.training.data.dataset.singledataset][INFO] - Worker 6 (pid 1386806, global_rank 2, model comm group 2)  has low/high range 998 / 1043
[2025-10-05 09:53:21,236][anemoi.training.data.dataset.singledataset][INFO] - Worker 6 (validation, pid 1386806, glob. rank 2, model comm group 2, group_rank 0, seed group id 2, base_seed 36073970, sanity rnd 0.481121)
[2025-10-05 09:53:21,244][anemoi.training.data.dataset.singledataset][INFO] - Worker 5 (pid 1386808, global_rank 3, model comm group 3)  has low/high range 1317 / 1362
[2025-10-05 09:53:21,246][anemoi.training.data.dataset.singledataset][INFO] - Worker 5 (validation, pid 1386808, glob. rank 3, model comm group 3, group_rank 0, seed group id 3, base_seed 36073970, sanity rnd 0.481121)
[2025-10-05 09:53:21,255][anemoi.training.data.dataset.singledataset][INFO] - Worker 7 (pid 1386810, global_rank 2, model comm group 2)  has low/high range 1043 / 1088
[2025-10-05 09:53:21,256][anemoi.models.data_indices.collection][INFO] - The order of the variables in the model matches the order in the data.
[2025-10-05 09:53:21,257][anemoi.training.data.dataset.singledataset][INFO] - Worker 7 (validation, pid 1386810, glob. rank 2, model comm group 2, group_rank 0, seed group id 2, base_seed 36073970, sanity rnd 0.481121)
[2025-10-05 09:53:21,273][anemoi.training.data.dataset.singledataset][INFO] - Worker 6 (pid 1386821, global_rank 3, model comm group 3)  has low/high range 1362 / 1407
[2025-10-05 09:53:21,276][anemoi.training.data.dataset.singledataset][INFO] - Worker 6 (validation, pid 1386821, glob. rank 3, model comm group 3, group_rank 0, seed group id 3, base_seed 36073970, sanity rnd 0.481121)
[2025-10-05 09:53:21,303][anemoi.training.data.dataset.singledataset][INFO] - Worker 7 (pid 1386823, global_rank 3, model comm group 3)  has low/high range 1407 / 1452
[2025-10-05 09:53:21,304][anemoi.models.data_indices.collection][INFO] - The order of the variables in the model matches the order in the data.
[2025-10-05 09:53:21,305][anemoi.training.data.dataset.singledataset][INFO] - Worker 7 (validation, pid 1386823, glob. rank 3, model comm group 3, group_rank 0, seed group id 3, base_seed 36073970, sanity rnd 0.481121)
[2025-10-05 09:53:39,768][anemoi.training.data.dataset.singledataset][INFO] - Worker 1 (pid 1387593, global_rank 1, model comm group 1)  has low/high range 17257 / 19174
[2025-10-05 09:53:39,768][anemoi.training.data.dataset.singledataset][INFO] - Worker 1 (pid 1387594, global_rank 2, model comm group 2)  has low/high range 32597 / 34514
[2025-10-05 09:53:39,768][anemoi.training.data.dataset.singledataset][INFO] - Worker 0 (pid 1387585, global_rank 1, model comm group 1)  has low/high range 15340 / 17257
[2025-10-05 09:53:39,769][anemoi.training.data.dataset.singledataset][INFO] - Worker 0 (pid 1387590, global_rank 3, model comm group 3)  has low/high range 46020 / 47937
[2025-10-05 09:53:39,769][anemoi.training.data.dataset.singledataset][INFO] - Worker 0 (pid 1387586, global_rank 2, model comm group 2)  has low/high range 30680 / 32597
[2025-10-05 09:53:39,769][anemoi.training.data.dataset.singledataset][INFO] - Worker 1 (pid 1387597, global_rank 0, model comm group 0)  has low/high range 1917 / 3834
[2025-10-05 09:53:39,770][anemoi.training.data.dataset.singledataset][INFO] - Worker 0 (pid 1387589, global_rank 0, model comm group 0)  has low/high range 0 / 1917
[2025-10-05 09:53:39,771][anemoi.training.data.dataset.singledataset][INFO] - Worker 0 (train, pid 1387585, glob. rank 1, model comm group 1, group_rank 0, seed group id 1, base_seed 36073970, sanity rnd 0.481121)
[2025-10-05 09:53:39,772][anemoi.training.data.dataset.singledataset][INFO] - Worker 1 (train, pid 1387593, glob. rank 1, model comm group 1, group_rank 0, seed group id 1, base_seed 36073970, sanity rnd 0.481121)
[2025-10-05 09:53:39,772][anemoi.training.data.dataset.singledataset][INFO] - Worker 0 (train, pid 1387590, glob. rank 3, model comm group 3, group_rank 0, seed group id 3, base_seed 36073970, sanity rnd 0.481121)
[2025-10-05 09:53:39,772][anemoi.training.data.dataset.singledataset][INFO] - Worker 1 (train, pid 1387594, glob. rank 2, model comm group 2, group_rank 0, seed group id 2, base_seed 36073970, sanity rnd 0.481121)
[2025-10-05 09:53:39,772][anemoi.training.data.dataset.singledataset][INFO] - Worker 1 (train, pid 1387597, glob. rank 0, model comm group 0, group_rank 0, seed group id 0, base_seed 36073970, sanity rnd 0.481121)
[2025-10-05 09:53:39,772][anemoi.training.data.dataset.singledataset][INFO] - Worker 0 (train, pid 1387586, glob. rank 2, model comm group 2, group_rank 0, seed group id 2, base_seed 36073970, sanity rnd 0.481121)
[2025-10-05 09:53:39,773][anemoi.training.data.dataset.singledataset][INFO] - Worker 0 (train, pid 1387589, glob. rank 0, model comm group 0, group_rank 0, seed group id 0, base_seed 36073970, sanity rnd 0.481121)
[2025-10-05 09:53:39,775][anemoi.training.data.dataset.singledataset][INFO] - Worker 1 (pid 1387599, global_rank 3, model comm group 3)  has low/high range 47937 / 49854
[2025-10-05 09:53:39,778][anemoi.training.data.dataset.singledataset][INFO] - Worker 1 (train, pid 1387599, glob. rank 3, model comm group 3, group_rank 0, seed group id 3, base_seed 36073970, sanity rnd 0.481121)
[2025-10-05 09:53:39,778][anemoi.training.data.dataset.singledataset][INFO] - Worker 2 (pid 1387601, global_rank 2, model comm group 2)  has low/high range 34514 / 36431
[2025-10-05 09:53:39,781][anemoi.training.data.dataset.singledataset][INFO] - Worker 2 (train, pid 1387601, glob. rank 2, model comm group 2, group_rank 0, seed group id 2, base_seed 36073970, sanity rnd 0.481121)
[2025-10-05 09:53:39,783][anemoi.training.data.dataset.singledataset][INFO] - Worker 2 (pid 1387603, global_rank 1, model comm group 1)  has low/high range 19174 / 21091
[2025-10-05 09:53:39,786][anemoi.training.data.dataset.singledataset][INFO] - Worker 2 (train, pid 1387603, glob. rank 1, model comm group 1, group_rank 0, seed group id 1, base_seed 36073970, sanity rnd 0.481121)
[2025-10-05 09:53:39,803][anemoi.training.data.dataset.singledataset][INFO] - Worker 2 (pid 1387605, global_rank 0, model comm group 0)  has low/high range 3834 / 5751
[2025-10-05 09:53:39,806][anemoi.training.data.dataset.singledataset][INFO] - Worker 2 (train, pid 1387605, glob. rank 0, model comm group 0, group_rank 0, seed group id 0, base_seed 36073970, sanity rnd 0.481121)
[2025-10-05 09:53:39,808][anemoi.training.data.dataset.singledataset][INFO] - Worker 3 (pid 1387607, global_rank 2, model comm group 2)  has low/high range 36431 / 38348
[2025-10-05 09:53:39,811][anemoi.training.data.dataset.singledataset][INFO] - Worker 3 (train, pid 1387607, glob. rank 2, model comm group 2, group_rank 0, seed group id 2, base_seed 36073970, sanity rnd 0.481121)
[2025-10-05 09:53:39,812][anemoi.training.data.dataset.singledataset][INFO] - Worker 2 (pid 1387609, global_rank 3, model comm group 3)  has low/high range 49854 / 51771
[2025-10-05 09:53:39,813][anemoi.training.data.dataset.singledataset][INFO] - Worker 3 (pid 1387610, global_rank 1, model comm group 1)  has low/high range 21091 / 23008
[2025-10-05 09:53:39,814][anemoi.training.data.dataset.singledataset][INFO] - Worker 2 (train, pid 1387609, glob. rank 3, model comm group 3, group_rank 0, seed group id 3, base_seed 36073970, sanity rnd 0.481121)
[2025-10-05 09:53:39,816][anemoi.training.data.dataset.singledataset][INFO] - Worker 3 (train, pid 1387610, glob. rank 1, model comm group 1, group_rank 0, seed group id 1, base_seed 36073970, sanity rnd 0.481121)
[2025-10-05 09:53:39,837][anemoi.training.data.dataset.singledataset][INFO] - Worker 4 (pid 1387613, global_rank 2, model comm group 2)  has low/high range 38348 / 40265
[2025-10-05 09:53:39,840][anemoi.training.data.dataset.singledataset][INFO] - Worker 4 (train, pid 1387613, glob. rank 2, model comm group 2, group_rank 0, seed group id 2, base_seed 36073970, sanity rnd 0.481121)
[2025-10-05 09:53:39,842][anemoi.training.data.dataset.singledataset][INFO] - Worker 4 (pid 1387615, global_rank 1, model comm group 1)  has low/high range 23008 / 24925
[2025-10-05 09:53:39,844][anemoi.training.data.dataset.singledataset][INFO] - Worker 3 (pid 1387616, global_rank 0, model comm group 0)  has low/high range 5751 / 7668
[2025-10-05 09:53:39,845][anemoi.training.data.dataset.singledataset][INFO] - Worker 4 (train, pid 1387615, glob. rank 1, model comm group 1, group_rank 0, seed group id 1, base_seed 36073970, sanity rnd 0.481121)
[2025-10-05 09:53:39,848][anemoi.training.data.dataset.singledataset][INFO] - Worker 3 (train, pid 1387616, glob. rank 0, model comm group 0, group_rank 0, seed group id 0, base_seed 36073970, sanity rnd 0.481121)
[2025-10-05 09:53:39,858][anemoi.training.data.dataset.singledataset][INFO] - Worker 3 (pid 1387619, global_rank 3, model comm group 3)  has low/high range 51771 / 53688
[2025-10-05 09:53:39,861][anemoi.training.data.dataset.singledataset][INFO] - Worker 3 (train, pid 1387619, glob. rank 3, model comm group 3, group_rank 0, seed group id 3, base_seed 36073970, sanity rnd 0.481121)
[2025-10-05 09:53:39,865][anemoi.training.data.dataset.singledataset][INFO] - Worker 5 (pid 1387621, global_rank 2, model comm group 2)  has low/high range 40265 / 42182
[2025-10-05 09:53:39,868][anemoi.training.data.dataset.singledataset][INFO] - Worker 5 (train, pid 1387621, glob. rank 2, model comm group 2, group_rank 0, seed group id 2, base_seed 36073970, sanity rnd 0.481121)
[2025-10-05 09:53:39,870][anemoi.training.data.dataset.singledataset][INFO] - Worker 5 (pid 1387623, global_rank 1, model comm group 1)  has low/high range 24925 / 26842
[2025-10-05 09:53:39,873][anemoi.training.data.dataset.singledataset][INFO] - Worker 5 (train, pid 1387623, glob. rank 1, model comm group 1, group_rank 0, seed group id 1, base_seed 36073970, sanity rnd 0.481121)
[2025-10-05 09:53:39,881][anemoi.training.data.dataset.singledataset][INFO] - Worker 4 (pid 1387625, global_rank 0, model comm group 0)  has low/high range 7668 / 9585
[2025-10-05 09:53:39,884][anemoi.training.data.dataset.singledataset][INFO] - Worker 4 (train, pid 1387625, glob. rank 0, model comm group 0, group_rank 0, seed group id 0, base_seed 36073970, sanity rnd 0.481121)
[2025-10-05 09:53:39,895][anemoi.training.data.dataset.singledataset][INFO] - Worker 6 (pid 1387627, global_rank 2, model comm group 2)  has low/high range 42182 / 44099
[2025-10-05 09:53:39,897][anemoi.training.data.dataset.singledataset][INFO] - Worker 6 (train, pid 1387627, glob. rank 2, model comm group 2, group_rank 0, seed group id 2, base_seed 36073970, sanity rnd 0.481121)
[2025-10-05 09:53:39,898][anemoi.training.data.dataset.singledataset][INFO] - Worker 6 (pid 1387629, global_rank 1, model comm group 1)  has low/high range 26842 / 28759
[2025-10-05 09:53:39,901][anemoi.training.data.dataset.singledataset][INFO] - Worker 6 (train, pid 1387629, glob. rank 1, model comm group 1, group_rank 0, seed group id 1, base_seed 36073970, sanity rnd 0.481121)
[2025-10-05 09:53:39,908][anemoi.training.data.dataset.singledataset][INFO] - Worker 4 (pid 1387631, global_rank 3, model comm group 3)  has low/high range 53688 / 55605
[2025-10-05 09:53:39,911][anemoi.training.data.dataset.singledataset][INFO] - Worker 4 (train, pid 1387631, glob. rank 3, model comm group 3, group_rank 0, seed group id 3, base_seed 36073970, sanity rnd 0.481121)
[2025-10-05 09:53:39,920][anemoi.training.data.dataset.singledataset][INFO] - Worker 5 (pid 1387633, global_rank 0, model comm group 0)  has low/high range 9585 / 11502
[2025-10-05 09:53:39,923][anemoi.training.data.dataset.singledataset][INFO] - Worker 5 (train, pid 1387633, glob. rank 0, model comm group 0, group_rank 0, seed group id 0, base_seed 36073970, sanity rnd 0.481121)
[2025-10-05 09:53:39,927][anemoi.training.data.dataset.singledataset][INFO] - Worker 7 (pid 1387635, global_rank 2, model comm group 2)  has low/high range 44099 / 46016
[2025-10-05 09:53:39,927][anemoi.training.data.dataset.singledataset][INFO] - Worker 7 (pid 1387638, global_rank 1, model comm group 1)  has low/high range 28759 / 30676
[2025-10-05 09:53:39,930][anemoi.training.data.dataset.singledataset][INFO] - Worker 7 (train, pid 1387638, glob. rank 1, model comm group 1, group_rank 0, seed group id 1, base_seed 36073970, sanity rnd 0.481121)
[2025-10-05 09:53:39,930][anemoi.training.data.dataset.singledataset][INFO] - Worker 7 (train, pid 1387635, glob. rank 2, model comm group 2, group_rank 0, seed group id 2, base_seed 36073970, sanity rnd 0.481121)
[2025-10-05 09:53:39,951][anemoi.training.data.dataset.singledataset][INFO] - Worker 5 (pid 1387657, global_rank 3, model comm group 3)  has low/high range 55605 / 57522
[2025-10-05 09:53:39,954][anemoi.training.data.dataset.singledataset][INFO] - Worker 5 (train, pid 1387657, glob. rank 3, model comm group 3, group_rank 0, seed group id 3, base_seed 36073970, sanity rnd 0.481121)
[2025-10-05 09:53:39,954][anemoi.training.data.dataset.singledataset][INFO] - Worker 6 (pid 1387659, global_rank 0, model comm group 0)  has low/high range 11502 / 13419
[2025-10-05 09:53:39,957][anemoi.training.data.dataset.singledataset][INFO] - Worker 6 (train, pid 1387659, glob. rank 0, model comm group 0, group_rank 0, seed group id 0, base_seed 36073970, sanity rnd 0.481121)
[2025-10-05 09:53:39,990][anemoi.training.data.dataset.singledataset][INFO] - Worker 6 (pid 1387661, global_rank 3, model comm group 3)  has low/high range 57522 / 59439
[2025-10-05 09:53:39,992][anemoi.training.data.dataset.singledataset][INFO] - Worker 6 (train, pid 1387661, glob. rank 3, model comm group 3, group_rank 0, seed group id 3, base_seed 36073970, sanity rnd 0.481121)
[2025-10-05 09:53:39,994][anemoi.training.data.dataset.singledataset][INFO] - Worker 7 (pid 1387662, global_rank 0, model comm group 0)  has low/high range 13419 / 15336
[2025-10-05 09:53:39,997][anemoi.training.data.dataset.singledataset][INFO] - Worker 7 (train, pid 1387662, glob. rank 0, model comm group 0, group_rank 0, seed group id 0, base_seed 36073970, sanity rnd 0.481121)
[2025-10-05 09:53:40,028][anemoi.training.data.dataset.singledataset][INFO] - Worker 7 (pid 1387674, global_rank 3, model comm group 3)  has low/high range 59439 / 61356
[2025-10-05 09:53:40,031][anemoi.training.data.dataset.singledataset][INFO] - Worker 7 (train, pid 1387674, glob. rank 3, model comm group 3, group_rank 0, seed group id 3, base_seed 36073970, sanity rnd 0.481121)
[2025-10-05 09:53:43,766][anemoi.models.data_indices.collection][INFO] - The order of the variables in the model matches the order in the data.
[2025-10-05 09:53:44,000][anemoi.models.data_indices.collection][INFO] - The order of the variables in the model matches the order in the data.
[2025-10-05 09:53:44,106][anemoi.models.data_indices.collection][INFO] - The order of the variables in the model matches the order in the data.
[2025-10-05 09:53:44,180][anemoi.models.data_indices.collection][INFO] - The order of the variables in the model matches the order in the data.
[2025-10-05 10:16:42,020][anemoi.models.data_indices.collection][INFO] - The order of the variables in the model matches the order in the data.
[2025-10-05 10:16:42,021][anemoi.models.data_indices.collection][INFO] - The order of the variables in the model matches the order in the data.
[2025-10-05 10:16:42,021][anemoi.models.data_indices.collection][INFO] - The order of the variables in the model matches the order in the data.
[2025-10-05 10:16:42,023][anemoi.models.data_indices.collection][INFO] - The order of the variables in the model matches the order in the data.
[2025-10-05 10:17:01,828][anemoi.utils.checkpoints][INFO] - Adding extra information to checkpoint /lus/h2resw01/scratch/momc/checkpoint/bdb69e0cd85140cfbc495d0ab90079a8/inference-last.ckpt
[2025-10-05 10:17:01,829][anemoi.utils.checkpoints][INFO] - Saving metadata to inference-last/anemoi-metadata/ai-models.json
[2025-10-05 10:17:01,830][anemoi.utils.checkpoints][INFO] - Saving supporting array `latitudes` to inference-last/anemoi-metadata/latitudes.numpy (shape=(10944,), dtype=float64)
[2025-10-05 10:17:01,830][anemoi.utils.checkpoints][INFO] - Saving supporting array `longitudes` to inference-last/anemoi-metadata/longitudes.numpy (shape=(10944,), dtype=float64)
[2025-10-05 10:17:02,527][anemoi.utils.checkpoints][INFO] - Adding extra information to checkpoint /lus/h2resw01/scratch/momc/checkpoint/bdb69e0cd85140cfbc495d0ab90079a8/last.ckpt
[2025-10-05 10:17:02,527][anemoi.utils.checkpoints][INFO] - Saving metadata to archive/anemoi-metadata/ai-models.json
[2025-10-05 10:17:02,529][anemoi.utils.checkpoints][INFO] - Saving supporting array `latitudes` to archive/anemoi-metadata/latitudes.numpy (shape=(10944,), dtype=float64)
[2025-10-05 10:17:02,529][anemoi.utils.checkpoints][INFO] - Saving supporting array `longitudes` to archive/anemoi-metadata/longitudes.numpy (shape=(10944,), dtype=float64)
[2025-10-05 10:17:02,944][anemoi.utils.checkpoints][INFO] - Adding extra information to checkpoint /lus/h2resw01/scratch/momc/checkpoint/bdb69e0cd85140cfbc495d0ab90079a8/inference-anemoi-by_epoch-epoch_000-step_003840.ckpt
[2025-10-05 10:17:02,944][anemoi.utils.checkpoints][INFO] - Saving metadata to inference-anemoi-by_epoch-epoch_000-step_003840/anemoi-metadata/ai-models.json
[2025-10-05 10:17:02,945][anemoi.utils.checkpoints][INFO] - Saving supporting array `latitudes` to inference-anemoi-by_epoch-epoch_000-step_003840/anemoi-metadata/latitudes.numpy (shape=(10944,), dtype=float64)
[2025-10-05 10:17:02,946][anemoi.utils.checkpoints][INFO] - Saving supporting array `longitudes` to inference-anemoi-by_epoch-epoch_000-step_003840/anemoi-metadata/longitudes.numpy (shape=(10944,), dtype=float64)
[2025-10-05 10:17:03,633][anemoi.utils.checkpoints][INFO] - Adding extra information to checkpoint /lus/h2resw01/scratch/momc/checkpoint/bdb69e0cd85140cfbc495d0ab90079a8/anemoi-by_epoch-epoch_000-step_003840.ckpt
[2025-10-05 10:17:03,634][anemoi.utils.checkpoints][INFO] - Saving metadata to archive/anemoi-metadata/ai-models.json
[2025-10-05 10:17:03,635][anemoi.utils.checkpoints][INFO] - Saving supporting array `latitudes` to archive/anemoi-metadata/latitudes.numpy (shape=(10944,), dtype=float64)
[2025-10-05 10:17:03,635][anemoi.utils.checkpoints][INFO] - Saving supporting array `longitudes` to archive/anemoi-metadata/longitudes.numpy (shape=(10944,), dtype=float64)
[2025-10-05 10:17:03,764][anemoi.utils.checkpoints][INFO] - Adding extra information to checkpoint /lus/h2resw01/scratch/momc/checkpoint/bdb69e0cd85140cfbc495d0ab90079a8/inference-last.ckpt
[2025-10-05 10:17:03,764][anemoi.utils.checkpoints][INFO] - Saving metadata to inference-last/anemoi-metadata/ai-models.json
[2025-10-05 10:17:03,766][anemoi.utils.checkpoints][INFO] - Saving supporting array `latitudes` to inference-last/anemoi-metadata/latitudes.numpy (shape=(10944,), dtype=float64)
[2025-10-05 10:17:03,766][anemoi.utils.checkpoints][INFO] - Saving supporting array `longitudes` to inference-last/anemoi-metadata/longitudes.numpy (shape=(10944,), dtype=float64)
[2025-10-05 10:17:04,519][anemoi.utils.checkpoints][INFO] - Adding extra information to checkpoint /lus/h2resw01/scratch/momc/checkpoint/bdb69e0cd85140cfbc495d0ab90079a8/last.ckpt
[2025-10-05 10:17:04,519][anemoi.utils.checkpoints][INFO] - Saving metadata to archive/anemoi-metadata/ai-models.json
[2025-10-05 10:17:04,521][anemoi.utils.checkpoints][INFO] - Saving supporting array `latitudes` to archive/anemoi-metadata/latitudes.numpy (shape=(10944,), dtype=float64)
[2025-10-05 10:17:04,521][anemoi.utils.checkpoints][INFO] - Saving supporting array `longitudes` to archive/anemoi-metadata/longitudes.numpy (shape=(10944,), dtype=float64)
[2025-10-05 10:39:49,398][anemoi.models.data_indices.collection][INFO] - The order of the variables in the model matches the order in the data.
[2025-10-05 10:39:49,399][anemoi.models.data_indices.collection][INFO] - The order of the variables in the model matches the order in the data.
[2025-10-05 10:39:49,399][anemoi.models.data_indices.collection][INFO] - The order of the variables in the model matches the order in the data.
[2025-10-05 10:39:49,400][anemoi.models.data_indices.collection][INFO] - The order of the variables in the model matches the order in the data.
[2025-10-05 10:40:08,842][anemoi.utils.checkpoints][INFO] - Adding extra information to checkpoint /lus/h2resw01/scratch/momc/checkpoint/bdb69e0cd85140cfbc495d0ab90079a8/inference-last.ckpt
[2025-10-05 10:40:08,842][anemoi.utils.checkpoints][INFO] - Saving metadata to inference-last/anemoi-metadata/ai-models.json
[2025-10-05 10:40:08,844][anemoi.utils.checkpoints][INFO] - Saving supporting array `latitudes` to inference-last/anemoi-metadata/latitudes.numpy (shape=(10944,), dtype=float64)
[2025-10-05 10:40:08,844][anemoi.utils.checkpoints][INFO] - Saving supporting array `longitudes` to inference-last/anemoi-metadata/longitudes.numpy (shape=(10944,), dtype=float64)
[2025-10-05 10:40:09,583][anemoi.utils.checkpoints][INFO] - Adding extra information to checkpoint /lus/h2resw01/scratch/momc/checkpoint/bdb69e0cd85140cfbc495d0ab90079a8/last.ckpt
[2025-10-05 10:40:09,583][anemoi.utils.checkpoints][INFO] - Saving metadata to archive/anemoi-metadata/ai-models.json
[2025-10-05 10:40:09,584][anemoi.utils.checkpoints][INFO] - Saving supporting array `latitudes` to archive/anemoi-metadata/latitudes.numpy (shape=(10944,), dtype=float64)
[2025-10-05 10:40:09,584][anemoi.utils.checkpoints][INFO] - Saving supporting array `longitudes` to archive/anemoi-metadata/longitudes.numpy (shape=(10944,), dtype=float64)
[2025-10-05 10:40:09,696][anemoi.utils.checkpoints][INFO] - Adding extra information to checkpoint /lus/h2resw01/scratch/momc/checkpoint/bdb69e0cd85140cfbc495d0ab90079a8/inference-anemoi-by_epoch-epoch_001-step_007680.ckpt
[2025-10-05 10:40:09,696][anemoi.utils.checkpoints][INFO] - Saving metadata to inference-anemoi-by_epoch-epoch_001-step_007680/anemoi-metadata/ai-models.json
[2025-10-05 10:40:09,698][anemoi.utils.checkpoints][INFO] - Saving supporting array `latitudes` to inference-anemoi-by_epoch-epoch_001-step_007680/anemoi-metadata/latitudes.numpy (shape=(10944,), dtype=float64)
[2025-10-05 10:40:09,698][anemoi.utils.checkpoints][INFO] - Saving supporting array `longitudes` to inference-anemoi-by_epoch-epoch_001-step_007680/anemoi-metadata/longitudes.numpy (shape=(10944,), dtype=float64)
[2025-10-05 10:40:10,373][anemoi.utils.checkpoints][INFO] - Adding extra information to checkpoint /lus/h2resw01/scratch/momc/checkpoint/bdb69e0cd85140cfbc495d0ab90079a8/anemoi-by_epoch-epoch_001-step_007680.ckpt
[2025-10-05 10:40:10,373][anemoi.utils.checkpoints][INFO] - Saving metadata to archive/anemoi-metadata/ai-models.json
[2025-10-05 10:40:10,374][anemoi.utils.checkpoints][INFO] - Saving supporting array `latitudes` to archive/anemoi-metadata/latitudes.numpy (shape=(10944,), dtype=float64)
[2025-10-05 10:40:10,374][anemoi.utils.checkpoints][INFO] - Saving supporting array `longitudes` to archive/anemoi-metadata/longitudes.numpy (shape=(10944,), dtype=float64)
[2025-10-05 10:40:10,497][anemoi.utils.checkpoints][INFO] - Adding extra information to checkpoint /lus/h2resw01/scratch/momc/checkpoint/bdb69e0cd85140cfbc495d0ab90079a8/inference-last.ckpt
[2025-10-05 10:40:10,497][anemoi.utils.checkpoints][INFO] - Saving metadata to inference-last/anemoi-metadata/ai-models.json
[2025-10-05 10:40:10,498][anemoi.utils.checkpoints][INFO] - Saving supporting array `latitudes` to inference-last/anemoi-metadata/latitudes.numpy (shape=(10944,), dtype=float64)
[2025-10-05 10:40:10,499][anemoi.utils.checkpoints][INFO] - Saving supporting array `longitudes` to inference-last/anemoi-metadata/longitudes.numpy (shape=(10944,), dtype=float64)
[2025-10-05 10:40:11,219][anemoi.utils.checkpoints][INFO] - Adding extra information to checkpoint /lus/h2resw01/scratch/momc/checkpoint/bdb69e0cd85140cfbc495d0ab90079a8/last.ckpt
[2025-10-05 10:40:11,219][anemoi.utils.checkpoints][INFO] - Saving metadata to archive/anemoi-metadata/ai-models.json
[2025-10-05 10:40:11,220][anemoi.utils.checkpoints][INFO] - Saving supporting array `latitudes` to archive/anemoi-metadata/latitudes.numpy (shape=(10944,), dtype=float64)
[2025-10-05 10:40:11,221][anemoi.utils.checkpoints][INFO] - Saving supporting array `longitudes` to archive/anemoi-metadata/longitudes.numpy (shape=(10944,), dtype=float64)
[2025-10-05 11:02:55,219][anemoi.models.data_indices.collection][INFO] - The order of the variables in the model matches the order in the data.
[2025-10-05 11:02:55,220][anemoi.models.data_indices.collection][INFO] - The order of the variables in the model matches the order in the data.
[2025-10-05 11:02:55,220][anemoi.models.data_indices.collection][INFO] - The order of the variables in the model matches the order in the data.
[2025-10-05 11:02:55,220][anemoi.models.data_indices.collection][INFO] - The order of the variables in the model matches the order in the data.
[2025-10-05 11:03:14,889][anemoi.utils.checkpoints][INFO] - Adding extra information to checkpoint /lus/h2resw01/scratch/momc/checkpoint/bdb69e0cd85140cfbc495d0ab90079a8/inference-last.ckpt
[2025-10-05 11:03:14,890][anemoi.utils.checkpoints][INFO] - Saving metadata to inference-last/anemoi-metadata/ai-models.json
[2025-10-05 11:03:14,891][anemoi.utils.checkpoints][INFO] - Saving supporting array `latitudes` to inference-last/anemoi-metadata/latitudes.numpy (shape=(10944,), dtype=float64)
[2025-10-05 11:03:14,891][anemoi.utils.checkpoints][INFO] - Saving supporting array `longitudes` to inference-last/anemoi-metadata/longitudes.numpy (shape=(10944,), dtype=float64)
[2025-10-05 11:03:15,610][anemoi.utils.checkpoints][INFO] - Adding extra information to checkpoint /lus/h2resw01/scratch/momc/checkpoint/bdb69e0cd85140cfbc495d0ab90079a8/last.ckpt
[2025-10-05 11:03:15,611][anemoi.utils.checkpoints][INFO] - Saving metadata to archive/anemoi-metadata/ai-models.json
[2025-10-05 11:03:15,612][anemoi.utils.checkpoints][INFO] - Saving supporting array `latitudes` to archive/anemoi-metadata/latitudes.numpy (shape=(10944,), dtype=float64)
[2025-10-05 11:03:15,612][anemoi.utils.checkpoints][INFO] - Saving supporting array `longitudes` to archive/anemoi-metadata/longitudes.numpy (shape=(10944,), dtype=float64)
[2025-10-05 11:03:15,724][anemoi.utils.checkpoints][INFO] - Adding extra information to checkpoint /lus/h2resw01/scratch/momc/checkpoint/bdb69e0cd85140cfbc495d0ab90079a8/inference-anemoi-by_epoch-epoch_002-step_011520.ckpt
[2025-10-05 11:03:15,724][anemoi.utils.checkpoints][INFO] - Saving metadata to inference-anemoi-by_epoch-epoch_002-step_011520/anemoi-metadata/ai-models.json
[2025-10-05 11:03:15,725][anemoi.utils.checkpoints][INFO] - Saving supporting array `latitudes` to inference-anemoi-by_epoch-epoch_002-step_011520/anemoi-metadata/latitudes.numpy (shape=(10944,), dtype=float64)
[2025-10-05 11:03:15,725][anemoi.utils.checkpoints][INFO] - Saving supporting array `longitudes` to inference-anemoi-by_epoch-epoch_002-step_011520/anemoi-metadata/longitudes.numpy (shape=(10944,), dtype=float64)
[2025-10-05 11:03:16,738][anemoi.utils.checkpoints][INFO] - Adding extra information to checkpoint /lus/h2resw01/scratch/momc/checkpoint/bdb69e0cd85140cfbc495d0ab90079a8/anemoi-by_epoch-epoch_002-step_011520.ckpt
[2025-10-05 11:03:16,738][anemoi.utils.checkpoints][INFO] - Saving metadata to archive/anemoi-metadata/ai-models.json
[2025-10-05 11:03:16,739][anemoi.utils.checkpoints][INFO] - Saving supporting array `latitudes` to archive/anemoi-metadata/latitudes.numpy (shape=(10944,), dtype=float64)
[2025-10-05 11:03:16,740][anemoi.utils.checkpoints][INFO] - Saving supporting array `longitudes` to archive/anemoi-metadata/longitudes.numpy (shape=(10944,), dtype=float64)
[2025-10-05 11:03:16,863][anemoi.utils.checkpoints][INFO] - Adding extra information to checkpoint /lus/h2resw01/scratch/momc/checkpoint/bdb69e0cd85140cfbc495d0ab90079a8/inference-last.ckpt
[2025-10-05 11:03:16,863][anemoi.utils.checkpoints][INFO] - Saving metadata to inference-last/anemoi-metadata/ai-models.json
[2025-10-05 11:03:16,864][anemoi.utils.checkpoints][INFO] - Saving supporting array `latitudes` to inference-last/anemoi-metadata/latitudes.numpy (shape=(10944,), dtype=float64)
[2025-10-05 11:03:16,864][anemoi.utils.checkpoints][INFO] - Saving supporting array `longitudes` to inference-last/anemoi-metadata/longitudes.numpy (shape=(10944,), dtype=float64)
[2025-10-05 11:03:17,581][anemoi.utils.checkpoints][INFO] - Adding extra information to checkpoint /lus/h2resw01/scratch/momc/checkpoint/bdb69e0cd85140cfbc495d0ab90079a8/last.ckpt
[2025-10-05 11:03:17,581][anemoi.utils.checkpoints][INFO] - Saving metadata to archive/anemoi-metadata/ai-models.json
[2025-10-05 11:03:17,583][anemoi.utils.checkpoints][INFO] - Saving supporting array `latitudes` to archive/anemoi-metadata/latitudes.numpy (shape=(10944,), dtype=float64)
[2025-10-05 11:03:17,583][anemoi.utils.checkpoints][INFO] - Saving supporting array `longitudes` to archive/anemoi-metadata/longitudes.numpy (shape=(10944,), dtype=float64)
[2025-10-05 11:26:03,037][anemoi.models.data_indices.collection][INFO] - The order of the variables in the model matches the order in the data.
[2025-10-05 11:26:03,038][anemoi.models.data_indices.collection][INFO] - The order of the variables in the model matches the order in the data.
[2025-10-05 11:26:03,038][anemoi.models.data_indices.collection][INFO] - The order of the variables in the model matches the order in the data.
[2025-10-05 11:26:03,039][anemoi.models.data_indices.collection][INFO] - The order of the variables in the model matches the order in the data.
[2025-10-05 11:26:22,888][anemoi.utils.checkpoints][INFO] - Adding extra information to checkpoint /lus/h2resw01/scratch/momc/checkpoint/bdb69e0cd85140cfbc495d0ab90079a8/inference-last.ckpt
[2025-10-05 11:26:22,888][anemoi.utils.checkpoints][INFO] - Saving metadata to inference-last/anemoi-metadata/ai-models.json
[2025-10-05 11:26:22,889][anemoi.utils.checkpoints][INFO] - Saving supporting array `latitudes` to inference-last/anemoi-metadata/latitudes.numpy (shape=(10944,), dtype=float64)
[2025-10-05 11:26:22,889][anemoi.utils.checkpoints][INFO] - Saving supporting array `longitudes` to inference-last/anemoi-metadata/longitudes.numpy (shape=(10944,), dtype=float64)
[2025-10-05 11:26:23,608][anemoi.utils.checkpoints][INFO] - Adding extra information to checkpoint /lus/h2resw01/scratch/momc/checkpoint/bdb69e0cd85140cfbc495d0ab90079a8/last.ckpt
[2025-10-05 11:26:23,608][anemoi.utils.checkpoints][INFO] - Saving metadata to archive/anemoi-metadata/ai-models.json
[2025-10-05 11:26:23,609][anemoi.utils.checkpoints][INFO] - Saving supporting array `latitudes` to archive/anemoi-metadata/latitudes.numpy (shape=(10944,), dtype=float64)
[2025-10-05 11:26:23,610][anemoi.utils.checkpoints][INFO] - Saving supporting array `longitudes` to archive/anemoi-metadata/longitudes.numpy (shape=(10944,), dtype=float64)
[2025-10-05 11:26:23,721][anemoi.utils.checkpoints][INFO] - Adding extra information to checkpoint /lus/h2resw01/scratch/momc/checkpoint/bdb69e0cd85140cfbc495d0ab90079a8/inference-anemoi-by_epoch-epoch_003-step_015360.ckpt
[2025-10-05 11:26:23,721][anemoi.utils.checkpoints][INFO] - Saving metadata to inference-anemoi-by_epoch-epoch_003-step_015360/anemoi-metadata/ai-models.json
[2025-10-05 11:26:23,723][anemoi.utils.checkpoints][INFO] - Saving supporting array `latitudes` to inference-anemoi-by_epoch-epoch_003-step_015360/anemoi-metadata/latitudes.numpy (shape=(10944,), dtype=float64)
[2025-10-05 11:26:23,723][anemoi.utils.checkpoints][INFO] - Saving supporting array `longitudes` to inference-anemoi-by_epoch-epoch_003-step_015360/anemoi-metadata/longitudes.numpy (shape=(10944,), dtype=float64)
[2025-10-05 11:26:24,391][anemoi.utils.checkpoints][INFO] - Adding extra information to checkpoint /lus/h2resw01/scratch/momc/checkpoint/bdb69e0cd85140cfbc495d0ab90079a8/anemoi-by_epoch-epoch_003-step_015360.ckpt
[2025-10-05 11:26:24,392][anemoi.utils.checkpoints][INFO] - Saving metadata to archive/anemoi-metadata/ai-models.json
[2025-10-05 11:26:24,393][anemoi.utils.checkpoints][INFO] - Saving supporting array `latitudes` to archive/anemoi-metadata/latitudes.numpy (shape=(10944,), dtype=float64)
[2025-10-05 11:26:24,393][anemoi.utils.checkpoints][INFO] - Saving supporting array `longitudes` to archive/anemoi-metadata/longitudes.numpy (shape=(10944,), dtype=float64)
[2025-10-05 11:26:24,515][anemoi.utils.checkpoints][INFO] - Adding extra information to checkpoint /lus/h2resw01/scratch/momc/checkpoint/bdb69e0cd85140cfbc495d0ab90079a8/inference-last.ckpt
[2025-10-05 11:26:24,515][anemoi.utils.checkpoints][INFO] - Saving metadata to inference-last/anemoi-metadata/ai-models.json
[2025-10-05 11:26:24,516][anemoi.utils.checkpoints][INFO] - Saving supporting array `latitudes` to inference-last/anemoi-metadata/latitudes.numpy (shape=(10944,), dtype=float64)
[2025-10-05 11:26:24,517][anemoi.utils.checkpoints][INFO] - Saving supporting array `longitudes` to inference-last/anemoi-metadata/longitudes.numpy (shape=(10944,), dtype=float64)
[2025-10-05 11:26:25,221][anemoi.utils.checkpoints][INFO] - Adding extra information to checkpoint /lus/h2resw01/scratch/momc/checkpoint/bdb69e0cd85140cfbc495d0ab90079a8/last.ckpt
[2025-10-05 11:26:25,221][anemoi.utils.checkpoints][INFO] - Saving metadata to archive/anemoi-metadata/ai-models.json
[2025-10-05 11:26:25,222][anemoi.utils.checkpoints][INFO] - Saving supporting array `latitudes` to archive/anemoi-metadata/latitudes.numpy (shape=(10944,), dtype=float64)
[2025-10-05 11:26:25,223][anemoi.utils.checkpoints][INFO] - Saving supporting array `longitudes` to archive/anemoi-metadata/longitudes.numpy (shape=(10944,), dtype=float64)
[2025-10-05 11:49:09,277][anemoi.models.data_indices.collection][INFO] - The order of the variables in the model matches the order in the data.
[2025-10-05 11:49:09,278][anemoi.models.data_indices.collection][INFO] - The order of the variables in the model matches the order in the data.
[2025-10-05 11:49:09,278][anemoi.models.data_indices.collection][INFO] - The order of the variables in the model matches the order in the data.
[2025-10-05 11:49:09,284][anemoi.models.data_indices.collection][INFO] - The order of the variables in the model matches the order in the data.
[2025-10-05 11:49:28,956][anemoi.utils.checkpoints][INFO] - Adding extra information to checkpoint /lus/h2resw01/scratch/momc/checkpoint/bdb69e0cd85140cfbc495d0ab90079a8/inference-last.ckpt
[2025-10-05 11:49:28,957][anemoi.utils.checkpoints][INFO] - Saving metadata to inference-last/anemoi-metadata/ai-models.json
[2025-10-05 11:49:28,958][anemoi.utils.checkpoints][INFO] - Saving supporting array `latitudes` to inference-last/anemoi-metadata/latitudes.numpy (shape=(10944,), dtype=float64)
[2025-10-05 11:49:28,958][anemoi.utils.checkpoints][INFO] - Saving supporting array `longitudes` to inference-last/anemoi-metadata/longitudes.numpy (shape=(10944,), dtype=float64)
[2025-10-05 11:49:29,687][anemoi.utils.checkpoints][INFO] - Adding extra information to checkpoint /lus/h2resw01/scratch/momc/checkpoint/bdb69e0cd85140cfbc495d0ab90079a8/last.ckpt
[2025-10-05 11:49:29,687][anemoi.utils.checkpoints][INFO] - Saving metadata to archive/anemoi-metadata/ai-models.json
[2025-10-05 11:49:29,688][anemoi.utils.checkpoints][INFO] - Saving supporting array `latitudes` to archive/anemoi-metadata/latitudes.numpy (shape=(10944,), dtype=float64)
[2025-10-05 11:49:29,688][anemoi.utils.checkpoints][INFO] - Saving supporting array `longitudes` to archive/anemoi-metadata/longitudes.numpy (shape=(10944,), dtype=float64)
[2025-10-05 11:49:29,799][anemoi.utils.checkpoints][INFO] - Adding extra information to checkpoint /lus/h2resw01/scratch/momc/checkpoint/bdb69e0cd85140cfbc495d0ab90079a8/inference-anemoi-by_epoch-epoch_004-step_019200.ckpt
[2025-10-05 11:49:29,799][anemoi.utils.checkpoints][INFO] - Saving metadata to inference-anemoi-by_epoch-epoch_004-step_019200/anemoi-metadata/ai-models.json
[2025-10-05 11:49:29,800][anemoi.utils.checkpoints][INFO] - Saving supporting array `latitudes` to inference-anemoi-by_epoch-epoch_004-step_019200/anemoi-metadata/latitudes.numpy (shape=(10944,), dtype=float64)
[2025-10-05 11:49:29,800][anemoi.utils.checkpoints][INFO] - Saving supporting array `longitudes` to inference-anemoi-by_epoch-epoch_004-step_019200/anemoi-metadata/longitudes.numpy (shape=(10944,), dtype=float64)
[2025-10-05 11:49:30,501][anemoi.utils.checkpoints][INFO] - Adding extra information to checkpoint /lus/h2resw01/scratch/momc/checkpoint/bdb69e0cd85140cfbc495d0ab90079a8/anemoi-by_epoch-epoch_004-step_019200.ckpt
[2025-10-05 11:49:30,501][anemoi.utils.checkpoints][INFO] - Saving metadata to archive/anemoi-metadata/ai-models.json
[2025-10-05 11:49:30,503][anemoi.utils.checkpoints][INFO] - Saving supporting array `latitudes` to archive/anemoi-metadata/latitudes.numpy (shape=(10944,), dtype=float64)
[2025-10-05 11:49:30,503][anemoi.utils.checkpoints][INFO] - Saving supporting array `longitudes` to archive/anemoi-metadata/longitudes.numpy (shape=(10944,), dtype=float64)
[2025-10-05 11:49:30,687][anemoi.utils.checkpoints][INFO] - Adding extra information to checkpoint /lus/h2resw01/scratch/momc/checkpoint/bdb69e0cd85140cfbc495d0ab90079a8/inference-last.ckpt
[2025-10-05 11:49:30,687][anemoi.utils.checkpoints][INFO] - Saving metadata to inference-last/anemoi-metadata/ai-models.json
[2025-10-05 11:49:30,688][anemoi.utils.checkpoints][INFO] - Saving supporting array `latitudes` to inference-last/anemoi-metadata/latitudes.numpy (shape=(10944,), dtype=float64)
[2025-10-05 11:49:30,689][anemoi.utils.checkpoints][INFO] - Saving supporting array `longitudes` to inference-last/anemoi-metadata/longitudes.numpy (shape=(10944,), dtype=float64)
[2025-10-05 11:49:31,422][anemoi.utils.checkpoints][INFO] - Adding extra information to checkpoint /lus/h2resw01/scratch/momc/checkpoint/bdb69e0cd85140cfbc495d0ab90079a8/last.ckpt
[2025-10-05 11:49:31,422][anemoi.utils.checkpoints][INFO] - Saving metadata to archive/anemoi-metadata/ai-models.json
[2025-10-05 11:49:31,423][anemoi.utils.checkpoints][INFO] - Saving supporting array `latitudes` to archive/anemoi-metadata/latitudes.numpy (shape=(10944,), dtype=float64)
[2025-10-05 11:49:31,423][anemoi.utils.checkpoints][INFO] - Saving supporting array `longitudes` to archive/anemoi-metadata/longitudes.numpy (shape=(10944,), dtype=float64)
[2025-10-05 12:12:14,166][anemoi.models.data_indices.collection][INFO] - The order of the variables in the model matches the order in the data.
[2025-10-05 12:12:14,167][anemoi.models.data_indices.collection][INFO] - The order of the variables in the model matches the order in the data.
[2025-10-05 12:12:14,167][anemoi.models.data_indices.collection][INFO] - The order of the variables in the model matches the order in the data.
[2025-10-05 12:12:14,167][anemoi.models.data_indices.collection][INFO] - The order of the variables in the model matches the order in the data.
[2025-10-05 12:12:33,621][anemoi.utils.checkpoints][INFO] - Adding extra information to checkpoint /lus/h2resw01/scratch/momc/checkpoint/bdb69e0cd85140cfbc495d0ab90079a8/inference-last.ckpt
[2025-10-05 12:12:33,621][anemoi.utils.checkpoints][INFO] - Saving metadata to inference-last/anemoi-metadata/ai-models.json
[2025-10-05 12:12:33,622][anemoi.utils.checkpoints][INFO] - Saving supporting array `latitudes` to inference-last/anemoi-metadata/latitudes.numpy (shape=(10944,), dtype=float64)
[2025-10-05 12:12:33,622][anemoi.utils.checkpoints][INFO] - Saving supporting array `longitudes` to inference-last/anemoi-metadata/longitudes.numpy (shape=(10944,), dtype=float64)
[2025-10-05 12:12:34,376][anemoi.utils.checkpoints][INFO] - Adding extra information to checkpoint /lus/h2resw01/scratch/momc/checkpoint/bdb69e0cd85140cfbc495d0ab90079a8/last.ckpt
[2025-10-05 12:12:34,377][anemoi.utils.checkpoints][INFO] - Saving metadata to archive/anemoi-metadata/ai-models.json
[2025-10-05 12:12:34,378][anemoi.utils.checkpoints][INFO] - Saving supporting array `latitudes` to archive/anemoi-metadata/latitudes.numpy (shape=(10944,), dtype=float64)
[2025-10-05 12:12:34,378][anemoi.utils.checkpoints][INFO] - Saving supporting array `longitudes` to archive/anemoi-metadata/longitudes.numpy (shape=(10944,), dtype=float64)
[2025-10-05 12:12:34,492][anemoi.utils.checkpoints][INFO] - Adding extra information to checkpoint /lus/h2resw01/scratch/momc/checkpoint/bdb69e0cd85140cfbc495d0ab90079a8/inference-anemoi-by_epoch-epoch_005-step_023040.ckpt
[2025-10-05 12:12:34,492][anemoi.utils.checkpoints][INFO] - Saving metadata to inference-anemoi-by_epoch-epoch_005-step_023040/anemoi-metadata/ai-models.json
[2025-10-05 12:12:34,494][anemoi.utils.checkpoints][INFO] - Saving supporting array `latitudes` to inference-anemoi-by_epoch-epoch_005-step_023040/anemoi-metadata/latitudes.numpy (shape=(10944,), dtype=float64)
[2025-10-05 12:12:34,494][anemoi.utils.checkpoints][INFO] - Saving supporting array `longitudes` to inference-anemoi-by_epoch-epoch_005-step_023040/anemoi-metadata/longitudes.numpy (shape=(10944,), dtype=float64)
[2025-10-05 12:12:35,179][anemoi.utils.checkpoints][INFO] - Adding extra information to checkpoint /lus/h2resw01/scratch/momc/checkpoint/bdb69e0cd85140cfbc495d0ab90079a8/anemoi-by_epoch-epoch_005-step_023040.ckpt
[2025-10-05 12:12:35,179][anemoi.utils.checkpoints][INFO] - Saving metadata to archive/anemoi-metadata/ai-models.json
[2025-10-05 12:12:35,181][anemoi.utils.checkpoints][INFO] - Saving supporting array `latitudes` to archive/anemoi-metadata/latitudes.numpy (shape=(10944,), dtype=float64)
[2025-10-05 12:12:35,181][anemoi.utils.checkpoints][INFO] - Saving supporting array `longitudes` to archive/anemoi-metadata/longitudes.numpy (shape=(10944,), dtype=float64)
[2025-10-05 12:12:35,311][anemoi.utils.checkpoints][INFO] - Adding extra information to checkpoint /lus/h2resw01/scratch/momc/checkpoint/bdb69e0cd85140cfbc495d0ab90079a8/inference-last.ckpt
[2025-10-05 12:12:35,311][anemoi.utils.checkpoints][INFO] - Saving metadata to inference-last/anemoi-metadata/ai-models.json
[2025-10-05 12:12:35,312][anemoi.utils.checkpoints][INFO] - Saving supporting array `latitudes` to inference-last/anemoi-metadata/latitudes.numpy (shape=(10944,), dtype=float64)
[2025-10-05 12:12:35,312][anemoi.utils.checkpoints][INFO] - Saving supporting array `longitudes` to inference-last/anemoi-metadata/longitudes.numpy (shape=(10944,), dtype=float64)
[2025-10-05 12:12:36,036][anemoi.utils.checkpoints][INFO] - Adding extra information to checkpoint /lus/h2resw01/scratch/momc/checkpoint/bdb69e0cd85140cfbc495d0ab90079a8/last.ckpt
[2025-10-05 12:12:36,036][anemoi.utils.checkpoints][INFO] - Saving metadata to archive/anemoi-metadata/ai-models.json
[2025-10-05 12:12:36,037][anemoi.utils.checkpoints][INFO] - Saving supporting array `latitudes` to archive/anemoi-metadata/latitudes.numpy (shape=(10944,), dtype=float64)
[2025-10-05 12:12:36,038][anemoi.utils.checkpoints][INFO] - Saving supporting array `longitudes` to archive/anemoi-metadata/longitudes.numpy (shape=(10944,), dtype=float64)
[2025-10-05 12:35:16,084][anemoi.models.data_indices.collection][INFO] - The order of the variables in the model matches the order in the data.
[2025-10-05 12:35:16,084][anemoi.models.data_indices.collection][INFO] - The order of the variables in the model matches the order in the data.
[2025-10-05 12:35:16,085][anemoi.models.data_indices.collection][INFO] - The order of the variables in the model matches the order in the data.
[2025-10-05 12:35:16,085][anemoi.models.data_indices.collection][INFO] - The order of the variables in the model matches the order in the data.
[2025-10-05 12:35:35,862][anemoi.utils.checkpoints][INFO] - Adding extra information to checkpoint /lus/h2resw01/scratch/momc/checkpoint/bdb69e0cd85140cfbc495d0ab90079a8/inference-last.ckpt
[2025-10-05 12:35:35,862][anemoi.utils.checkpoints][INFO] - Saving metadata to inference-last/anemoi-metadata/ai-models.json
[2025-10-05 12:35:35,863][anemoi.utils.checkpoints][INFO] - Saving supporting array `latitudes` to inference-last/anemoi-metadata/latitudes.numpy (shape=(10944,), dtype=float64)
[2025-10-05 12:35:35,864][anemoi.utils.checkpoints][INFO] - Saving supporting array `longitudes` to inference-last/anemoi-metadata/longitudes.numpy (shape=(10944,), dtype=float64)
[2025-10-05 12:35:36,582][anemoi.utils.checkpoints][INFO] - Adding extra information to checkpoint /lus/h2resw01/scratch/momc/checkpoint/bdb69e0cd85140cfbc495d0ab90079a8/last.ckpt
[2025-10-05 12:35:36,582][anemoi.utils.checkpoints][INFO] - Saving metadata to archive/anemoi-metadata/ai-models.json
[2025-10-05 12:35:36,583][anemoi.utils.checkpoints][INFO] - Saving supporting array `latitudes` to archive/anemoi-metadata/latitudes.numpy (shape=(10944,), dtype=float64)
[2025-10-05 12:35:36,584][anemoi.utils.checkpoints][INFO] - Saving supporting array `longitudes` to archive/anemoi-metadata/longitudes.numpy (shape=(10944,), dtype=float64)
[2025-10-05 12:35:36,706][anemoi.utils.checkpoints][INFO] - Adding extra information to checkpoint /lus/h2resw01/scratch/momc/checkpoint/bdb69e0cd85140cfbc495d0ab90079a8/inference-anemoi-by_epoch-epoch_006-step_026880.ckpt
[2025-10-05 12:35:36,706][anemoi.utils.checkpoints][INFO] - Saving metadata to inference-anemoi-by_epoch-epoch_006-step_026880/anemoi-metadata/ai-models.json
[2025-10-05 12:35:36,708][anemoi.utils.checkpoints][INFO] - Saving supporting array `latitudes` to inference-anemoi-by_epoch-epoch_006-step_026880/anemoi-metadata/latitudes.numpy (shape=(10944,), dtype=float64)
[2025-10-05 12:35:36,708][anemoi.utils.checkpoints][INFO] - Saving supporting array `longitudes` to inference-anemoi-by_epoch-epoch_006-step_026880/anemoi-metadata/longitudes.numpy (shape=(10944,), dtype=float64)
[2025-10-05 12:35:37,404][anemoi.utils.checkpoints][INFO] - Adding extra information to checkpoint /lus/h2resw01/scratch/momc/checkpoint/bdb69e0cd85140cfbc495d0ab90079a8/anemoi-by_epoch-epoch_006-step_026880.ckpt
[2025-10-05 12:35:37,404][anemoi.utils.checkpoints][INFO] - Saving metadata to archive/anemoi-metadata/ai-models.json
[2025-10-05 12:35:37,405][anemoi.utils.checkpoints][INFO] - Saving supporting array `latitudes` to archive/anemoi-metadata/latitudes.numpy (shape=(10944,), dtype=float64)
[2025-10-05 12:35:37,406][anemoi.utils.checkpoints][INFO] - Saving supporting array `longitudes` to archive/anemoi-metadata/longitudes.numpy (shape=(10944,), dtype=float64)
[2025-10-05 12:35:37,535][anemoi.utils.checkpoints][INFO] - Adding extra information to checkpoint /lus/h2resw01/scratch/momc/checkpoint/bdb69e0cd85140cfbc495d0ab90079a8/inference-last.ckpt
[2025-10-05 12:35:37,535][anemoi.utils.checkpoints][INFO] - Saving metadata to inference-last/anemoi-metadata/ai-models.json
[2025-10-05 12:35:37,536][anemoi.utils.checkpoints][INFO] - Saving supporting array `latitudes` to inference-last/anemoi-metadata/latitudes.numpy (shape=(10944,), dtype=float64)
[2025-10-05 12:35:37,537][anemoi.utils.checkpoints][INFO] - Saving supporting array `longitudes` to inference-last/anemoi-metadata/longitudes.numpy (shape=(10944,), dtype=float64)
[2025-10-05 12:35:38,273][anemoi.utils.checkpoints][INFO] - Adding extra information to checkpoint /lus/h2resw01/scratch/momc/checkpoint/bdb69e0cd85140cfbc495d0ab90079a8/last.ckpt
[2025-10-05 12:35:38,273][anemoi.utils.checkpoints][INFO] - Saving metadata to archive/anemoi-metadata/ai-models.json
[2025-10-05 12:35:38,274][anemoi.utils.checkpoints][INFO] - Saving supporting array `latitudes` to archive/anemoi-metadata/latitudes.numpy (shape=(10944,), dtype=float64)
[2025-10-05 12:35:38,274][anemoi.utils.checkpoints][INFO] - Saving supporting array `longitudes` to archive/anemoi-metadata/longitudes.numpy (shape=(10944,), dtype=float64)
[2025-10-05 12:58:17,151][anemoi.models.data_indices.collection][INFO] - The order of the variables in the model matches the order in the data.
[2025-10-05 12:58:17,152][anemoi.models.data_indices.collection][INFO] - The order of the variables in the model matches the order in the data.
[2025-10-05 12:58:17,153][anemoi.models.data_indices.collection][INFO] - The order of the variables in the model matches the order in the data.
[2025-10-05 12:58:17,153][anemoi.models.data_indices.collection][INFO] - The order of the variables in the model matches the order in the data.
[2025-10-05 12:58:36,641][anemoi.utils.checkpoints][INFO] - Adding extra information to checkpoint /lus/h2resw01/scratch/momc/checkpoint/bdb69e0cd85140cfbc495d0ab90079a8/inference-last.ckpt
[2025-10-05 12:58:36,642][anemoi.utils.checkpoints][INFO] - Saving metadata to inference-last/anemoi-metadata/ai-models.json
[2025-10-05 12:58:36,643][anemoi.utils.checkpoints][INFO] - Saving supporting array `latitudes` to inference-last/anemoi-metadata/latitudes.numpy (shape=(10944,), dtype=float64)
[2025-10-05 12:58:36,643][anemoi.utils.checkpoints][INFO] - Saving supporting array `longitudes` to inference-last/anemoi-metadata/longitudes.numpy (shape=(10944,), dtype=float64)
[2025-10-05 12:58:37,416][anemoi.utils.checkpoints][INFO] - Adding extra information to checkpoint /lus/h2resw01/scratch/momc/checkpoint/bdb69e0cd85140cfbc495d0ab90079a8/last.ckpt
[2025-10-05 12:58:37,416][anemoi.utils.checkpoints][INFO] - Saving metadata to archive/anemoi-metadata/ai-models.json
[2025-10-05 12:58:37,417][anemoi.utils.checkpoints][INFO] - Saving supporting array `latitudes` to archive/anemoi-metadata/latitudes.numpy (shape=(10944,), dtype=float64)
[2025-10-05 12:58:37,417][anemoi.utils.checkpoints][INFO] - Saving supporting array `longitudes` to archive/anemoi-metadata/longitudes.numpy (shape=(10944,), dtype=float64)
[2025-10-05 12:58:37,531][anemoi.utils.checkpoints][INFO] - Adding extra information to checkpoint /lus/h2resw01/scratch/momc/checkpoint/bdb69e0cd85140cfbc495d0ab90079a8/inference-anemoi-by_epoch-epoch_007-step_030720.ckpt
[2025-10-05 12:58:37,531][anemoi.utils.checkpoints][INFO] - Saving metadata to inference-anemoi-by_epoch-epoch_007-step_030720/anemoi-metadata/ai-models.json
[2025-10-05 12:58:37,533][anemoi.utils.checkpoints][INFO] - Saving supporting array `latitudes` to inference-anemoi-by_epoch-epoch_007-step_030720/anemoi-metadata/latitudes.numpy (shape=(10944,), dtype=float64)
[2025-10-05 12:58:37,533][anemoi.utils.checkpoints][INFO] - Saving supporting array `longitudes` to inference-anemoi-by_epoch-epoch_007-step_030720/anemoi-metadata/longitudes.numpy (shape=(10944,), dtype=float64)
[2025-10-05 12:58:38,245][anemoi.utils.checkpoints][INFO] - Adding extra information to checkpoint /lus/h2resw01/scratch/momc/checkpoint/bdb69e0cd85140cfbc495d0ab90079a8/anemoi-by_epoch-epoch_007-step_030720.ckpt
[2025-10-05 12:58:38,246][anemoi.utils.checkpoints][INFO] - Saving metadata to archive/anemoi-metadata/ai-models.json
[2025-10-05 12:58:38,247][anemoi.utils.checkpoints][INFO] - Saving supporting array `latitudes` to archive/anemoi-metadata/latitudes.numpy (shape=(10944,), dtype=float64)
[2025-10-05 12:58:38,247][anemoi.utils.checkpoints][INFO] - Saving supporting array `longitudes` to archive/anemoi-metadata/longitudes.numpy (shape=(10944,), dtype=float64)
[2025-10-05 12:58:38,377][anemoi.utils.checkpoints][INFO] - Adding extra information to checkpoint /lus/h2resw01/scratch/momc/checkpoint/bdb69e0cd85140cfbc495d0ab90079a8/inference-last.ckpt
[2025-10-05 12:58:38,377][anemoi.utils.checkpoints][INFO] - Saving metadata to inference-last/anemoi-metadata/ai-models.json
[2025-10-05 12:58:38,378][anemoi.utils.checkpoints][INFO] - Saving supporting array `latitudes` to inference-last/anemoi-metadata/latitudes.numpy (shape=(10944,), dtype=float64)
[2025-10-05 12:58:38,378][anemoi.utils.checkpoints][INFO] - Saving supporting array `longitudes` to inference-last/anemoi-metadata/longitudes.numpy (shape=(10944,), dtype=float64)
[2025-10-05 12:58:39,123][anemoi.utils.checkpoints][INFO] - Adding extra information to checkpoint /lus/h2resw01/scratch/momc/checkpoint/bdb69e0cd85140cfbc495d0ab90079a8/last.ckpt
[2025-10-05 12:58:39,124][anemoi.utils.checkpoints][INFO] - Saving metadata to archive/anemoi-metadata/ai-models.json
[2025-10-05 12:58:39,125][anemoi.utils.checkpoints][INFO] - Saving supporting array `latitudes` to archive/anemoi-metadata/latitudes.numpy (shape=(10944,), dtype=float64)
[2025-10-05 12:58:39,125][anemoi.utils.checkpoints][INFO] - Saving supporting array `longitudes` to archive/anemoi-metadata/longitudes.numpy (shape=(10944,), dtype=float64)
[2025-10-05 13:21:24,156][anemoi.models.data_indices.collection][INFO] - The order of the variables in the model matches the order in the data.
[2025-10-05 13:21:24,157][anemoi.models.data_indices.collection][INFO] - The order of the variables in the model matches the order in the data.
[2025-10-05 13:21:24,157][anemoi.models.data_indices.collection][INFO] - The order of the variables in the model matches the order in the data.
[2025-10-05 13:21:24,158][anemoi.models.data_indices.collection][INFO] - The order of the variables in the model matches the order in the data.
[2025-10-05 13:21:43,553][anemoi.utils.checkpoints][INFO] - Adding extra information to checkpoint /lus/h2resw01/scratch/momc/checkpoint/bdb69e0cd85140cfbc495d0ab90079a8/inference-last.ckpt
[2025-10-05 13:21:43,553][anemoi.utils.checkpoints][INFO] - Saving metadata to inference-last/anemoi-metadata/ai-models.json
[2025-10-05 13:21:43,555][anemoi.utils.checkpoints][INFO] - Saving supporting array `latitudes` to inference-last/anemoi-metadata/latitudes.numpy (shape=(10944,), dtype=float64)
[2025-10-05 13:21:43,555][anemoi.utils.checkpoints][INFO] - Saving supporting array `longitudes` to inference-last/anemoi-metadata/longitudes.numpy (shape=(10944,), dtype=float64)
[2025-10-05 13:21:44,294][anemoi.utils.checkpoints][INFO] - Adding extra information to checkpoint /lus/h2resw01/scratch/momc/checkpoint/bdb69e0cd85140cfbc495d0ab90079a8/last.ckpt
[2025-10-05 13:21:44,294][anemoi.utils.checkpoints][INFO] - Saving metadata to archive/anemoi-metadata/ai-models.json
[2025-10-05 13:21:44,295][anemoi.utils.checkpoints][INFO] - Saving supporting array `latitudes` to archive/anemoi-metadata/latitudes.numpy (shape=(10944,), dtype=float64)
[2025-10-05 13:21:44,295][anemoi.utils.checkpoints][INFO] - Saving supporting array `longitudes` to archive/anemoi-metadata/longitudes.numpy (shape=(10944,), dtype=float64)
[2025-10-05 13:21:44,407][anemoi.utils.checkpoints][INFO] - Adding extra information to checkpoint /lus/h2resw01/scratch/momc/checkpoint/bdb69e0cd85140cfbc495d0ab90079a8/inference-anemoi-by_epoch-epoch_008-step_034560.ckpt
[2025-10-05 13:21:44,407][anemoi.utils.checkpoints][INFO] - Saving metadata to inference-anemoi-by_epoch-epoch_008-step_034560/anemoi-metadata/ai-models.json
[2025-10-05 13:21:44,408][anemoi.utils.checkpoints][INFO] - Saving supporting array `latitudes` to inference-anemoi-by_epoch-epoch_008-step_034560/anemoi-metadata/latitudes.numpy (shape=(10944,), dtype=float64)
[2025-10-05 13:21:44,409][anemoi.utils.checkpoints][INFO] - Saving supporting array `longitudes` to inference-anemoi-by_epoch-epoch_008-step_034560/anemoi-metadata/longitudes.numpy (shape=(10944,), dtype=float64)
[2025-10-05 13:21:45,091][anemoi.utils.checkpoints][INFO] - Adding extra information to checkpoint /lus/h2resw01/scratch/momc/checkpoint/bdb69e0cd85140cfbc495d0ab90079a8/anemoi-by_epoch-epoch_008-step_034560.ckpt
[2025-10-05 13:21:45,091][anemoi.utils.checkpoints][INFO] - Saving metadata to archive/anemoi-metadata/ai-models.json
[2025-10-05 13:21:45,093][anemoi.utils.checkpoints][INFO] - Saving supporting array `latitudes` to archive/anemoi-metadata/latitudes.numpy (shape=(10944,), dtype=float64)
[2025-10-05 13:21:45,093][anemoi.utils.checkpoints][INFO] - Saving supporting array `longitudes` to archive/anemoi-metadata/longitudes.numpy (shape=(10944,), dtype=float64)
[2025-10-05 13:21:45,223][anemoi.utils.checkpoints][INFO] - Adding extra information to checkpoint /lus/h2resw01/scratch/momc/checkpoint/bdb69e0cd85140cfbc495d0ab90079a8/inference-last.ckpt
[2025-10-05 13:21:45,223][anemoi.utils.checkpoints][INFO] - Saving metadata to inference-last/anemoi-metadata/ai-models.json
[2025-10-05 13:21:45,224][anemoi.utils.checkpoints][INFO] - Saving supporting array `latitudes` to inference-last/anemoi-metadata/latitudes.numpy (shape=(10944,), dtype=float64)
[2025-10-05 13:21:45,225][anemoi.utils.checkpoints][INFO] - Saving supporting array `longitudes` to inference-last/anemoi-metadata/longitudes.numpy (shape=(10944,), dtype=float64)
[2025-10-05 13:21:45,952][anemoi.utils.checkpoints][INFO] - Adding extra information to checkpoint /lus/h2resw01/scratch/momc/checkpoint/bdb69e0cd85140cfbc495d0ab90079a8/last.ckpt
[2025-10-05 13:21:45,952][anemoi.utils.checkpoints][INFO] - Saving metadata to archive/anemoi-metadata/ai-models.json
[2025-10-05 13:21:45,954][anemoi.utils.checkpoints][INFO] - Saving supporting array `latitudes` to archive/anemoi-metadata/latitudes.numpy (shape=(10944,), dtype=float64)
[2025-10-05 13:21:45,954][anemoi.utils.checkpoints][INFO] - Saving supporting array `longitudes` to archive/anemoi-metadata/longitudes.numpy (shape=(10944,), dtype=float64)
[2025-10-05 13:44:27,653][anemoi.models.data_indices.collection][INFO] - The order of the variables in the model matches the order in the data.
[2025-10-05 13:44:27,654][anemoi.models.data_indices.collection][INFO] - The order of the variables in the model matches the order in the data.
[2025-10-05 13:44:27,654][anemoi.models.data_indices.collection][INFO] - The order of the variables in the model matches the order in the data.
[2025-10-05 13:44:27,660][anemoi.models.data_indices.collection][INFO] - The order of the variables in the model matches the order in the data.
[2025-10-05 13:44:51,562][anemoi.utils.checkpoints][INFO] - Adding extra information to checkpoint /lus/h2resw01/scratch/momc/checkpoint/bdb69e0cd85140cfbc495d0ab90079a8/inference-last.ckpt
[2025-10-05 13:44:51,562][anemoi.utils.checkpoints][INFO] - Saving metadata to inference-last/anemoi-metadata/ai-models.json
[2025-10-05 13:44:51,563][anemoi.utils.checkpoints][INFO] - Saving supporting array `latitudes` to inference-last/anemoi-metadata/latitudes.numpy (shape=(10944,), dtype=float64)
[2025-10-05 13:44:51,564][anemoi.utils.checkpoints][INFO] - Saving supporting array `longitudes` to inference-last/anemoi-metadata/longitudes.numpy (shape=(10944,), dtype=float64)
[2025-10-05 13:44:52,329][anemoi.utils.checkpoints][INFO] - Adding extra information to checkpoint /lus/h2resw01/scratch/momc/checkpoint/bdb69e0cd85140cfbc495d0ab90079a8/last.ckpt
[2025-10-05 13:44:52,329][anemoi.utils.checkpoints][INFO] - Saving metadata to archive/anemoi-metadata/ai-models.json
[2025-10-05 13:44:52,330][anemoi.utils.checkpoints][INFO] - Saving supporting array `latitudes` to archive/anemoi-metadata/latitudes.numpy (shape=(10944,), dtype=float64)
[2025-10-05 13:44:52,331][anemoi.utils.checkpoints][INFO] - Saving supporting array `longitudes` to archive/anemoi-metadata/longitudes.numpy (shape=(10944,), dtype=float64)
[2025-10-05 13:44:52,716][anemoi.utils.checkpoints][INFO] - Adding extra information to checkpoint /lus/h2resw01/scratch/momc/checkpoint/bdb69e0cd85140cfbc495d0ab90079a8/inference-anemoi-by_epoch-epoch_009-step_038400.ckpt
[2025-10-05 13:44:52,716][anemoi.utils.checkpoints][INFO] - Saving metadata to inference-anemoi-by_epoch-epoch_009-step_038400/anemoi-metadata/ai-models.json
[2025-10-05 13:44:52,718][anemoi.utils.checkpoints][INFO] - Saving supporting array `latitudes` to inference-anemoi-by_epoch-epoch_009-step_038400/anemoi-metadata/latitudes.numpy (shape=(10944,), dtype=float64)
[2025-10-05 13:44:52,718][anemoi.utils.checkpoints][INFO] - Saving supporting array `longitudes` to inference-anemoi-by_epoch-epoch_009-step_038400/anemoi-metadata/longitudes.numpy (shape=(10944,), dtype=float64)
[2025-10-05 13:44:53,417][anemoi.utils.checkpoints][INFO] - Adding extra information to checkpoint /lus/h2resw01/scratch/momc/checkpoint/bdb69e0cd85140cfbc495d0ab90079a8/anemoi-by_epoch-epoch_009-step_038400.ckpt
[2025-10-05 13:44:53,417][anemoi.utils.checkpoints][INFO] - Saving metadata to archive/anemoi-metadata/ai-models.json
[2025-10-05 13:44:53,418][anemoi.utils.checkpoints][INFO] - Saving supporting array `latitudes` to archive/anemoi-metadata/latitudes.numpy (shape=(10944,), dtype=float64)
[2025-10-05 13:44:53,418][anemoi.utils.checkpoints][INFO] - Saving supporting array `longitudes` to archive/anemoi-metadata/longitudes.numpy (shape=(10944,), dtype=float64)
[2025-10-05 13:44:53,544][anemoi.utils.checkpoints][INFO] - Adding extra information to checkpoint /lus/h2resw01/scratch/momc/checkpoint/bdb69e0cd85140cfbc495d0ab90079a8/inference-last.ckpt
[2025-10-05 13:44:53,544][anemoi.utils.checkpoints][INFO] - Saving metadata to inference-last/anemoi-metadata/ai-models.json
[2025-10-05 13:44:53,546][anemoi.utils.checkpoints][INFO] - Saving supporting array `latitudes` to inference-last/anemoi-metadata/latitudes.numpy (shape=(10944,), dtype=float64)
[2025-10-05 13:44:53,546][anemoi.utils.checkpoints][INFO] - Saving supporting array `longitudes` to inference-last/anemoi-metadata/longitudes.numpy (shape=(10944,), dtype=float64)
[2025-10-05 13:44:54,281][anemoi.utils.checkpoints][INFO] - Adding extra information to checkpoint /lus/h2resw01/scratch/momc/checkpoint/bdb69e0cd85140cfbc495d0ab90079a8/last.ckpt
[2025-10-05 13:44:54,281][anemoi.utils.checkpoints][INFO] - Saving metadata to archive/anemoi-metadata/ai-models.json
[2025-10-05 13:44:54,283][anemoi.utils.checkpoints][INFO] - Saving supporting array `latitudes` to archive/anemoi-metadata/latitudes.numpy (shape=(10944,), dtype=float64)
[2025-10-05 13:44:54,283][anemoi.utils.checkpoints][INFO] - Saving supporting array `longitudes` to archive/anemoi-metadata/longitudes.numpy (shape=(10944,), dtype=float64)
[2025-10-05 14:07:34,561][anemoi.models.data_indices.collection][INFO] - The order of the variables in the model matches the order in the data.
[2025-10-05 14:07:34,562][anemoi.models.data_indices.collection][INFO] - The order of the variables in the model matches the order in the data.
[2025-10-05 14:07:34,563][anemoi.models.data_indices.collection][INFO] - The order of the variables in the model matches the order in the data.
[2025-10-05 14:07:34,563][anemoi.models.data_indices.collection][INFO] - The order of the variables in the model matches the order in the data.
[2025-10-05 14:07:54,068][anemoi.utils.checkpoints][INFO] - Adding extra information to checkpoint /lus/h2resw01/scratch/momc/checkpoint/bdb69e0cd85140cfbc495d0ab90079a8/inference-last.ckpt
[2025-10-05 14:07:54,068][anemoi.utils.checkpoints][INFO] - Saving metadata to inference-last/anemoi-metadata/ai-models.json
[2025-10-05 14:07:54,069][anemoi.utils.checkpoints][INFO] - Saving supporting array `latitudes` to inference-last/anemoi-metadata/latitudes.numpy (shape=(10944,), dtype=float64)
[2025-10-05 14:07:54,069][anemoi.utils.checkpoints][INFO] - Saving supporting array `longitudes` to inference-last/anemoi-metadata/longitudes.numpy (shape=(10944,), dtype=float64)
[2025-10-05 14:07:54,825][anemoi.utils.checkpoints][INFO] - Adding extra information to checkpoint /lus/h2resw01/scratch/momc/checkpoint/bdb69e0cd85140cfbc495d0ab90079a8/last.ckpt
[2025-10-05 14:07:54,825][anemoi.utils.checkpoints][INFO] - Saving metadata to archive/anemoi-metadata/ai-models.json
[2025-10-05 14:07:54,827][anemoi.utils.checkpoints][INFO] - Saving supporting array `latitudes` to archive/anemoi-metadata/latitudes.numpy (shape=(10944,), dtype=float64)
[2025-10-05 14:07:54,827][anemoi.utils.checkpoints][INFO] - Saving supporting array `longitudes` to archive/anemoi-metadata/longitudes.numpy (shape=(10944,), dtype=float64)
[2025-10-05 14:07:54,938][anemoi.utils.checkpoints][INFO] - Adding extra information to checkpoint /lus/h2resw01/scratch/momc/checkpoint/bdb69e0cd85140cfbc495d0ab90079a8/inference-anemoi-by_epoch-epoch_010-step_042240.ckpt
[2025-10-05 14:07:54,938][anemoi.utils.checkpoints][INFO] - Saving metadata to inference-anemoi-by_epoch-epoch_010-step_042240/anemoi-metadata/ai-models.json
[2025-10-05 14:07:54,939][anemoi.utils.checkpoints][INFO] - Saving supporting array `latitudes` to inference-anemoi-by_epoch-epoch_010-step_042240/anemoi-metadata/latitudes.numpy (shape=(10944,), dtype=float64)
[2025-10-05 14:07:54,940][anemoi.utils.checkpoints][INFO] - Saving supporting array `longitudes` to inference-anemoi-by_epoch-epoch_010-step_042240/anemoi-metadata/longitudes.numpy (shape=(10944,), dtype=float64)
[2025-10-05 14:07:55,622][anemoi.utils.checkpoints][INFO] - Adding extra information to checkpoint /lus/h2resw01/scratch/momc/checkpoint/bdb69e0cd85140cfbc495d0ab90079a8/anemoi-by_epoch-epoch_010-step_042240.ckpt
[2025-10-05 14:07:55,622][anemoi.utils.checkpoints][INFO] - Saving metadata to archive/anemoi-metadata/ai-models.json
[2025-10-05 14:07:55,624][anemoi.utils.checkpoints][INFO] - Saving supporting array `latitudes` to archive/anemoi-metadata/latitudes.numpy (shape=(10944,), dtype=float64)
[2025-10-05 14:07:55,624][anemoi.utils.checkpoints][INFO] - Saving supporting array `longitudes` to archive/anemoi-metadata/longitudes.numpy (shape=(10944,), dtype=float64)
[2025-10-05 14:07:55,753][anemoi.utils.checkpoints][INFO] - Adding extra information to checkpoint /lus/h2resw01/scratch/momc/checkpoint/bdb69e0cd85140cfbc495d0ab90079a8/inference-last.ckpt
[2025-10-05 14:07:55,753][anemoi.utils.checkpoints][INFO] - Saving metadata to inference-last/anemoi-metadata/ai-models.json
[2025-10-05 14:07:55,754][anemoi.utils.checkpoints][INFO] - Saving supporting array `latitudes` to inference-last/anemoi-metadata/latitudes.numpy (shape=(10944,), dtype=float64)
[2025-10-05 14:07:55,754][anemoi.utils.checkpoints][INFO] - Saving supporting array `longitudes` to inference-last/anemoi-metadata/longitudes.numpy (shape=(10944,), dtype=float64)
[2025-10-05 14:07:56,516][anemoi.utils.checkpoints][INFO] - Adding extra information to checkpoint /lus/h2resw01/scratch/momc/checkpoint/bdb69e0cd85140cfbc495d0ab90079a8/last.ckpt
[2025-10-05 14:07:56,516][anemoi.utils.checkpoints][INFO] - Saving metadata to archive/anemoi-metadata/ai-models.json
[2025-10-05 14:07:56,517][anemoi.utils.checkpoints][INFO] - Saving supporting array `latitudes` to archive/anemoi-metadata/latitudes.numpy (shape=(10944,), dtype=float64)
[2025-10-05 14:07:56,517][anemoi.utils.checkpoints][INFO] - Saving supporting array `longitudes` to archive/anemoi-metadata/longitudes.numpy (shape=(10944,), dtype=float64)
[2025-10-05 14:30:39,840][anemoi.models.data_indices.collection][INFO] - The order of the variables in the model matches the order in the data.
[2025-10-05 14:30:39,842][anemoi.models.data_indices.collection][INFO] - The order of the variables in the model matches the order in the data.
[2025-10-05 14:30:39,842][anemoi.models.data_indices.collection][INFO] - The order of the variables in the model matches the order in the data.
[2025-10-05 14:30:39,842][anemoi.models.data_indices.collection][INFO] - The order of the variables in the model matches the order in the data.
[2025-10-05 14:30:59,175][anemoi.utils.checkpoints][INFO] - Adding extra information to checkpoint /lus/h2resw01/scratch/momc/checkpoint/bdb69e0cd85140cfbc495d0ab90079a8/inference-last.ckpt
[2025-10-05 14:30:59,175][anemoi.utils.checkpoints][INFO] - Saving metadata to inference-last/anemoi-metadata/ai-models.json
[2025-10-05 14:30:59,176][anemoi.utils.checkpoints][INFO] - Saving supporting array `latitudes` to inference-last/anemoi-metadata/latitudes.numpy (shape=(10944,), dtype=float64)
[2025-10-05 14:30:59,176][anemoi.utils.checkpoints][INFO] - Saving supporting array `longitudes` to inference-last/anemoi-metadata/longitudes.numpy (shape=(10944,), dtype=float64)
[2025-10-05 14:30:59,916][anemoi.utils.checkpoints][INFO] - Adding extra information to checkpoint /lus/h2resw01/scratch/momc/checkpoint/bdb69e0cd85140cfbc495d0ab90079a8/last.ckpt
[2025-10-05 14:30:59,916][anemoi.utils.checkpoints][INFO] - Saving metadata to archive/anemoi-metadata/ai-models.json
[2025-10-05 14:30:59,918][anemoi.utils.checkpoints][INFO] - Saving supporting array `latitudes` to archive/anemoi-metadata/latitudes.numpy (shape=(10944,), dtype=float64)
[2025-10-05 14:30:59,918][anemoi.utils.checkpoints][INFO] - Saving supporting array `longitudes` to archive/anemoi-metadata/longitudes.numpy (shape=(10944,), dtype=float64)
[2025-10-05 14:31:00,030][anemoi.utils.checkpoints][INFO] - Adding extra information to checkpoint /lus/h2resw01/scratch/momc/checkpoint/bdb69e0cd85140cfbc495d0ab90079a8/inference-anemoi-by_epoch-epoch_011-step_046080.ckpt
[2025-10-05 14:31:00,030][anemoi.utils.checkpoints][INFO] - Saving metadata to inference-anemoi-by_epoch-epoch_011-step_046080/anemoi-metadata/ai-models.json
[2025-10-05 14:31:00,032][anemoi.utils.checkpoints][INFO] - Saving supporting array `latitudes` to inference-anemoi-by_epoch-epoch_011-step_046080/anemoi-metadata/latitudes.numpy (shape=(10944,), dtype=float64)
[2025-10-05 14:31:00,032][anemoi.utils.checkpoints][INFO] - Saving supporting array `longitudes` to inference-anemoi-by_epoch-epoch_011-step_046080/anemoi-metadata/longitudes.numpy (shape=(10944,), dtype=float64)
[2025-10-05 14:31:00,715][anemoi.utils.checkpoints][INFO] - Adding extra information to checkpoint /lus/h2resw01/scratch/momc/checkpoint/bdb69e0cd85140cfbc495d0ab90079a8/anemoi-by_epoch-epoch_011-step_046080.ckpt
[2025-10-05 14:31:00,715][anemoi.utils.checkpoints][INFO] - Saving metadata to archive/anemoi-metadata/ai-models.json
[2025-10-05 14:31:00,716][anemoi.utils.checkpoints][INFO] - Saving supporting array `latitudes` to archive/anemoi-metadata/latitudes.numpy (shape=(10944,), dtype=float64)
[2025-10-05 14:31:00,717][anemoi.utils.checkpoints][INFO] - Saving supporting array `longitudes` to archive/anemoi-metadata/longitudes.numpy (shape=(10944,), dtype=float64)
[2025-10-05 14:31:00,843][anemoi.utils.checkpoints][INFO] - Adding extra information to checkpoint /lus/h2resw01/scratch/momc/checkpoint/bdb69e0cd85140cfbc495d0ab90079a8/inference-last.ckpt
[2025-10-05 14:31:00,843][anemoi.utils.checkpoints][INFO] - Saving metadata to inference-last/anemoi-metadata/ai-models.json
[2025-10-05 14:31:00,844][anemoi.utils.checkpoints][INFO] - Saving supporting array `latitudes` to inference-last/anemoi-metadata/latitudes.numpy (shape=(10944,), dtype=float64)
[2025-10-05 14:31:00,844][anemoi.utils.checkpoints][INFO] - Saving supporting array `longitudes` to inference-last/anemoi-metadata/longitudes.numpy (shape=(10944,), dtype=float64)
[2025-10-05 14:31:01,581][anemoi.utils.checkpoints][INFO] - Adding extra information to checkpoint /lus/h2resw01/scratch/momc/checkpoint/bdb69e0cd85140cfbc495d0ab90079a8/last.ckpt
[2025-10-05 14:31:01,581][anemoi.utils.checkpoints][INFO] - Saving metadata to archive/anemoi-metadata/ai-models.json
[2025-10-05 14:31:01,582][anemoi.utils.checkpoints][INFO] - Saving supporting array `latitudes` to archive/anemoi-metadata/latitudes.numpy (shape=(10944,), dtype=float64)
[2025-10-05 14:31:01,582][anemoi.utils.checkpoints][INFO] - Saving supporting array `longitudes` to archive/anemoi-metadata/longitudes.numpy (shape=(10944,), dtype=float64)
[2025-10-05 14:53:42,493][anemoi.models.data_indices.collection][INFO] - The order of the variables in the model matches the order in the data.
[2025-10-05 14:53:42,493][anemoi.models.data_indices.collection][INFO] - The order of the variables in the model matches the order in the data.
[2025-10-05 14:53:42,493][anemoi.models.data_indices.collection][INFO] - The order of the variables in the model matches the order in the data.
[2025-10-05 14:53:42,494][anemoi.models.data_indices.collection][INFO] - The order of the variables in the model matches the order in the data.
[2025-10-05 14:54:01,876][anemoi.utils.checkpoints][INFO] - Adding extra information to checkpoint /lus/h2resw01/scratch/momc/checkpoint/bdb69e0cd85140cfbc495d0ab90079a8/inference-last.ckpt
[2025-10-05 14:54:01,876][anemoi.utils.checkpoints][INFO] - Saving metadata to inference-last/anemoi-metadata/ai-models.json
[2025-10-05 14:54:01,877][anemoi.utils.checkpoints][INFO] - Saving supporting array `latitudes` to inference-last/anemoi-metadata/latitudes.numpy (shape=(10944,), dtype=float64)
[2025-10-05 14:54:01,877][anemoi.utils.checkpoints][INFO] - Saving supporting array `longitudes` to inference-last/anemoi-metadata/longitudes.numpy (shape=(10944,), dtype=float64)
[2025-10-05 14:54:02,621][anemoi.utils.checkpoints][INFO] - Adding extra information to checkpoint /lus/h2resw01/scratch/momc/checkpoint/bdb69e0cd85140cfbc495d0ab90079a8/last.ckpt
[2025-10-05 14:54:02,621][anemoi.utils.checkpoints][INFO] - Saving metadata to archive/anemoi-metadata/ai-models.json
[2025-10-05 14:54:02,622][anemoi.utils.checkpoints][INFO] - Saving supporting array `latitudes` to archive/anemoi-metadata/latitudes.numpy (shape=(10944,), dtype=float64)
[2025-10-05 14:54:02,623][anemoi.utils.checkpoints][INFO] - Saving supporting array `longitudes` to archive/anemoi-metadata/longitudes.numpy (shape=(10944,), dtype=float64)
[2025-10-05 14:54:02,734][anemoi.utils.checkpoints][INFO] - Adding extra information to checkpoint /lus/h2resw01/scratch/momc/checkpoint/bdb69e0cd85140cfbc495d0ab90079a8/inference-anemoi-by_epoch-epoch_012-step_049920.ckpt
[2025-10-05 14:54:02,734][anemoi.utils.checkpoints][INFO] - Saving metadata to inference-anemoi-by_epoch-epoch_012-step_049920/anemoi-metadata/ai-models.json
[2025-10-05 14:54:02,736][anemoi.utils.checkpoints][INFO] - Saving supporting array `latitudes` to inference-anemoi-by_epoch-epoch_012-step_049920/anemoi-metadata/latitudes.numpy (shape=(10944,), dtype=float64)
[2025-10-05 14:54:02,736][anemoi.utils.checkpoints][INFO] - Saving supporting array `longitudes` to inference-anemoi-by_epoch-epoch_012-step_049920/anemoi-metadata/longitudes.numpy (shape=(10944,), dtype=float64)
[2025-10-05 14:54:03,424][anemoi.utils.checkpoints][INFO] - Adding extra information to checkpoint /lus/h2resw01/scratch/momc/checkpoint/bdb69e0cd85140cfbc495d0ab90079a8/anemoi-by_epoch-epoch_012-step_049920.ckpt
[2025-10-05 14:54:03,424][anemoi.utils.checkpoints][INFO] - Saving metadata to archive/anemoi-metadata/ai-models.json
[2025-10-05 14:54:03,426][anemoi.utils.checkpoints][INFO] - Saving supporting array `latitudes` to archive/anemoi-metadata/latitudes.numpy (shape=(10944,), dtype=float64)
[2025-10-05 14:54:03,426][anemoi.utils.checkpoints][INFO] - Saving supporting array `longitudes` to archive/anemoi-metadata/longitudes.numpy (shape=(10944,), dtype=float64)
[2025-10-05 14:54:03,556][anemoi.utils.checkpoints][INFO] - Adding extra information to checkpoint /lus/h2resw01/scratch/momc/checkpoint/bdb69e0cd85140cfbc495d0ab90079a8/inference-last.ckpt
[2025-10-05 14:54:03,557][anemoi.utils.checkpoints][INFO] - Saving metadata to inference-last/anemoi-metadata/ai-models.json
[2025-10-05 14:54:03,558][anemoi.utils.checkpoints][INFO] - Saving supporting array `latitudes` to inference-last/anemoi-metadata/latitudes.numpy (shape=(10944,), dtype=float64)
[2025-10-05 14:54:03,558][anemoi.utils.checkpoints][INFO] - Saving supporting array `longitudes` to inference-last/anemoi-metadata/longitudes.numpy (shape=(10944,), dtype=float64)
[2025-10-05 14:54:04,292][anemoi.utils.checkpoints][INFO] - Adding extra information to checkpoint /lus/h2resw01/scratch/momc/checkpoint/bdb69e0cd85140cfbc495d0ab90079a8/last.ckpt
[2025-10-05 14:54:04,292][anemoi.utils.checkpoints][INFO] - Saving metadata to archive/anemoi-metadata/ai-models.json
[2025-10-05 14:54:04,294][anemoi.utils.checkpoints][INFO] - Saving supporting array `latitudes` to archive/anemoi-metadata/latitudes.numpy (shape=(10944,), dtype=float64)
[2025-10-05 14:54:04,294][anemoi.utils.checkpoints][INFO] - Saving supporting array `longitudes` to archive/anemoi-metadata/longitudes.numpy (shape=(10944,), dtype=float64)
[2025-10-05 15:16:44,969][anemoi.models.data_indices.collection][INFO] - The order of the variables in the model matches the order in the data.
[2025-10-05 15:16:44,970][anemoi.models.data_indices.collection][INFO] - The order of the variables in the model matches the order in the data.
[2025-10-05 15:16:44,970][anemoi.models.data_indices.collection][INFO] - The order of the variables in the model matches the order in the data.
[2025-10-05 15:16:44,970][anemoi.models.data_indices.collection][INFO] - The order of the variables in the model matches the order in the data.
[2025-10-05 15:17:04,325][anemoi.utils.checkpoints][INFO] - Adding extra information to checkpoint /lus/h2resw01/scratch/momc/checkpoint/bdb69e0cd85140cfbc495d0ab90079a8/inference-last.ckpt
[2025-10-05 15:17:04,325][anemoi.utils.checkpoints][INFO] - Saving metadata to inference-last/anemoi-metadata/ai-models.json
[2025-10-05 15:17:04,327][anemoi.utils.checkpoints][INFO] - Saving supporting array `latitudes` to inference-last/anemoi-metadata/latitudes.numpy (shape=(10944,), dtype=float64)
[2025-10-05 15:17:04,327][anemoi.utils.checkpoints][INFO] - Saving supporting array `longitudes` to inference-last/anemoi-metadata/longitudes.numpy (shape=(10944,), dtype=float64)
[2025-10-05 15:17:05,107][anemoi.utils.checkpoints][INFO] - Adding extra information to checkpoint /lus/h2resw01/scratch/momc/checkpoint/bdb69e0cd85140cfbc495d0ab90079a8/last.ckpt
[2025-10-05 15:17:05,107][anemoi.utils.checkpoints][INFO] - Saving metadata to archive/anemoi-metadata/ai-models.json
[2025-10-05 15:17:05,108][anemoi.utils.checkpoints][INFO] - Saving supporting array `latitudes` to archive/anemoi-metadata/latitudes.numpy (shape=(10944,), dtype=float64)
[2025-10-05 15:17:05,108][anemoi.utils.checkpoints][INFO] - Saving supporting array `longitudes` to archive/anemoi-metadata/longitudes.numpy (shape=(10944,), dtype=float64)
[2025-10-05 15:17:05,222][anemoi.utils.checkpoints][INFO] - Adding extra information to checkpoint /lus/h2resw01/scratch/momc/checkpoint/bdb69e0cd85140cfbc495d0ab90079a8/inference-anemoi-by_epoch-epoch_013-step_053760.ckpt
[2025-10-05 15:17:05,223][anemoi.utils.checkpoints][INFO] - Saving metadata to inference-anemoi-by_epoch-epoch_013-step_053760/anemoi-metadata/ai-models.json
[2025-10-05 15:17:05,224][anemoi.utils.checkpoints][INFO] - Saving supporting array `latitudes` to inference-anemoi-by_epoch-epoch_013-step_053760/anemoi-metadata/latitudes.numpy (shape=(10944,), dtype=float64)
[2025-10-05 15:17:05,224][anemoi.utils.checkpoints][INFO] - Saving supporting array `longitudes` to inference-anemoi-by_epoch-epoch_013-step_053760/anemoi-metadata/longitudes.numpy (shape=(10944,), dtype=float64)
[2025-10-05 15:17:05,909][anemoi.utils.checkpoints][INFO] - Adding extra information to checkpoint /lus/h2resw01/scratch/momc/checkpoint/bdb69e0cd85140cfbc495d0ab90079a8/anemoi-by_epoch-epoch_013-step_053760.ckpt
[2025-10-05 15:17:05,909][anemoi.utils.checkpoints][INFO] - Saving metadata to archive/anemoi-metadata/ai-models.json
[2025-10-05 15:17:05,910][anemoi.utils.checkpoints][INFO] - Saving supporting array `latitudes` to archive/anemoi-metadata/latitudes.numpy (shape=(10944,), dtype=float64)
[2025-10-05 15:17:05,911][anemoi.utils.checkpoints][INFO] - Saving supporting array `longitudes` to archive/anemoi-metadata/longitudes.numpy (shape=(10944,), dtype=float64)
[2025-10-05 15:17:06,040][anemoi.utils.checkpoints][INFO] - Adding extra information to checkpoint /lus/h2resw01/scratch/momc/checkpoint/bdb69e0cd85140cfbc495d0ab90079a8/inference-last.ckpt
[2025-10-05 15:17:06,040][anemoi.utils.checkpoints][INFO] - Saving metadata to inference-last/anemoi-metadata/ai-models.json
[2025-10-05 15:17:06,041][anemoi.utils.checkpoints][INFO] - Saving supporting array `latitudes` to inference-last/anemoi-metadata/latitudes.numpy (shape=(10944,), dtype=float64)
[2025-10-05 15:17:06,042][anemoi.utils.checkpoints][INFO] - Saving supporting array `longitudes` to inference-last/anemoi-metadata/longitudes.numpy (shape=(10944,), dtype=float64)
[2025-10-05 15:17:06,768][anemoi.utils.checkpoints][INFO] - Adding extra information to checkpoint /lus/h2resw01/scratch/momc/checkpoint/bdb69e0cd85140cfbc495d0ab90079a8/last.ckpt
[2025-10-05 15:17:06,769][anemoi.utils.checkpoints][INFO] - Saving metadata to archive/anemoi-metadata/ai-models.json
[2025-10-05 15:17:06,770][anemoi.utils.checkpoints][INFO] - Saving supporting array `latitudes` to archive/anemoi-metadata/latitudes.numpy (shape=(10944,), dtype=float64)
[2025-10-05 15:17:06,770][anemoi.utils.checkpoints][INFO] - Saving supporting array `longitudes` to archive/anemoi-metadata/longitudes.numpy (shape=(10944,), dtype=float64)
[2025-10-05 15:39:48,276][anemoi.models.data_indices.collection][INFO] - The order of the variables in the model matches the order in the data.
[2025-10-05 15:39:48,276][anemoi.models.data_indices.collection][INFO] - The order of the variables in the model matches the order in the data.
[2025-10-05 15:39:48,276][anemoi.models.data_indices.collection][INFO] - The order of the variables in the model matches the order in the data.
[2025-10-05 15:39:48,283][anemoi.models.data_indices.collection][INFO] - The order of the variables in the model matches the order in the data.
[2025-10-05 15:40:08,054][anemoi.utils.checkpoints][INFO] - Adding extra information to checkpoint /lus/h2resw01/scratch/momc/checkpoint/bdb69e0cd85140cfbc495d0ab90079a8/inference-last.ckpt
[2025-10-05 15:40:08,054][anemoi.utils.checkpoints][INFO] - Saving metadata to inference-last/anemoi-metadata/ai-models.json
[2025-10-05 15:40:08,055][anemoi.utils.checkpoints][INFO] - Saving supporting array `latitudes` to inference-last/anemoi-metadata/latitudes.numpy (shape=(10944,), dtype=float64)
[2025-10-05 15:40:08,055][anemoi.utils.checkpoints][INFO] - Saving supporting array `longitudes` to inference-last/anemoi-metadata/longitudes.numpy (shape=(10944,), dtype=float64)
[2025-10-05 15:40:09,014][anemoi.utils.checkpoints][INFO] - Adding extra information to checkpoint /lus/h2resw01/scratch/momc/checkpoint/bdb69e0cd85140cfbc495d0ab90079a8/last.ckpt
[2025-10-05 15:40:09,014][anemoi.utils.checkpoints][INFO] - Saving metadata to archive/anemoi-metadata/ai-models.json
[2025-10-05 15:40:09,016][anemoi.utils.checkpoints][INFO] - Saving supporting array `latitudes` to archive/anemoi-metadata/latitudes.numpy (shape=(10944,), dtype=float64)
[2025-10-05 15:40:09,016][anemoi.utils.checkpoints][INFO] - Saving supporting array `longitudes` to archive/anemoi-metadata/longitudes.numpy (shape=(10944,), dtype=float64)
[2025-10-05 15:40:09,472][anemoi.utils.checkpoints][INFO] - Adding extra information to checkpoint /lus/h2resw01/scratch/momc/checkpoint/bdb69e0cd85140cfbc495d0ab90079a8/inference-anemoi-by_epoch-epoch_014-step_057600.ckpt
[2025-10-05 15:40:09,472][anemoi.utils.checkpoints][INFO] - Saving metadata to inference-anemoi-by_epoch-epoch_014-step_057600/anemoi-metadata/ai-models.json
[2025-10-05 15:40:09,473][anemoi.utils.checkpoints][INFO] - Saving supporting array `latitudes` to inference-anemoi-by_epoch-epoch_014-step_057600/anemoi-metadata/latitudes.numpy (shape=(10944,), dtype=float64)
[2025-10-05 15:40:09,473][anemoi.utils.checkpoints][INFO] - Saving supporting array `longitudes` to inference-anemoi-by_epoch-epoch_014-step_057600/anemoi-metadata/longitudes.numpy (shape=(10944,), dtype=float64)
[2025-10-05 15:40:10,173][anemoi.utils.checkpoints][INFO] - Adding extra information to checkpoint /lus/h2resw01/scratch/momc/checkpoint/bdb69e0cd85140cfbc495d0ab90079a8/anemoi-by_epoch-epoch_014-step_057600.ckpt
[2025-10-05 15:40:10,173][anemoi.utils.checkpoints][INFO] - Saving metadata to archive/anemoi-metadata/ai-models.json
[2025-10-05 15:40:10,174][anemoi.utils.checkpoints][INFO] - Saving supporting array `latitudes` to archive/anemoi-metadata/latitudes.numpy (shape=(10944,), dtype=float64)
[2025-10-05 15:40:10,175][anemoi.utils.checkpoints][INFO] - Saving supporting array `longitudes` to archive/anemoi-metadata/longitudes.numpy (shape=(10944,), dtype=float64)
[2025-10-05 15:40:10,303][anemoi.utils.checkpoints][INFO] - Adding extra information to checkpoint /lus/h2resw01/scratch/momc/checkpoint/bdb69e0cd85140cfbc495d0ab90079a8/inference-last.ckpt
[2025-10-05 15:40:10,303][anemoi.utils.checkpoints][INFO] - Saving metadata to inference-last/anemoi-metadata/ai-models.json
[2025-10-05 15:40:10,305][anemoi.utils.checkpoints][INFO] - Saving supporting array `latitudes` to inference-last/anemoi-metadata/latitudes.numpy (shape=(10944,), dtype=float64)
[2025-10-05 15:40:10,305][anemoi.utils.checkpoints][INFO] - Saving supporting array `longitudes` to inference-last/anemoi-metadata/longitudes.numpy (shape=(10944,), dtype=float64)
[2025-10-05 15:40:11,029][anemoi.utils.checkpoints][INFO] - Adding extra information to checkpoint /lus/h2resw01/scratch/momc/checkpoint/bdb69e0cd85140cfbc495d0ab90079a8/last.ckpt
[2025-10-05 15:40:11,029][anemoi.utils.checkpoints][INFO] - Saving metadata to archive/anemoi-metadata/ai-models.json
[2025-10-05 15:40:11,030][anemoi.utils.checkpoints][INFO] - Saving supporting array `latitudes` to archive/anemoi-metadata/latitudes.numpy (shape=(10944,), dtype=float64)
[2025-10-05 15:40:11,030][anemoi.utils.checkpoints][INFO] - Saving supporting array `longitudes` to archive/anemoi-metadata/longitudes.numpy (shape=(10944,), dtype=float64)
[2025-10-05 16:02:52,328][anemoi.models.data_indices.collection][INFO] - The order of the variables in the model matches the order in the data.
[2025-10-05 16:02:52,329][anemoi.models.data_indices.collection][INFO] - The order of the variables in the model matches the order in the data.
[2025-10-05 16:02:52,330][anemoi.models.data_indices.collection][INFO] - The order of the variables in the model matches the order in the data.
[2025-10-05 16:02:52,329][anemoi.models.data_indices.collection][INFO] - The order of the variables in the model matches the order in the data.
[2025-10-05 16:03:12,100][anemoi.utils.checkpoints][INFO] - Adding extra information to checkpoint /lus/h2resw01/scratch/momc/checkpoint/bdb69e0cd85140cfbc495d0ab90079a8/inference-last.ckpt
[2025-10-05 16:03:12,100][anemoi.utils.checkpoints][INFO] - Saving metadata to inference-last/anemoi-metadata/ai-models.json
[2025-10-05 16:03:12,102][anemoi.utils.checkpoints][INFO] - Saving supporting array `latitudes` to inference-last/anemoi-metadata/latitudes.numpy (shape=(10944,), dtype=float64)
[2025-10-05 16:03:12,102][anemoi.utils.checkpoints][INFO] - Saving supporting array `longitudes` to inference-last/anemoi-metadata/longitudes.numpy (shape=(10944,), dtype=float64)
[2025-10-05 16:03:14,566][anemoi.utils.checkpoints][INFO] - Adding extra information to checkpoint /lus/h2resw01/scratch/momc/checkpoint/bdb69e0cd85140cfbc495d0ab90079a8/last.ckpt
[2025-10-05 16:03:14,567][anemoi.utils.checkpoints][INFO] - Saving metadata to archive/anemoi-metadata/ai-models.json
[2025-10-05 16:03:14,568][anemoi.utils.checkpoints][INFO] - Saving supporting array `latitudes` to archive/anemoi-metadata/latitudes.numpy (shape=(10944,), dtype=float64)
[2025-10-05 16:03:14,568][anemoi.utils.checkpoints][INFO] - Saving supporting array `longitudes` to archive/anemoi-metadata/longitudes.numpy (shape=(10944,), dtype=float64)
[2025-10-05 16:03:14,694][anemoi.utils.checkpoints][INFO] - Adding extra information to checkpoint /lus/h2resw01/scratch/momc/checkpoint/bdb69e0cd85140cfbc495d0ab90079a8/inference-anemoi-by_epoch-epoch_015-step_061440.ckpt
[2025-10-05 16:03:14,695][anemoi.utils.checkpoints][INFO] - Saving metadata to inference-anemoi-by_epoch-epoch_015-step_061440/anemoi-metadata/ai-models.json
[2025-10-05 16:03:14,696][anemoi.utils.checkpoints][INFO] - Saving supporting array `latitudes` to inference-anemoi-by_epoch-epoch_015-step_061440/anemoi-metadata/latitudes.numpy (shape=(10944,), dtype=float64)
[2025-10-05 16:03:14,696][anemoi.utils.checkpoints][INFO] - Saving supporting array `longitudes` to inference-anemoi-by_epoch-epoch_015-step_061440/anemoi-metadata/longitudes.numpy (shape=(10944,), dtype=float64)
[2025-10-05 16:03:15,406][anemoi.utils.checkpoints][INFO] - Adding extra information to checkpoint /lus/h2resw01/scratch/momc/checkpoint/bdb69e0cd85140cfbc495d0ab90079a8/anemoi-by_epoch-epoch_015-step_061440.ckpt
[2025-10-05 16:03:15,406][anemoi.utils.checkpoints][INFO] - Saving metadata to archive/anemoi-metadata/ai-models.json
[2025-10-05 16:03:15,407][anemoi.utils.checkpoints][INFO] - Saving supporting array `latitudes` to archive/anemoi-metadata/latitudes.numpy (shape=(10944,), dtype=float64)
[2025-10-05 16:03:15,407][anemoi.utils.checkpoints][INFO] - Saving supporting array `longitudes` to archive/anemoi-metadata/longitudes.numpy (shape=(10944,), dtype=float64)
[2025-10-05 16:03:15,537][anemoi.utils.checkpoints][INFO] - Adding extra information to checkpoint /lus/h2resw01/scratch/momc/checkpoint/bdb69e0cd85140cfbc495d0ab90079a8/inference-last.ckpt
[2025-10-05 16:03:15,537][anemoi.utils.checkpoints][INFO] - Saving metadata to inference-last/anemoi-metadata/ai-models.json
[2025-10-05 16:03:15,538][anemoi.utils.checkpoints][INFO] - Saving supporting array `latitudes` to inference-last/anemoi-metadata/latitudes.numpy (shape=(10944,), dtype=float64)
[2025-10-05 16:03:15,538][anemoi.utils.checkpoints][INFO] - Saving supporting array `longitudes` to inference-last/anemoi-metadata/longitudes.numpy (shape=(10944,), dtype=float64)
[2025-10-05 16:03:16,285][anemoi.utils.checkpoints][INFO] - Adding extra information to checkpoint /lus/h2resw01/scratch/momc/checkpoint/bdb69e0cd85140cfbc495d0ab90079a8/last.ckpt
[2025-10-05 16:03:16,285][anemoi.utils.checkpoints][INFO] - Saving metadata to archive/anemoi-metadata/ai-models.json
[2025-10-05 16:03:16,286][anemoi.utils.checkpoints][INFO] - Saving supporting array `latitudes` to archive/anemoi-metadata/latitudes.numpy (shape=(10944,), dtype=float64)
[2025-10-05 16:03:16,286][anemoi.utils.checkpoints][INFO] - Saving supporting array `longitudes` to archive/anemoi-metadata/longitudes.numpy (shape=(10944,), dtype=float64)
[2025-10-05 16:26:00,259][anemoi.models.data_indices.collection][INFO] - The order of the variables in the model matches the order in the data.
[2025-10-05 16:26:00,260][anemoi.models.data_indices.collection][INFO] - The order of the variables in the model matches the order in the data.
[2025-10-05 16:26:00,261][anemoi.models.data_indices.collection][INFO] - The order of the variables in the model matches the order in the data.
[2025-10-05 16:26:00,261][anemoi.models.data_indices.collection][INFO] - The order of the variables in the model matches the order in the data.
[2025-10-05 16:26:19,609][anemoi.utils.checkpoints][INFO] - Adding extra information to checkpoint /lus/h2resw01/scratch/momc/checkpoint/bdb69e0cd85140cfbc495d0ab90079a8/inference-last.ckpt
[2025-10-05 16:26:19,610][anemoi.utils.checkpoints][INFO] - Saving metadata to inference-last/anemoi-metadata/ai-models.json
[2025-10-05 16:26:19,611][anemoi.utils.checkpoints][INFO] - Saving supporting array `latitudes` to inference-last/anemoi-metadata/latitudes.numpy (shape=(10944,), dtype=float64)
[2025-10-05 16:26:19,611][anemoi.utils.checkpoints][INFO] - Saving supporting array `longitudes` to inference-last/anemoi-metadata/longitudes.numpy (shape=(10944,), dtype=float64)
[2025-10-05 16:26:20,358][anemoi.utils.checkpoints][INFO] - Adding extra information to checkpoint /lus/h2resw01/scratch/momc/checkpoint/bdb69e0cd85140cfbc495d0ab90079a8/last.ckpt
[2025-10-05 16:26:20,358][anemoi.utils.checkpoints][INFO] - Saving metadata to archive/anemoi-metadata/ai-models.json
[2025-10-05 16:26:20,359][anemoi.utils.checkpoints][INFO] - Saving supporting array `latitudes` to archive/anemoi-metadata/latitudes.numpy (shape=(10944,), dtype=float64)
[2025-10-05 16:26:20,360][anemoi.utils.checkpoints][INFO] - Saving supporting array `longitudes` to archive/anemoi-metadata/longitudes.numpy (shape=(10944,), dtype=float64)
[2025-10-05 16:26:20,473][anemoi.utils.checkpoints][INFO] - Adding extra information to checkpoint /lus/h2resw01/scratch/momc/checkpoint/bdb69e0cd85140cfbc495d0ab90079a8/inference-anemoi-by_epoch-epoch_016-step_065280.ckpt
[2025-10-05 16:26:20,473][anemoi.utils.checkpoints][INFO] - Saving metadata to inference-anemoi-by_epoch-epoch_016-step_065280/anemoi-metadata/ai-models.json
[2025-10-05 16:26:20,474][anemoi.utils.checkpoints][INFO] - Saving supporting array `latitudes` to inference-anemoi-by_epoch-epoch_016-step_065280/anemoi-metadata/latitudes.numpy (shape=(10944,), dtype=float64)
[2025-10-05 16:26:20,475][anemoi.utils.checkpoints][INFO] - Saving supporting array `longitudes` to inference-anemoi-by_epoch-epoch_016-step_065280/anemoi-metadata/longitudes.numpy (shape=(10944,), dtype=float64)
[2025-10-05 16:26:21,154][anemoi.utils.checkpoints][INFO] - Adding extra information to checkpoint /lus/h2resw01/scratch/momc/checkpoint/bdb69e0cd85140cfbc495d0ab90079a8/anemoi-by_epoch-epoch_016-step_065280.ckpt
[2025-10-05 16:26:21,154][anemoi.utils.checkpoints][INFO] - Saving metadata to archive/anemoi-metadata/ai-models.json
[2025-10-05 16:26:21,155][anemoi.utils.checkpoints][INFO] - Saving supporting array `latitudes` to archive/anemoi-metadata/latitudes.numpy (shape=(10944,), dtype=float64)
[2025-10-05 16:26:21,156][anemoi.utils.checkpoints][INFO] - Saving supporting array `longitudes` to archive/anemoi-metadata/longitudes.numpy (shape=(10944,), dtype=float64)
[2025-10-05 16:26:21,284][anemoi.utils.checkpoints][INFO] - Adding extra information to checkpoint /lus/h2resw01/scratch/momc/checkpoint/bdb69e0cd85140cfbc495d0ab90079a8/inference-last.ckpt
[2025-10-05 16:26:21,284][anemoi.utils.checkpoints][INFO] - Saving metadata to inference-last/anemoi-metadata/ai-models.json
[2025-10-05 16:26:21,286][anemoi.utils.checkpoints][INFO] - Saving supporting array `latitudes` to inference-last/anemoi-metadata/latitudes.numpy (shape=(10944,), dtype=float64)
[2025-10-05 16:26:21,286][anemoi.utils.checkpoints][INFO] - Saving supporting array `longitudes` to inference-last/anemoi-metadata/longitudes.numpy (shape=(10944,), dtype=float64)
[2025-10-05 16:26:22,013][anemoi.utils.checkpoints][INFO] - Adding extra information to checkpoint /lus/h2resw01/scratch/momc/checkpoint/bdb69e0cd85140cfbc495d0ab90079a8/last.ckpt
[2025-10-05 16:26:22,014][anemoi.utils.checkpoints][INFO] - Saving metadata to archive/anemoi-metadata/ai-models.json
[2025-10-05 16:26:22,015][anemoi.utils.checkpoints][INFO] - Saving supporting array `latitudes` to archive/anemoi-metadata/latitudes.numpy (shape=(10944,), dtype=float64)
[2025-10-05 16:26:22,015][anemoi.utils.checkpoints][INFO] - Saving supporting array `longitudes` to archive/anemoi-metadata/longitudes.numpy (shape=(10944,), dtype=float64)
[2025-10-05 16:49:07,171][anemoi.models.data_indices.collection][INFO] - The order of the variables in the model matches the order in the data.
[2025-10-05 16:49:07,172][anemoi.models.data_indices.collection][INFO] - The order of the variables in the model matches the order in the data.
[2025-10-05 16:49:07,172][anemoi.models.data_indices.collection][INFO] - The order of the variables in the model matches the order in the data.
[2025-10-05 16:49:07,172][anemoi.models.data_indices.collection][INFO] - The order of the variables in the model matches the order in the data.
[2025-10-05 16:49:26,420][anemoi.utils.checkpoints][INFO] - Adding extra information to checkpoint /lus/h2resw01/scratch/momc/checkpoint/bdb69e0cd85140cfbc495d0ab90079a8/inference-last.ckpt
[2025-10-05 16:49:26,420][anemoi.utils.checkpoints][INFO] - Saving metadata to inference-last/anemoi-metadata/ai-models.json
[2025-10-05 16:49:26,421][anemoi.utils.checkpoints][INFO] - Saving supporting array `latitudes` to inference-last/anemoi-metadata/latitudes.numpy (shape=(10944,), dtype=float64)
[2025-10-05 16:49:26,422][anemoi.utils.checkpoints][INFO] - Saving supporting array `longitudes` to inference-last/anemoi-metadata/longitudes.numpy (shape=(10944,), dtype=float64)
[2025-10-05 16:49:27,207][anemoi.utils.checkpoints][INFO] - Adding extra information to checkpoint /lus/h2resw01/scratch/momc/checkpoint/bdb69e0cd85140cfbc495d0ab90079a8/last.ckpt
[2025-10-05 16:49:27,207][anemoi.utils.checkpoints][INFO] - Saving metadata to archive/anemoi-metadata/ai-models.json
[2025-10-05 16:49:27,208][anemoi.utils.checkpoints][INFO] - Saving supporting array `latitudes` to archive/anemoi-metadata/latitudes.numpy (shape=(10944,), dtype=float64)
[2025-10-05 16:49:27,208][anemoi.utils.checkpoints][INFO] - Saving supporting array `longitudes` to archive/anemoi-metadata/longitudes.numpy (shape=(10944,), dtype=float64)
[2025-10-05 16:49:27,334][anemoi.utils.checkpoints][INFO] - Adding extra information to checkpoint /lus/h2resw01/scratch/momc/checkpoint/bdb69e0cd85140cfbc495d0ab90079a8/inference-anemoi-by_epoch-epoch_017-step_069120.ckpt
[2025-10-05 16:49:27,334][anemoi.utils.checkpoints][INFO] - Saving metadata to inference-anemoi-by_epoch-epoch_017-step_069120/anemoi-metadata/ai-models.json
[2025-10-05 16:49:27,336][anemoi.utils.checkpoints][INFO] - Saving supporting array `latitudes` to inference-anemoi-by_epoch-epoch_017-step_069120/anemoi-metadata/latitudes.numpy (shape=(10944,), dtype=float64)
[2025-10-05 16:49:27,336][anemoi.utils.checkpoints][INFO] - Saving supporting array `longitudes` to inference-anemoi-by_epoch-epoch_017-step_069120/anemoi-metadata/longitudes.numpy (shape=(10944,), dtype=float64)
[2025-10-05 16:49:28,033][anemoi.utils.checkpoints][INFO] - Adding extra information to checkpoint /lus/h2resw01/scratch/momc/checkpoint/bdb69e0cd85140cfbc495d0ab90079a8/anemoi-by_epoch-epoch_017-step_069120.ckpt
[2025-10-05 16:49:28,033][anemoi.utils.checkpoints][INFO] - Saving metadata to archive/anemoi-metadata/ai-models.json
[2025-10-05 16:49:28,034][anemoi.utils.checkpoints][INFO] - Saving supporting array `latitudes` to archive/anemoi-metadata/latitudes.numpy (shape=(10944,), dtype=float64)
[2025-10-05 16:49:28,034][anemoi.utils.checkpoints][INFO] - Saving supporting array `longitudes` to archive/anemoi-metadata/longitudes.numpy (shape=(10944,), dtype=float64)
[2025-10-05 16:49:28,159][anemoi.utils.checkpoints][INFO] - Adding extra information to checkpoint /lus/h2resw01/scratch/momc/checkpoint/bdb69e0cd85140cfbc495d0ab90079a8/inference-last.ckpt
[2025-10-05 16:49:28,159][anemoi.utils.checkpoints][INFO] - Saving metadata to inference-last/anemoi-metadata/ai-models.json
[2025-10-05 16:49:28,160][anemoi.utils.checkpoints][INFO] - Saving supporting array `latitudes` to inference-last/anemoi-metadata/latitudes.numpy (shape=(10944,), dtype=float64)
[2025-10-05 16:49:28,160][anemoi.utils.checkpoints][INFO] - Saving supporting array `longitudes` to inference-last/anemoi-metadata/longitudes.numpy (shape=(10944,), dtype=float64)
[2025-10-05 16:49:28,884][anemoi.utils.checkpoints][INFO] - Adding extra information to checkpoint /lus/h2resw01/scratch/momc/checkpoint/bdb69e0cd85140cfbc495d0ab90079a8/last.ckpt
[2025-10-05 16:49:28,885][anemoi.utils.checkpoints][INFO] - Saving metadata to archive/anemoi-metadata/ai-models.json
[2025-10-05 16:49:28,886][anemoi.utils.checkpoints][INFO] - Saving supporting array `latitudes` to archive/anemoi-metadata/latitudes.numpy (shape=(10944,), dtype=float64)
[2025-10-05 16:49:28,886][anemoi.utils.checkpoints][INFO] - Saving supporting array `longitudes` to archive/anemoi-metadata/longitudes.numpy (shape=(10944,), dtype=float64)
[2025-10-05 17:12:09,522][anemoi.models.data_indices.collection][INFO] - The order of the variables in the model matches the order in the data.
[2025-10-05 17:12:09,522][anemoi.models.data_indices.collection][INFO] - The order of the variables in the model matches the order in the data.
[2025-10-05 17:12:09,522][anemoi.models.data_indices.collection][INFO] - The order of the variables in the model matches the order in the data.
[2025-10-05 17:12:09,523][anemoi.models.data_indices.collection][INFO] - The order of the variables in the model matches the order in the data.
[2025-10-05 17:12:29,773][anemoi.utils.checkpoints][INFO] - Adding extra information to checkpoint /lus/h2resw01/scratch/momc/checkpoint/bdb69e0cd85140cfbc495d0ab90079a8/inference-last.ckpt
[2025-10-05 17:12:29,773][anemoi.utils.checkpoints][INFO] - Saving metadata to inference-last/anemoi-metadata/ai-models.json
[2025-10-05 17:12:29,774][anemoi.utils.checkpoints][INFO] - Saving supporting array `latitudes` to inference-last/anemoi-metadata/latitudes.numpy (shape=(10944,), dtype=float64)
[2025-10-05 17:12:29,775][anemoi.utils.checkpoints][INFO] - Saving supporting array `longitudes` to inference-last/anemoi-metadata/longitudes.numpy (shape=(10944,), dtype=float64)
[2025-10-05 17:12:30,511][anemoi.utils.checkpoints][INFO] - Adding extra information to checkpoint /lus/h2resw01/scratch/momc/checkpoint/bdb69e0cd85140cfbc495d0ab90079a8/last.ckpt
[2025-10-05 17:12:30,511][anemoi.utils.checkpoints][INFO] - Saving metadata to archive/anemoi-metadata/ai-models.json
[2025-10-05 17:12:30,512][anemoi.utils.checkpoints][INFO] - Saving supporting array `latitudes` to archive/anemoi-metadata/latitudes.numpy (shape=(10944,), dtype=float64)
[2025-10-05 17:12:30,513][anemoi.utils.checkpoints][INFO] - Saving supporting array `longitudes` to archive/anemoi-metadata/longitudes.numpy (shape=(10944,), dtype=float64)
[2025-10-05 17:12:30,623][anemoi.utils.checkpoints][INFO] - Adding extra information to checkpoint /lus/h2resw01/scratch/momc/checkpoint/bdb69e0cd85140cfbc495d0ab90079a8/inference-anemoi-by_epoch-epoch_018-step_072960.ckpt
[2025-10-05 17:12:30,623][anemoi.utils.checkpoints][INFO] - Saving metadata to inference-anemoi-by_epoch-epoch_018-step_072960/anemoi-metadata/ai-models.json
[2025-10-05 17:12:30,624][anemoi.utils.checkpoints][INFO] - Saving supporting array `latitudes` to inference-anemoi-by_epoch-epoch_018-step_072960/anemoi-metadata/latitudes.numpy (shape=(10944,), dtype=float64)
[2025-10-05 17:12:30,625][anemoi.utils.checkpoints][INFO] - Saving supporting array `longitudes` to inference-anemoi-by_epoch-epoch_018-step_072960/anemoi-metadata/longitudes.numpy (shape=(10944,), dtype=float64)
[2025-10-05 17:12:31,309][anemoi.utils.checkpoints][INFO] - Adding extra information to checkpoint /lus/h2resw01/scratch/momc/checkpoint/bdb69e0cd85140cfbc495d0ab90079a8/anemoi-by_epoch-epoch_018-step_072960.ckpt
[2025-10-05 17:12:31,309][anemoi.utils.checkpoints][INFO] - Saving metadata to archive/anemoi-metadata/ai-models.json
[2025-10-05 17:12:31,311][anemoi.utils.checkpoints][INFO] - Saving supporting array `latitudes` to archive/anemoi-metadata/latitudes.numpy (shape=(10944,), dtype=float64)
[2025-10-05 17:12:31,311][anemoi.utils.checkpoints][INFO] - Saving supporting array `longitudes` to archive/anemoi-metadata/longitudes.numpy (shape=(10944,), dtype=float64)
[2025-10-05 17:12:31,437][anemoi.utils.checkpoints][INFO] - Adding extra information to checkpoint /lus/h2resw01/scratch/momc/checkpoint/bdb69e0cd85140cfbc495d0ab90079a8/inference-last.ckpt
[2025-10-05 17:12:31,437][anemoi.utils.checkpoints][INFO] - Saving metadata to inference-last/anemoi-metadata/ai-models.json
[2025-10-05 17:12:31,439][anemoi.utils.checkpoints][INFO] - Saving supporting array `latitudes` to inference-last/anemoi-metadata/latitudes.numpy (shape=(10944,), dtype=float64)
[2025-10-05 17:12:31,439][anemoi.utils.checkpoints][INFO] - Saving supporting array `longitudes` to inference-last/anemoi-metadata/longitudes.numpy (shape=(10944,), dtype=float64)
[2025-10-05 17:12:32,160][anemoi.utils.checkpoints][INFO] - Adding extra information to checkpoint /lus/h2resw01/scratch/momc/checkpoint/bdb69e0cd85140cfbc495d0ab90079a8/last.ckpt
[2025-10-05 17:12:32,161][anemoi.utils.checkpoints][INFO] - Saving metadata to archive/anemoi-metadata/ai-models.json
[2025-10-05 17:12:32,162][anemoi.utils.checkpoints][INFO] - Saving supporting array `latitudes` to archive/anemoi-metadata/latitudes.numpy (shape=(10944,), dtype=float64)
[2025-10-05 17:12:32,162][anemoi.utils.checkpoints][INFO] - Saving supporting array `longitudes` to archive/anemoi-metadata/longitudes.numpy (shape=(10944,), dtype=float64)
[2025-10-05 17:35:12,944][anemoi.models.data_indices.collection][INFO] - The order of the variables in the model matches the order in the data.
[2025-10-05 17:35:12,945][anemoi.models.data_indices.collection][INFO] - The order of the variables in the model matches the order in the data.
[2025-10-05 17:35:12,945][anemoi.models.data_indices.collection][INFO] - The order of the variables in the model matches the order in the data.
[2025-10-05 17:35:12,951][anemoi.models.data_indices.collection][INFO] - The order of the variables in the model matches the order in the data.
[2025-10-05 17:35:32,350][anemoi.utils.checkpoints][INFO] - Adding extra information to checkpoint /lus/h2resw01/scratch/momc/checkpoint/bdb69e0cd85140cfbc495d0ab90079a8/inference-last.ckpt
[2025-10-05 17:35:32,350][anemoi.utils.checkpoints][INFO] - Saving metadata to inference-last/anemoi-metadata/ai-models.json
[2025-10-05 17:35:32,351][anemoi.utils.checkpoints][INFO] - Saving supporting array `latitudes` to inference-last/anemoi-metadata/latitudes.numpy (shape=(10944,), dtype=float64)
[2025-10-05 17:35:32,351][anemoi.utils.checkpoints][INFO] - Saving supporting array `longitudes` to inference-last/anemoi-metadata/longitudes.numpy (shape=(10944,), dtype=float64)
[2025-10-05 17:35:33,098][anemoi.utils.checkpoints][INFO] - Adding extra information to checkpoint /lus/h2resw01/scratch/momc/checkpoint/bdb69e0cd85140cfbc495d0ab90079a8/last.ckpt
[2025-10-05 17:35:33,099][anemoi.utils.checkpoints][INFO] - Saving metadata to archive/anemoi-metadata/ai-models.json
[2025-10-05 17:35:33,100][anemoi.utils.checkpoints][INFO] - Saving supporting array `latitudes` to archive/anemoi-metadata/latitudes.numpy (shape=(10944,), dtype=float64)
[2025-10-05 17:35:33,100][anemoi.utils.checkpoints][INFO] - Saving supporting array `longitudes` to archive/anemoi-metadata/longitudes.numpy (shape=(10944,), dtype=float64)
[2025-10-05 17:35:33,212][anemoi.utils.checkpoints][INFO] - Adding extra information to checkpoint /lus/h2resw01/scratch/momc/checkpoint/bdb69e0cd85140cfbc495d0ab90079a8/inference-anemoi-by_epoch-epoch_019-step_076800.ckpt
[2025-10-05 17:35:33,212][anemoi.utils.checkpoints][INFO] - Saving metadata to inference-anemoi-by_epoch-epoch_019-step_076800/anemoi-metadata/ai-models.json
[2025-10-05 17:35:33,214][anemoi.utils.checkpoints][INFO] - Saving supporting array `latitudes` to inference-anemoi-by_epoch-epoch_019-step_076800/anemoi-metadata/latitudes.numpy (shape=(10944,), dtype=float64)
[2025-10-05 17:35:33,214][anemoi.utils.checkpoints][INFO] - Saving supporting array `longitudes` to inference-anemoi-by_epoch-epoch_019-step_076800/anemoi-metadata/longitudes.numpy (shape=(10944,), dtype=float64)
[2025-10-05 17:35:33,890][anemoi.utils.checkpoints][INFO] - Adding extra information to checkpoint /lus/h2resw01/scratch/momc/checkpoint/bdb69e0cd85140cfbc495d0ab90079a8/anemoi-by_epoch-epoch_019-step_076800.ckpt
[2025-10-05 17:35:33,890][anemoi.utils.checkpoints][INFO] - Saving metadata to archive/anemoi-metadata/ai-models.json
[2025-10-05 17:35:33,891][anemoi.utils.checkpoints][INFO] - Saving supporting array `latitudes` to archive/anemoi-metadata/latitudes.numpy (shape=(10944,), dtype=float64)
[2025-10-05 17:35:33,891][anemoi.utils.checkpoints][INFO] - Saving supporting array `longitudes` to archive/anemoi-metadata/longitudes.numpy (shape=(10944,), dtype=float64)
[2025-10-05 17:35:34,015][anemoi.utils.checkpoints][INFO] - Adding extra information to checkpoint /lus/h2resw01/scratch/momc/checkpoint/bdb69e0cd85140cfbc495d0ab90079a8/inference-last.ckpt
[2025-10-05 17:35:34,015][anemoi.utils.checkpoints][INFO] - Saving metadata to inference-last/anemoi-metadata/ai-models.json
[2025-10-05 17:35:34,016][anemoi.utils.checkpoints][INFO] - Saving supporting array `latitudes` to inference-last/anemoi-metadata/latitudes.numpy (shape=(10944,), dtype=float64)
[2025-10-05 17:35:34,016][anemoi.utils.checkpoints][INFO] - Saving supporting array `longitudes` to inference-last/anemoi-metadata/longitudes.numpy (shape=(10944,), dtype=float64)
[2025-10-05 17:35:34,735][anemoi.utils.checkpoints][INFO] - Adding extra information to checkpoint /lus/h2resw01/scratch/momc/checkpoint/bdb69e0cd85140cfbc495d0ab90079a8/last.ckpt
[2025-10-05 17:35:34,735][anemoi.utils.checkpoints][INFO] - Saving metadata to archive/anemoi-metadata/ai-models.json
[2025-10-05 17:35:34,736][anemoi.utils.checkpoints][INFO] - Saving supporting array `latitudes` to archive/anemoi-metadata/latitudes.numpy (shape=(10944,), dtype=float64)
[2025-10-05 17:35:34,737][anemoi.utils.checkpoints][INFO] - Saving supporting array `longitudes` to archive/anemoi-metadata/longitudes.numpy (shape=(10944,), dtype=float64)
[2025-10-05 17:58:05,584][anemoi.models.data_indices.collection][INFO] - The order of the variables in the model matches the order in the data.
[2025-10-05 17:58:05,585][anemoi.models.data_indices.collection][INFO] - The order of the variables in the model matches the order in the data.
[2025-10-05 17:58:05,586][anemoi.models.data_indices.collection][INFO] - The order of the variables in the model matches the order in the data.
[2025-10-05 17:58:05,585][anemoi.models.data_indices.collection][INFO] - The order of the variables in the model matches the order in the data.
[2025-10-05 17:58:25,207][anemoi.utils.checkpoints][INFO] - Adding extra information to checkpoint /lus/h2resw01/scratch/momc/checkpoint/bdb69e0cd85140cfbc495d0ab90079a8/inference-last.ckpt
[2025-10-05 17:58:25,207][anemoi.utils.checkpoints][INFO] - Saving metadata to inference-last/anemoi-metadata/ai-models.json
[2025-10-05 17:58:25,208][anemoi.utils.checkpoints][INFO] - Saving supporting array `latitudes` to inference-last/anemoi-metadata/latitudes.numpy (shape=(10944,), dtype=float64)
[2025-10-05 17:58:25,208][anemoi.utils.checkpoints][INFO] - Saving supporting array `longitudes` to inference-last/anemoi-metadata/longitudes.numpy (shape=(10944,), dtype=float64)
[2025-10-05 17:58:25,983][anemoi.utils.checkpoints][INFO] - Adding extra information to checkpoint /lus/h2resw01/scratch/momc/checkpoint/bdb69e0cd85140cfbc495d0ab90079a8/last.ckpt
[2025-10-05 17:58:25,983][anemoi.utils.checkpoints][INFO] - Saving metadata to archive/anemoi-metadata/ai-models.json
[2025-10-05 17:58:25,984][anemoi.utils.checkpoints][INFO] - Saving supporting array `latitudes` to archive/anemoi-metadata/latitudes.numpy (shape=(10944,), dtype=float64)
[2025-10-05 17:58:25,985][anemoi.utils.checkpoints][INFO] - Saving supporting array `longitudes` to archive/anemoi-metadata/longitudes.numpy (shape=(10944,), dtype=float64)
[2025-10-05 17:58:26,096][anemoi.utils.checkpoints][INFO] - Adding extra information to checkpoint /lus/h2resw01/scratch/momc/checkpoint/bdb69e0cd85140cfbc495d0ab90079a8/inference-anemoi-by_epoch-epoch_020-step_080640.ckpt
[2025-10-05 17:58:26,096][anemoi.utils.checkpoints][INFO] - Saving metadata to inference-anemoi-by_epoch-epoch_020-step_080640/anemoi-metadata/ai-models.json
[2025-10-05 17:58:26,097][anemoi.utils.checkpoints][INFO] - Saving supporting array `latitudes` to inference-anemoi-by_epoch-epoch_020-step_080640/anemoi-metadata/latitudes.numpy (shape=(10944,), dtype=float64)
[2025-10-05 17:58:26,098][anemoi.utils.checkpoints][INFO] - Saving supporting array `longitudes` to inference-anemoi-by_epoch-epoch_020-step_080640/anemoi-metadata/longitudes.numpy (shape=(10944,), dtype=float64)
[2025-10-05 17:58:26,801][anemoi.utils.checkpoints][INFO] - Adding extra information to checkpoint /lus/h2resw01/scratch/momc/checkpoint/bdb69e0cd85140cfbc495d0ab90079a8/anemoi-by_epoch-epoch_020-step_080640.ckpt
[2025-10-05 17:58:26,801][anemoi.utils.checkpoints][INFO] - Saving metadata to archive/anemoi-metadata/ai-models.json
[2025-10-05 17:58:26,802][anemoi.utils.checkpoints][INFO] - Saving supporting array `latitudes` to archive/anemoi-metadata/latitudes.numpy (shape=(10944,), dtype=float64)
[2025-10-05 17:58:26,803][anemoi.utils.checkpoints][INFO] - Saving supporting array `longitudes` to archive/anemoi-metadata/longitudes.numpy (shape=(10944,), dtype=float64)
[2025-10-05 17:58:26,930][anemoi.utils.checkpoints][INFO] - Adding extra information to checkpoint /lus/h2resw01/scratch/momc/checkpoint/bdb69e0cd85140cfbc495d0ab90079a8/inference-last.ckpt
[2025-10-05 17:58:26,930][anemoi.utils.checkpoints][INFO] - Saving metadata to inference-last/anemoi-metadata/ai-models.json
[2025-10-05 17:58:26,931][anemoi.utils.checkpoints][INFO] - Saving supporting array `latitudes` to inference-last/anemoi-metadata/latitudes.numpy (shape=(10944,), dtype=float64)
[2025-10-05 17:58:26,931][anemoi.utils.checkpoints][INFO] - Saving supporting array `longitudes` to inference-last/anemoi-metadata/longitudes.numpy (shape=(10944,), dtype=float64)
[2025-10-05 17:58:27,674][anemoi.utils.checkpoints][INFO] - Adding extra information to checkpoint /lus/h2resw01/scratch/momc/checkpoint/bdb69e0cd85140cfbc495d0ab90079a8/last.ckpt
[2025-10-05 17:58:27,674][anemoi.utils.checkpoints][INFO] - Saving metadata to archive/anemoi-metadata/ai-models.json
[2025-10-05 17:58:27,675][anemoi.utils.checkpoints][INFO] - Saving supporting array `latitudes` to archive/anemoi-metadata/latitudes.numpy (shape=(10944,), dtype=float64)
[2025-10-05 17:58:27,675][anemoi.utils.checkpoints][INFO] - Saving supporting array `longitudes` to archive/anemoi-metadata/longitudes.numpy (shape=(10944,), dtype=float64)
[2025-10-05 18:21:03,207][anemoi.models.data_indices.collection][INFO] - The order of the variables in the model matches the order in the data.
[2025-10-05 18:21:03,207][anemoi.models.data_indices.collection][INFO] - The order of the variables in the model matches the order in the data.
[2025-10-05 18:21:03,208][anemoi.models.data_indices.collection][INFO] - The order of the variables in the model matches the order in the data.
[2025-10-05 18:21:03,208][anemoi.models.data_indices.collection][INFO] - The order of the variables in the model matches the order in the data.
[2025-10-05 18:21:23,505][anemoi.utils.checkpoints][INFO] - Adding extra information to checkpoint /lus/h2resw01/scratch/momc/checkpoint/bdb69e0cd85140cfbc495d0ab90079a8/inference-last.ckpt
[2025-10-05 18:21:23,505][anemoi.utils.checkpoints][INFO] - Saving metadata to inference-last/anemoi-metadata/ai-models.json
[2025-10-05 18:21:23,506][anemoi.utils.checkpoints][INFO] - Saving supporting array `latitudes` to inference-last/anemoi-metadata/latitudes.numpy (shape=(10944,), dtype=float64)
[2025-10-05 18:21:23,507][anemoi.utils.checkpoints][INFO] - Saving supporting array `longitudes` to inference-last/anemoi-metadata/longitudes.numpy (shape=(10944,), dtype=float64)
[2025-10-05 18:21:24,262][anemoi.utils.checkpoints][INFO] - Adding extra information to checkpoint /lus/h2resw01/scratch/momc/checkpoint/bdb69e0cd85140cfbc495d0ab90079a8/last.ckpt
[2025-10-05 18:21:24,262][anemoi.utils.checkpoints][INFO] - Saving metadata to archive/anemoi-metadata/ai-models.json
[2025-10-05 18:21:24,264][anemoi.utils.checkpoints][INFO] - Saving supporting array `latitudes` to archive/anemoi-metadata/latitudes.numpy (shape=(10944,), dtype=float64)
[2025-10-05 18:21:24,264][anemoi.utils.checkpoints][INFO] - Saving supporting array `longitudes` to archive/anemoi-metadata/longitudes.numpy (shape=(10944,), dtype=float64)
[2025-10-05 18:21:24,378][anemoi.utils.checkpoints][INFO] - Adding extra information to checkpoint /lus/h2resw01/scratch/momc/checkpoint/bdb69e0cd85140cfbc495d0ab90079a8/inference-anemoi-by_epoch-epoch_021-step_084480.ckpt
[2025-10-05 18:21:24,378][anemoi.utils.checkpoints][INFO] - Saving metadata to inference-anemoi-by_epoch-epoch_021-step_084480/anemoi-metadata/ai-models.json
[2025-10-05 18:21:24,379][anemoi.utils.checkpoints][INFO] - Saving supporting array `latitudes` to inference-anemoi-by_epoch-epoch_021-step_084480/anemoi-metadata/latitudes.numpy (shape=(10944,), dtype=float64)
[2025-10-05 18:21:24,380][anemoi.utils.checkpoints][INFO] - Saving supporting array `longitudes` to inference-anemoi-by_epoch-epoch_021-step_084480/anemoi-metadata/longitudes.numpy (shape=(10944,), dtype=float64)
[2025-10-05 18:21:25,084][anemoi.utils.checkpoints][INFO] - Adding extra information to checkpoint /lus/h2resw01/scratch/momc/checkpoint/bdb69e0cd85140cfbc495d0ab90079a8/anemoi-by_epoch-epoch_021-step_084480.ckpt
[2025-10-05 18:21:25,084][anemoi.utils.checkpoints][INFO] - Saving metadata to archive/anemoi-metadata/ai-models.json
[2025-10-05 18:21:25,086][anemoi.utils.checkpoints][INFO] - Saving supporting array `latitudes` to archive/anemoi-metadata/latitudes.numpy (shape=(10944,), dtype=float64)
[2025-10-05 18:21:25,086][anemoi.utils.checkpoints][INFO] - Saving supporting array `longitudes` to archive/anemoi-metadata/longitudes.numpy (shape=(10944,), dtype=float64)
[2025-10-05 18:21:25,213][anemoi.utils.checkpoints][INFO] - Adding extra information to checkpoint /lus/h2resw01/scratch/momc/checkpoint/bdb69e0cd85140cfbc495d0ab90079a8/inference-last.ckpt
[2025-10-05 18:21:25,213][anemoi.utils.checkpoints][INFO] - Saving metadata to inference-last/anemoi-metadata/ai-models.json
[2025-10-05 18:21:25,215][anemoi.utils.checkpoints][INFO] - Saving supporting array `latitudes` to inference-last/anemoi-metadata/latitudes.numpy (shape=(10944,), dtype=float64)
[2025-10-05 18:21:25,215][anemoi.utils.checkpoints][INFO] - Saving supporting array `longitudes` to inference-last/anemoi-metadata/longitudes.numpy (shape=(10944,), dtype=float64)
[2025-10-05 18:21:25,952][anemoi.utils.checkpoints][INFO] - Adding extra information to checkpoint /lus/h2resw01/scratch/momc/checkpoint/bdb69e0cd85140cfbc495d0ab90079a8/last.ckpt
[2025-10-05 18:21:25,952][anemoi.utils.checkpoints][INFO] - Saving metadata to archive/anemoi-metadata/ai-models.json
[2025-10-05 18:21:25,954][anemoi.utils.checkpoints][INFO] - Saving supporting array `latitudes` to archive/anemoi-metadata/latitudes.numpy (shape=(10944,), dtype=float64)
[2025-10-05 18:21:25,954][anemoi.utils.checkpoints][INFO] - Saving supporting array `longitudes` to archive/anemoi-metadata/longitudes.numpy (shape=(10944,), dtype=float64)
[2025-10-05 18:44:09,812][anemoi.models.data_indices.collection][INFO] - The order of the variables in the model matches the order in the data.
[2025-10-05 18:44:09,812][anemoi.models.data_indices.collection][INFO] - The order of the variables in the model matches the order in the data.
[2025-10-05 18:44:09,813][anemoi.models.data_indices.collection][INFO] - The order of the variables in the model matches the order in the data.
[2025-10-05 18:44:09,813][anemoi.models.data_indices.collection][INFO] - The order of the variables in the model matches the order in the data.
[2025-10-05 18:44:30,727][anemoi.utils.checkpoints][INFO] - Adding extra information to checkpoint /lus/h2resw01/scratch/momc/checkpoint/bdb69e0cd85140cfbc495d0ab90079a8/inference-last.ckpt
[2025-10-05 18:44:30,727][anemoi.utils.checkpoints][INFO] - Saving metadata to inference-last/anemoi-metadata/ai-models.json
[2025-10-05 18:44:30,728][anemoi.utils.checkpoints][INFO] - Saving supporting array `latitudes` to inference-last/anemoi-metadata/latitudes.numpy (shape=(10944,), dtype=float64)
[2025-10-05 18:44:30,729][anemoi.utils.checkpoints][INFO] - Saving supporting array `longitudes` to inference-last/anemoi-metadata/longitudes.numpy (shape=(10944,), dtype=float64)
[2025-10-05 18:44:31,613][anemoi.utils.checkpoints][INFO] - Adding extra information to checkpoint /lus/h2resw01/scratch/momc/checkpoint/bdb69e0cd85140cfbc495d0ab90079a8/last.ckpt
[2025-10-05 18:44:31,613][anemoi.utils.checkpoints][INFO] - Saving metadata to archive/anemoi-metadata/ai-models.json
[2025-10-05 18:44:31,614][anemoi.utils.checkpoints][INFO] - Saving supporting array `latitudes` to archive/anemoi-metadata/latitudes.numpy (shape=(10944,), dtype=float64)
[2025-10-05 18:44:31,614][anemoi.utils.checkpoints][INFO] - Saving supporting array `longitudes` to archive/anemoi-metadata/longitudes.numpy (shape=(10944,), dtype=float64)
[2025-10-05 18:44:31,738][anemoi.utils.checkpoints][INFO] - Adding extra information to checkpoint /lus/h2resw01/scratch/momc/checkpoint/bdb69e0cd85140cfbc495d0ab90079a8/inference-anemoi-by_epoch-epoch_022-step_088320.ckpt
[2025-10-05 18:44:31,738][anemoi.utils.checkpoints][INFO] - Saving metadata to inference-anemoi-by_epoch-epoch_022-step_088320/anemoi-metadata/ai-models.json
[2025-10-05 18:44:31,740][anemoi.utils.checkpoints][INFO] - Saving supporting array `latitudes` to inference-anemoi-by_epoch-epoch_022-step_088320/anemoi-metadata/latitudes.numpy (shape=(10944,), dtype=float64)
[2025-10-05 18:44:31,740][anemoi.utils.checkpoints][INFO] - Saving supporting array `longitudes` to inference-anemoi-by_epoch-epoch_022-step_088320/anemoi-metadata/longitudes.numpy (shape=(10944,), dtype=float64)
[2025-10-05 18:44:32,425][anemoi.utils.checkpoints][INFO] - Adding extra information to checkpoint /lus/h2resw01/scratch/momc/checkpoint/bdb69e0cd85140cfbc495d0ab90079a8/anemoi-by_epoch-epoch_022-step_088320.ckpt
[2025-10-05 18:44:32,426][anemoi.utils.checkpoints][INFO] - Saving metadata to archive/anemoi-metadata/ai-models.json
[2025-10-05 18:44:32,427][anemoi.utils.checkpoints][INFO] - Saving supporting array `latitudes` to archive/anemoi-metadata/latitudes.numpy (shape=(10944,), dtype=float64)
[2025-10-05 18:44:32,427][anemoi.utils.checkpoints][INFO] - Saving supporting array `longitudes` to archive/anemoi-metadata/longitudes.numpy (shape=(10944,), dtype=float64)
[2025-10-05 18:44:32,556][anemoi.utils.checkpoints][INFO] - Adding extra information to checkpoint /lus/h2resw01/scratch/momc/checkpoint/bdb69e0cd85140cfbc495d0ab90079a8/inference-last.ckpt
[2025-10-05 18:44:32,556][anemoi.utils.checkpoints][INFO] - Saving metadata to inference-last/anemoi-metadata/ai-models.json
[2025-10-05 18:44:32,557][anemoi.utils.checkpoints][INFO] - Saving supporting array `latitudes` to inference-last/anemoi-metadata/latitudes.numpy (shape=(10944,), dtype=float64)
[2025-10-05 18:44:32,557][anemoi.utils.checkpoints][INFO] - Saving supporting array `longitudes` to inference-last/anemoi-metadata/longitudes.numpy (shape=(10944,), dtype=float64)
[2025-10-05 18:44:33,283][anemoi.utils.checkpoints][INFO] - Adding extra information to checkpoint /lus/h2resw01/scratch/momc/checkpoint/bdb69e0cd85140cfbc495d0ab90079a8/last.ckpt
[2025-10-05 18:44:33,283][anemoi.utils.checkpoints][INFO] - Saving metadata to archive/anemoi-metadata/ai-models.json
[2025-10-05 18:44:33,284][anemoi.utils.checkpoints][INFO] - Saving supporting array `latitudes` to archive/anemoi-metadata/latitudes.numpy (shape=(10944,), dtype=float64)
[2025-10-05 18:44:33,285][anemoi.utils.checkpoints][INFO] - Saving supporting array `longitudes` to archive/anemoi-metadata/longitudes.numpy (shape=(10944,), dtype=float64)
[2025-10-05 19:07:17,137][anemoi.models.data_indices.collection][INFO] - The order of the variables in the model matches the order in the data.
[2025-10-05 19:07:17,137][anemoi.models.data_indices.collection][INFO] - The order of the variables in the model matches the order in the data.
[2025-10-05 19:07:17,138][anemoi.models.data_indices.collection][INFO] - The order of the variables in the model matches the order in the data.
[2025-10-05 19:07:17,138][anemoi.models.data_indices.collection][INFO] - The order of the variables in the model matches the order in the data.
[2025-10-05 19:07:37,008][anemoi.utils.checkpoints][INFO] - Adding extra information to checkpoint /lus/h2resw01/scratch/momc/checkpoint/bdb69e0cd85140cfbc495d0ab90079a8/inference-last.ckpt
[2025-10-05 19:07:37,008][anemoi.utils.checkpoints][INFO] - Saving metadata to inference-last/anemoi-metadata/ai-models.json
[2025-10-05 19:07:37,009][anemoi.utils.checkpoints][INFO] - Saving supporting array `latitudes` to inference-last/anemoi-metadata/latitudes.numpy (shape=(10944,), dtype=float64)
[2025-10-05 19:07:37,009][anemoi.utils.checkpoints][INFO] - Saving supporting array `longitudes` to inference-last/anemoi-metadata/longitudes.numpy (shape=(10944,), dtype=float64)
[2025-10-05 19:07:37,801][anemoi.utils.checkpoints][INFO] - Adding extra information to checkpoint /lus/h2resw01/scratch/momc/checkpoint/bdb69e0cd85140cfbc495d0ab90079a8/last.ckpt
[2025-10-05 19:07:37,801][anemoi.utils.checkpoints][INFO] - Saving metadata to archive/anemoi-metadata/ai-models.json
[2025-10-05 19:07:37,802][anemoi.utils.checkpoints][INFO] - Saving supporting array `latitudes` to archive/anemoi-metadata/latitudes.numpy (shape=(10944,), dtype=float64)
[2025-10-05 19:07:37,803][anemoi.utils.checkpoints][INFO] - Saving supporting array `longitudes` to archive/anemoi-metadata/longitudes.numpy (shape=(10944,), dtype=float64)
[2025-10-05 19:07:37,916][anemoi.utils.checkpoints][INFO] - Adding extra information to checkpoint /lus/h2resw01/scratch/momc/checkpoint/bdb69e0cd85140cfbc495d0ab90079a8/inference-anemoi-by_epoch-epoch_023-step_092160.ckpt
[2025-10-05 19:07:37,917][anemoi.utils.checkpoints][INFO] - Saving metadata to inference-anemoi-by_epoch-epoch_023-step_092160/anemoi-metadata/ai-models.json
[2025-10-05 19:07:37,918][anemoi.utils.checkpoints][INFO] - Saving supporting array `latitudes` to inference-anemoi-by_epoch-epoch_023-step_092160/anemoi-metadata/latitudes.numpy (shape=(10944,), dtype=float64)
[2025-10-05 19:07:37,918][anemoi.utils.checkpoints][INFO] - Saving supporting array `longitudes` to inference-anemoi-by_epoch-epoch_023-step_092160/anemoi-metadata/longitudes.numpy (shape=(10944,), dtype=float64)
[2025-10-05 19:07:38,603][anemoi.utils.checkpoints][INFO] - Adding extra information to checkpoint /lus/h2resw01/scratch/momc/checkpoint/bdb69e0cd85140cfbc495d0ab90079a8/anemoi-by_epoch-epoch_023-step_092160.ckpt
[2025-10-05 19:07:38,603][anemoi.utils.checkpoints][INFO] - Saving metadata to archive/anemoi-metadata/ai-models.json
[2025-10-05 19:07:38,605][anemoi.utils.checkpoints][INFO] - Saving supporting array `latitudes` to archive/anemoi-metadata/latitudes.numpy (shape=(10944,), dtype=float64)
[2025-10-05 19:07:38,605][anemoi.utils.checkpoints][INFO] - Saving supporting array `longitudes` to archive/anemoi-metadata/longitudes.numpy (shape=(10944,), dtype=float64)
[2025-10-05 19:07:38,735][anemoi.utils.checkpoints][INFO] - Adding extra information to checkpoint /lus/h2resw01/scratch/momc/checkpoint/bdb69e0cd85140cfbc495d0ab90079a8/inference-last.ckpt
[2025-10-05 19:07:38,735][anemoi.utils.checkpoints][INFO] - Saving metadata to inference-last/anemoi-metadata/ai-models.json
[2025-10-05 19:07:38,737][anemoi.utils.checkpoints][INFO] - Saving supporting array `latitudes` to inference-last/anemoi-metadata/latitudes.numpy (shape=(10944,), dtype=float64)
[2025-10-05 19:07:38,737][anemoi.utils.checkpoints][INFO] - Saving supporting array `longitudes` to inference-last/anemoi-metadata/longitudes.numpy (shape=(10944,), dtype=float64)
[2025-10-05 19:07:39,459][anemoi.utils.checkpoints][INFO] - Adding extra information to checkpoint /lus/h2resw01/scratch/momc/checkpoint/bdb69e0cd85140cfbc495d0ab90079a8/last.ckpt
[2025-10-05 19:07:39,459][anemoi.utils.checkpoints][INFO] - Saving metadata to archive/anemoi-metadata/ai-models.json
[2025-10-05 19:07:39,460][anemoi.utils.checkpoints][INFO] - Saving supporting array `latitudes` to archive/anemoi-metadata/latitudes.numpy (shape=(10944,), dtype=float64)
[2025-10-05 19:07:39,461][anemoi.utils.checkpoints][INFO] - Saving supporting array `longitudes` to archive/anemoi-metadata/longitudes.numpy (shape=(10944,), dtype=float64)
[2025-10-05 19:30:25,436][anemoi.models.data_indices.collection][INFO] - The order of the variables in the model matches the order in the data.
[2025-10-05 19:30:25,436][anemoi.models.data_indices.collection][INFO] - The order of the variables in the model matches the order in the data.
[2025-10-05 19:30:25,436][anemoi.models.data_indices.collection][INFO] - The order of the variables in the model matches the order in the data.
[2025-10-05 19:30:25,442][anemoi.models.data_indices.collection][INFO] - The order of the variables in the model matches the order in the data.
[2025-10-05 19:30:44,839][anemoi.utils.checkpoints][INFO] - Adding extra information to checkpoint /lus/h2resw01/scratch/momc/checkpoint/bdb69e0cd85140cfbc495d0ab90079a8/inference-last.ckpt
[2025-10-05 19:30:44,840][anemoi.utils.checkpoints][INFO] - Saving metadata to inference-last/anemoi-metadata/ai-models.json
[2025-10-05 19:30:44,841][anemoi.utils.checkpoints][INFO] - Saving supporting array `latitudes` to inference-last/anemoi-metadata/latitudes.numpy (shape=(10944,), dtype=float64)
[2025-10-05 19:30:44,841][anemoi.utils.checkpoints][INFO] - Saving supporting array `longitudes` to inference-last/anemoi-metadata/longitudes.numpy (shape=(10944,), dtype=float64)
[2025-10-05 19:30:45,571][anemoi.utils.checkpoints][INFO] - Adding extra information to checkpoint /lus/h2resw01/scratch/momc/checkpoint/bdb69e0cd85140cfbc495d0ab90079a8/last.ckpt
[2025-10-05 19:30:45,571][anemoi.utils.checkpoints][INFO] - Saving metadata to archive/anemoi-metadata/ai-models.json
[2025-10-05 19:30:45,572][anemoi.utils.checkpoints][INFO] - Saving supporting array `latitudes` to archive/anemoi-metadata/latitudes.numpy (shape=(10944,), dtype=float64)
[2025-10-05 19:30:45,572][anemoi.utils.checkpoints][INFO] - Saving supporting array `longitudes` to archive/anemoi-metadata/longitudes.numpy (shape=(10944,), dtype=float64)
[2025-10-05 19:30:45,686][anemoi.utils.checkpoints][INFO] - Adding extra information to checkpoint /lus/h2resw01/scratch/momc/checkpoint/bdb69e0cd85140cfbc495d0ab90079a8/inference-anemoi-by_epoch-epoch_024-step_096000.ckpt
[2025-10-05 19:30:45,687][anemoi.utils.checkpoints][INFO] - Saving metadata to inference-anemoi-by_epoch-epoch_024-step_096000/anemoi-metadata/ai-models.json
[2025-10-05 19:30:45,688][anemoi.utils.checkpoints][INFO] - Saving supporting array `latitudes` to inference-anemoi-by_epoch-epoch_024-step_096000/anemoi-metadata/latitudes.numpy (shape=(10944,), dtype=float64)
[2025-10-05 19:30:45,688][anemoi.utils.checkpoints][INFO] - Saving supporting array `longitudes` to inference-anemoi-by_epoch-epoch_024-step_096000/anemoi-metadata/longitudes.numpy (shape=(10944,), dtype=float64)
[2025-10-05 19:30:46,407][anemoi.utils.checkpoints][INFO] - Adding extra information to checkpoint /lus/h2resw01/scratch/momc/checkpoint/bdb69e0cd85140cfbc495d0ab90079a8/anemoi-by_epoch-epoch_024-step_096000.ckpt
[2025-10-05 19:30:46,407][anemoi.utils.checkpoints][INFO] - Saving metadata to archive/anemoi-metadata/ai-models.json
[2025-10-05 19:30:46,408][anemoi.utils.checkpoints][INFO] - Saving supporting array `latitudes` to archive/anemoi-metadata/latitudes.numpy (shape=(10944,), dtype=float64)
[2025-10-05 19:30:46,409][anemoi.utils.checkpoints][INFO] - Saving supporting array `longitudes` to archive/anemoi-metadata/longitudes.numpy (shape=(10944,), dtype=float64)
[2025-10-05 19:30:46,538][anemoi.utils.checkpoints][INFO] - Adding extra information to checkpoint /lus/h2resw01/scratch/momc/checkpoint/bdb69e0cd85140cfbc495d0ab90079a8/inference-last.ckpt
[2025-10-05 19:30:46,538][anemoi.utils.checkpoints][INFO] - Saving metadata to inference-last/anemoi-metadata/ai-models.json
[2025-10-05 19:30:46,540][anemoi.utils.checkpoints][INFO] - Saving supporting array `latitudes` to inference-last/anemoi-metadata/latitudes.numpy (shape=(10944,), dtype=float64)
[2025-10-05 19:30:46,540][anemoi.utils.checkpoints][INFO] - Saving supporting array `longitudes` to inference-last/anemoi-metadata/longitudes.numpy (shape=(10944,), dtype=float64)
[2025-10-05 19:30:47,271][anemoi.utils.checkpoints][INFO] - Adding extra information to checkpoint /lus/h2resw01/scratch/momc/checkpoint/bdb69e0cd85140cfbc495d0ab90079a8/last.ckpt
[2025-10-05 19:30:47,271][anemoi.utils.checkpoints][INFO] - Saving metadata to archive/anemoi-metadata/ai-models.json
[2025-10-05 19:30:47,273][anemoi.utils.checkpoints][INFO] - Saving supporting array `latitudes` to archive/anemoi-metadata/latitudes.numpy (shape=(10944,), dtype=float64)
[2025-10-05 19:30:47,273][anemoi.utils.checkpoints][INFO] - Saving supporting array `longitudes` to archive/anemoi-metadata/longitudes.numpy (shape=(10944,), dtype=float64)
[2025-10-05 19:53:31,216][anemoi.models.data_indices.collection][INFO] - The order of the variables in the model matches the order in the data.
[2025-10-05 19:53:31,216][anemoi.models.data_indices.collection][INFO] - The order of the variables in the model matches the order in the data.
[2025-10-05 19:53:31,217][anemoi.models.data_indices.collection][INFO] - The order of the variables in the model matches the order in the data.
[2025-10-05 19:53:31,217][anemoi.models.data_indices.collection][INFO] - The order of the variables in the model matches the order in the data.
[2025-10-05 19:53:51,658][anemoi.utils.checkpoints][INFO] - Adding extra information to checkpoint /lus/h2resw01/scratch/momc/checkpoint/bdb69e0cd85140cfbc495d0ab90079a8/inference-last.ckpt
[2025-10-05 19:53:51,658][anemoi.utils.checkpoints][INFO] - Saving metadata to inference-last/anemoi-metadata/ai-models.json
[2025-10-05 19:53:51,659][anemoi.utils.checkpoints][INFO] - Saving supporting array `latitudes` to inference-last/anemoi-metadata/latitudes.numpy (shape=(10944,), dtype=float64)
[2025-10-05 19:53:51,660][anemoi.utils.checkpoints][INFO] - Saving supporting array `longitudes` to inference-last/anemoi-metadata/longitudes.numpy (shape=(10944,), dtype=float64)
[2025-10-05 19:53:52,463][anemoi.utils.checkpoints][INFO] - Adding extra information to checkpoint /lus/h2resw01/scratch/momc/checkpoint/bdb69e0cd85140cfbc495d0ab90079a8/last.ckpt
[2025-10-05 19:53:52,464][anemoi.utils.checkpoints][INFO] - Saving metadata to archive/anemoi-metadata/ai-models.json
[2025-10-05 19:53:52,465][anemoi.utils.checkpoints][INFO] - Saving supporting array `latitudes` to archive/anemoi-metadata/latitudes.numpy (shape=(10944,), dtype=float64)
[2025-10-05 19:53:52,465][anemoi.utils.checkpoints][INFO] - Saving supporting array `longitudes` to archive/anemoi-metadata/longitudes.numpy (shape=(10944,), dtype=float64)
[2025-10-05 19:53:52,578][anemoi.utils.checkpoints][INFO] - Adding extra information to checkpoint /lus/h2resw01/scratch/momc/checkpoint/bdb69e0cd85140cfbc495d0ab90079a8/inference-anemoi-by_epoch-epoch_025-step_099840.ckpt
[2025-10-05 19:53:52,578][anemoi.utils.checkpoints][INFO] - Saving metadata to inference-anemoi-by_epoch-epoch_025-step_099840/anemoi-metadata/ai-models.json
[2025-10-05 19:53:52,579][anemoi.utils.checkpoints][INFO] - Saving supporting array `latitudes` to inference-anemoi-by_epoch-epoch_025-step_099840/anemoi-metadata/latitudes.numpy (shape=(10944,), dtype=float64)
[2025-10-05 19:53:52,580][anemoi.utils.checkpoints][INFO] - Saving supporting array `longitudes` to inference-anemoi-by_epoch-epoch_025-step_099840/anemoi-metadata/longitudes.numpy (shape=(10944,), dtype=float64)
[2025-10-05 19:53:53,254][anemoi.utils.checkpoints][INFO] - Adding extra information to checkpoint /lus/h2resw01/scratch/momc/checkpoint/bdb69e0cd85140cfbc495d0ab90079a8/anemoi-by_epoch-epoch_025-step_099840.ckpt
[2025-10-05 19:53:53,254][anemoi.utils.checkpoints][INFO] - Saving metadata to archive/anemoi-metadata/ai-models.json
[2025-10-05 19:53:53,256][anemoi.utils.checkpoints][INFO] - Saving supporting array `latitudes` to archive/anemoi-metadata/latitudes.numpy (shape=(10944,), dtype=float64)
[2025-10-05 19:53:53,256][anemoi.utils.checkpoints][INFO] - Saving supporting array `longitudes` to archive/anemoi-metadata/longitudes.numpy (shape=(10944,), dtype=float64)
[2025-10-05 19:53:53,384][anemoi.utils.checkpoints][INFO] - Adding extra information to checkpoint /lus/h2resw01/scratch/momc/checkpoint/bdb69e0cd85140cfbc495d0ab90079a8/inference-last.ckpt
[2025-10-05 19:53:53,384][anemoi.utils.checkpoints][INFO] - Saving metadata to inference-last/anemoi-metadata/ai-models.json
[2025-10-05 19:53:53,386][anemoi.utils.checkpoints][INFO] - Saving supporting array `latitudes` to inference-last/anemoi-metadata/latitudes.numpy (shape=(10944,), dtype=float64)
[2025-10-05 19:53:53,386][anemoi.utils.checkpoints][INFO] - Saving supporting array `longitudes` to inference-last/anemoi-metadata/longitudes.numpy (shape=(10944,), dtype=float64)
[2025-10-05 19:53:54,106][anemoi.utils.checkpoints][INFO] - Adding extra information to checkpoint /lus/h2resw01/scratch/momc/checkpoint/bdb69e0cd85140cfbc495d0ab90079a8/last.ckpt
[2025-10-05 19:53:54,106][anemoi.utils.checkpoints][INFO] - Saving metadata to archive/anemoi-metadata/ai-models.json
[2025-10-05 19:53:54,108][anemoi.utils.checkpoints][INFO] - Saving supporting array `latitudes` to archive/anemoi-metadata/latitudes.numpy (shape=(10944,), dtype=float64)
[2025-10-05 19:53:54,108][anemoi.utils.checkpoints][INFO] - Saving supporting array `longitudes` to archive/anemoi-metadata/longitudes.numpy (shape=(10944,), dtype=float64)
[2025-10-05 20:16:39,600][anemoi.models.data_indices.collection][INFO] - The order of the variables in the model matches the order in the data.
[2025-10-05 20:16:39,601][anemoi.models.data_indices.collection][INFO] - The order of the variables in the model matches the order in the data.
[2025-10-05 20:16:39,601][anemoi.models.data_indices.collection][INFO] - The order of the variables in the model matches the order in the data.
[2025-10-05 20:16:39,601][anemoi.models.data_indices.collection][INFO] - The order of the variables in the model matches the order in the data.
[2025-10-05 20:16:59,034][anemoi.utils.checkpoints][INFO] - Adding extra information to checkpoint /lus/h2resw01/scratch/momc/checkpoint/bdb69e0cd85140cfbc495d0ab90079a8/inference-last.ckpt
[2025-10-05 20:16:59,035][anemoi.utils.checkpoints][INFO] - Saving metadata to inference-last/anemoi-metadata/ai-models.json
[2025-10-05 20:16:59,036][anemoi.utils.checkpoints][INFO] - Saving supporting array `latitudes` to inference-last/anemoi-metadata/latitudes.numpy (shape=(10944,), dtype=float64)
[2025-10-05 20:16:59,036][anemoi.utils.checkpoints][INFO] - Saving supporting array `longitudes` to inference-last/anemoi-metadata/longitudes.numpy (shape=(10944,), dtype=float64)
[2025-10-05 20:16:59,898][anemoi.utils.checkpoints][INFO] - Adding extra information to checkpoint /lus/h2resw01/scratch/momc/checkpoint/bdb69e0cd85140cfbc495d0ab90079a8/last.ckpt
[2025-10-05 20:16:59,898][anemoi.utils.checkpoints][INFO] - Saving metadata to archive/anemoi-metadata/ai-models.json
[2025-10-05 20:16:59,899][anemoi.utils.checkpoints][INFO] - Saving supporting array `latitudes` to archive/anemoi-metadata/latitudes.numpy (shape=(10944,), dtype=float64)
[2025-10-05 20:16:59,899][anemoi.utils.checkpoints][INFO] - Saving supporting array `longitudes` to archive/anemoi-metadata/longitudes.numpy (shape=(10944,), dtype=float64)
[2025-10-05 20:17:00,012][anemoi.utils.checkpoints][INFO] - Adding extra information to checkpoint /lus/h2resw01/scratch/momc/checkpoint/bdb69e0cd85140cfbc495d0ab90079a8/inference-anemoi-by_epoch-epoch_026-step_103680.ckpt
[2025-10-05 20:17:00,012][anemoi.utils.checkpoints][INFO] - Saving metadata to inference-anemoi-by_epoch-epoch_026-step_103680/anemoi-metadata/ai-models.json
[2025-10-05 20:17:00,014][anemoi.utils.checkpoints][INFO] - Saving supporting array `latitudes` to inference-anemoi-by_epoch-epoch_026-step_103680/anemoi-metadata/latitudes.numpy (shape=(10944,), dtype=float64)
[2025-10-05 20:17:00,014][anemoi.utils.checkpoints][INFO] - Saving supporting array `longitudes` to inference-anemoi-by_epoch-epoch_026-step_103680/anemoi-metadata/longitudes.numpy (shape=(10944,), dtype=float64)
[2025-10-05 20:17:00,721][anemoi.utils.checkpoints][INFO] - Adding extra information to checkpoint /lus/h2resw01/scratch/momc/checkpoint/bdb69e0cd85140cfbc495d0ab90079a8/anemoi-by_epoch-epoch_026-step_103680.ckpt
[2025-10-05 20:17:00,721][anemoi.utils.checkpoints][INFO] - Saving metadata to archive/anemoi-metadata/ai-models.json
[2025-10-05 20:17:00,722][anemoi.utils.checkpoints][INFO] - Saving supporting array `latitudes` to archive/anemoi-metadata/latitudes.numpy (shape=(10944,), dtype=float64)
[2025-10-05 20:17:00,722][anemoi.utils.checkpoints][INFO] - Saving supporting array `longitudes` to archive/anemoi-metadata/longitudes.numpy (shape=(10944,), dtype=float64)
[2025-10-05 20:17:00,852][anemoi.utils.checkpoints][INFO] - Adding extra information to checkpoint /lus/h2resw01/scratch/momc/checkpoint/bdb69e0cd85140cfbc495d0ab90079a8/inference-last.ckpt
[2025-10-05 20:17:00,852][anemoi.utils.checkpoints][INFO] - Saving metadata to inference-last/anemoi-metadata/ai-models.json
[2025-10-05 20:17:00,853][anemoi.utils.checkpoints][INFO] - Saving supporting array `latitudes` to inference-last/anemoi-metadata/latitudes.numpy (shape=(10944,), dtype=float64)
[2025-10-05 20:17:00,853][anemoi.utils.checkpoints][INFO] - Saving supporting array `longitudes` to inference-last/anemoi-metadata/longitudes.numpy (shape=(10944,), dtype=float64)
[2025-10-05 20:17:01,569][anemoi.utils.checkpoints][INFO] - Adding extra information to checkpoint /lus/h2resw01/scratch/momc/checkpoint/bdb69e0cd85140cfbc495d0ab90079a8/last.ckpt
[2025-10-05 20:17:01,570][anemoi.utils.checkpoints][INFO] - Saving metadata to archive/anemoi-metadata/ai-models.json
[2025-10-05 20:17:01,571][anemoi.utils.checkpoints][INFO] - Saving supporting array `latitudes` to archive/anemoi-metadata/latitudes.numpy (shape=(10944,), dtype=float64)
[2025-10-05 20:17:01,571][anemoi.utils.checkpoints][INFO] - Saving supporting array `longitudes` to archive/anemoi-metadata/longitudes.numpy (shape=(10944,), dtype=float64)
[2025-10-05 20:39:48,108][anemoi.models.data_indices.collection][INFO] - The order of the variables in the model matches the order in the data.
[2025-10-05 20:39:48,109][anemoi.models.data_indices.collection][INFO] - The order of the variables in the model matches the order in the data.
[2025-10-05 20:39:48,109][anemoi.models.data_indices.collection][INFO] - The order of the variables in the model matches the order in the data.
[2025-10-05 20:39:48,110][anemoi.models.data_indices.collection][INFO] - The order of the variables in the model matches the order in the data.
[2025-10-05 20:40:07,661][anemoi.utils.checkpoints][INFO] - Adding extra information to checkpoint /lus/h2resw01/scratch/momc/checkpoint/bdb69e0cd85140cfbc495d0ab90079a8/inference-last.ckpt
[2025-10-05 20:40:07,661][anemoi.utils.checkpoints][INFO] - Saving metadata to inference-last/anemoi-metadata/ai-models.json
[2025-10-05 20:40:07,662][anemoi.utils.checkpoints][INFO] - Saving supporting array `latitudes` to inference-last/anemoi-metadata/latitudes.numpy (shape=(10944,), dtype=float64)
[2025-10-05 20:40:07,662][anemoi.utils.checkpoints][INFO] - Saving supporting array `longitudes` to inference-last/anemoi-metadata/longitudes.numpy (shape=(10944,), dtype=float64)
[2025-10-05 20:40:08,447][anemoi.utils.checkpoints][INFO] - Adding extra information to checkpoint /lus/h2resw01/scratch/momc/checkpoint/bdb69e0cd85140cfbc495d0ab90079a8/last.ckpt
[2025-10-05 20:40:08,447][anemoi.utils.checkpoints][INFO] - Saving metadata to archive/anemoi-metadata/ai-models.json
[2025-10-05 20:40:08,448][anemoi.utils.checkpoints][INFO] - Saving supporting array `latitudes` to archive/anemoi-metadata/latitudes.numpy (shape=(10944,), dtype=float64)
[2025-10-05 20:40:08,448][anemoi.utils.checkpoints][INFO] - Saving supporting array `longitudes` to archive/anemoi-metadata/longitudes.numpy (shape=(10944,), dtype=float64)
[2025-10-05 20:40:08,560][anemoi.utils.checkpoints][INFO] - Adding extra information to checkpoint /lus/h2resw01/scratch/momc/checkpoint/bdb69e0cd85140cfbc495d0ab90079a8/inference-anemoi-by_epoch-epoch_027-step_107520.ckpt
[2025-10-05 20:40:08,561][anemoi.utils.checkpoints][INFO] - Saving metadata to inference-anemoi-by_epoch-epoch_027-step_107520/anemoi-metadata/ai-models.json
[2025-10-05 20:40:08,562][anemoi.utils.checkpoints][INFO] - Saving supporting array `latitudes` to inference-anemoi-by_epoch-epoch_027-step_107520/anemoi-metadata/latitudes.numpy (shape=(10944,), dtype=float64)
[2025-10-05 20:40:08,562][anemoi.utils.checkpoints][INFO] - Saving supporting array `longitudes` to inference-anemoi-by_epoch-epoch_027-step_107520/anemoi-metadata/longitudes.numpy (shape=(10944,), dtype=float64)
[2025-10-05 20:40:09,239][anemoi.utils.checkpoints][INFO] - Adding extra information to checkpoint /lus/h2resw01/scratch/momc/checkpoint/bdb69e0cd85140cfbc495d0ab90079a8/anemoi-by_epoch-epoch_027-step_107520.ckpt
[2025-10-05 20:40:09,239][anemoi.utils.checkpoints][INFO] - Saving metadata to archive/anemoi-metadata/ai-models.json
[2025-10-05 20:40:09,241][anemoi.utils.checkpoints][INFO] - Saving supporting array `latitudes` to archive/anemoi-metadata/latitudes.numpy (shape=(10944,), dtype=float64)
[2025-10-05 20:40:09,241][anemoi.utils.checkpoints][INFO] - Saving supporting array `longitudes` to archive/anemoi-metadata/longitudes.numpy (shape=(10944,), dtype=float64)
[2025-10-05 20:40:09,369][anemoi.utils.checkpoints][INFO] - Adding extra information to checkpoint /lus/h2resw01/scratch/momc/checkpoint/bdb69e0cd85140cfbc495d0ab90079a8/inference-last.ckpt
[2025-10-05 20:40:09,369][anemoi.utils.checkpoints][INFO] - Saving metadata to inference-last/anemoi-metadata/ai-models.json
[2025-10-05 20:40:09,370][anemoi.utils.checkpoints][INFO] - Saving supporting array `latitudes` to inference-last/anemoi-metadata/latitudes.numpy (shape=(10944,), dtype=float64)
[2025-10-05 20:40:09,371][anemoi.utils.checkpoints][INFO] - Saving supporting array `longitudes` to inference-last/anemoi-metadata/longitudes.numpy (shape=(10944,), dtype=float64)
[2025-10-05 20:40:10,093][anemoi.utils.checkpoints][INFO] - Adding extra information to checkpoint /lus/h2resw01/scratch/momc/checkpoint/bdb69e0cd85140cfbc495d0ab90079a8/last.ckpt
[2025-10-05 20:40:10,094][anemoi.utils.checkpoints][INFO] - Saving metadata to archive/anemoi-metadata/ai-models.json
[2025-10-05 20:40:10,095][anemoi.utils.checkpoints][INFO] - Saving supporting array `latitudes` to archive/anemoi-metadata/latitudes.numpy (shape=(10944,), dtype=float64)
[2025-10-05 20:40:10,095][anemoi.utils.checkpoints][INFO] - Saving supporting array `longitudes` to archive/anemoi-metadata/longitudes.numpy (shape=(10944,), dtype=float64)
[2025-10-05 21:02:55,573][anemoi.models.data_indices.collection][INFO] - The order of the variables in the model matches the order in the data.
[2025-10-05 21:02:55,573][anemoi.models.data_indices.collection][INFO] - The order of the variables in the model matches the order in the data.
[2025-10-05 21:02:55,573][anemoi.models.data_indices.collection][INFO] - The order of the variables in the model matches the order in the data.
[2025-10-05 21:02:55,573][anemoi.models.data_indices.collection][INFO] - The order of the variables in the model matches the order in the data.
[2025-10-05 21:03:14,884][anemoi.utils.checkpoints][INFO] - Adding extra information to checkpoint /lus/h2resw01/scratch/momc/checkpoint/bdb69e0cd85140cfbc495d0ab90079a8/inference-last.ckpt
[2025-10-05 21:03:14,885][anemoi.utils.checkpoints][INFO] - Saving metadata to inference-last/anemoi-metadata/ai-models.json
[2025-10-05 21:03:14,886][anemoi.utils.checkpoints][INFO] - Saving supporting array `latitudes` to inference-last/anemoi-metadata/latitudes.numpy (shape=(10944,), dtype=float64)
[2025-10-05 21:03:14,886][anemoi.utils.checkpoints][INFO] - Saving supporting array `longitudes` to inference-last/anemoi-metadata/longitudes.numpy (shape=(10944,), dtype=float64)
[2025-10-05 21:03:15,630][anemoi.utils.checkpoints][INFO] - Adding extra information to checkpoint /lus/h2resw01/scratch/momc/checkpoint/bdb69e0cd85140cfbc495d0ab90079a8/last.ckpt
[2025-10-05 21:03:15,631][anemoi.utils.checkpoints][INFO] - Saving metadata to archive/anemoi-metadata/ai-models.json
[2025-10-05 21:03:15,632][anemoi.utils.checkpoints][INFO] - Saving supporting array `latitudes` to archive/anemoi-metadata/latitudes.numpy (shape=(10944,), dtype=float64)
[2025-10-05 21:03:15,632][anemoi.utils.checkpoints][INFO] - Saving supporting array `longitudes` to archive/anemoi-metadata/longitudes.numpy (shape=(10944,), dtype=float64)
[2025-10-05 21:03:15,746][anemoi.utils.checkpoints][INFO] - Adding extra information to checkpoint /lus/h2resw01/scratch/momc/checkpoint/bdb69e0cd85140cfbc495d0ab90079a8/inference-anemoi-by_epoch-epoch_028-step_111360.ckpt
[2025-10-05 21:03:15,746][anemoi.utils.checkpoints][INFO] - Saving metadata to inference-anemoi-by_epoch-epoch_028-step_111360/anemoi-metadata/ai-models.json
[2025-10-05 21:03:15,748][anemoi.utils.checkpoints][INFO] - Saving supporting array `latitudes` to inference-anemoi-by_epoch-epoch_028-step_111360/anemoi-metadata/latitudes.numpy (shape=(10944,), dtype=float64)
[2025-10-05 21:03:15,748][anemoi.utils.checkpoints][INFO] - Saving supporting array `longitudes` to inference-anemoi-by_epoch-epoch_028-step_111360/anemoi-metadata/longitudes.numpy (shape=(10944,), dtype=float64)
[2025-10-05 21:03:16,438][anemoi.utils.checkpoints][INFO] - Adding extra information to checkpoint /lus/h2resw01/scratch/momc/checkpoint/bdb69e0cd85140cfbc495d0ab90079a8/anemoi-by_epoch-epoch_028-step_111360.ckpt
[2025-10-05 21:03:16,438][anemoi.utils.checkpoints][INFO] - Saving metadata to archive/anemoi-metadata/ai-models.json
[2025-10-05 21:03:16,440][anemoi.utils.checkpoints][INFO] - Saving supporting array `latitudes` to archive/anemoi-metadata/latitudes.numpy (shape=(10944,), dtype=float64)
[2025-10-05 21:03:16,440][anemoi.utils.checkpoints][INFO] - Saving supporting array `longitudes` to archive/anemoi-metadata/longitudes.numpy (shape=(10944,), dtype=float64)
[2025-10-05 21:03:16,572][anemoi.utils.checkpoints][INFO] - Adding extra information to checkpoint /lus/h2resw01/scratch/momc/checkpoint/bdb69e0cd85140cfbc495d0ab90079a8/inference-last.ckpt
[2025-10-05 21:03:16,572][anemoi.utils.checkpoints][INFO] - Saving metadata to inference-last/anemoi-metadata/ai-models.json
[2025-10-05 21:03:16,573][anemoi.utils.checkpoints][INFO] - Saving supporting array `latitudes` to inference-last/anemoi-metadata/latitudes.numpy (shape=(10944,), dtype=float64)
[2025-10-05 21:03:16,574][anemoi.utils.checkpoints][INFO] - Saving supporting array `longitudes` to inference-last/anemoi-metadata/longitudes.numpy (shape=(10944,), dtype=float64)
[2025-10-05 21:03:17,321][anemoi.utils.checkpoints][INFO] - Adding extra information to checkpoint /lus/h2resw01/scratch/momc/checkpoint/bdb69e0cd85140cfbc495d0ab90079a8/last.ckpt
[2025-10-05 21:03:17,322][anemoi.utils.checkpoints][INFO] - Saving metadata to archive/anemoi-metadata/ai-models.json
[2025-10-05 21:03:17,323][anemoi.utils.checkpoints][INFO] - Saving supporting array `latitudes` to archive/anemoi-metadata/latitudes.numpy (shape=(10944,), dtype=float64)
[2025-10-05 21:03:17,323][anemoi.utils.checkpoints][INFO] - Saving supporting array `longitudes` to archive/anemoi-metadata/longitudes.numpy (shape=(10944,), dtype=float64)
[2025-10-05 21:26:00,776][anemoi.models.data_indices.collection][INFO] - The order of the variables in the model matches the order in the data.
[2025-10-05 21:26:00,777][anemoi.models.data_indices.collection][INFO] - The order of the variables in the model matches the order in the data.
[2025-10-05 21:26:00,777][anemoi.models.data_indices.collection][INFO] - The order of the variables in the model matches the order in the data.
[2025-10-05 21:26:00,783][anemoi.models.data_indices.collection][INFO] - The order of the variables in the model matches the order in the data.
[2025-10-05 21:26:21,046][anemoi.utils.checkpoints][INFO] - Adding extra information to checkpoint /lus/h2resw01/scratch/momc/checkpoint/bdb69e0cd85140cfbc495d0ab90079a8/inference-last.ckpt
[2025-10-05 21:26:21,046][anemoi.utils.checkpoints][INFO] - Saving metadata to inference-last/anemoi-metadata/ai-models.json
[2025-10-05 21:26:21,047][anemoi.utils.checkpoints][INFO] - Saving supporting array `latitudes` to inference-last/anemoi-metadata/latitudes.numpy (shape=(10944,), dtype=float64)
[2025-10-05 21:26:21,047][anemoi.utils.checkpoints][INFO] - Saving supporting array `longitudes` to inference-last/anemoi-metadata/longitudes.numpy (shape=(10944,), dtype=float64)
[2025-10-05 21:26:21,967][anemoi.utils.checkpoints][INFO] - Adding extra information to checkpoint /lus/h2resw01/scratch/momc/checkpoint/bdb69e0cd85140cfbc495d0ab90079a8/last.ckpt
[2025-10-05 21:26:21,967][anemoi.utils.checkpoints][INFO] - Saving metadata to archive/anemoi-metadata/ai-models.json
[2025-10-05 21:26:21,968][anemoi.utils.checkpoints][INFO] - Saving supporting array `latitudes` to archive/anemoi-metadata/latitudes.numpy (shape=(10944,), dtype=float64)
[2025-10-05 21:26:21,968][anemoi.utils.checkpoints][INFO] - Saving supporting array `longitudes` to archive/anemoi-metadata/longitudes.numpy (shape=(10944,), dtype=float64)
[2025-10-05 21:26:22,080][anemoi.utils.checkpoints][INFO] - Adding extra information to checkpoint /lus/h2resw01/scratch/momc/checkpoint/bdb69e0cd85140cfbc495d0ab90079a8/inference-anemoi-by_epoch-epoch_029-step_115200.ckpt
[2025-10-05 21:26:22,080][anemoi.utils.checkpoints][INFO] - Saving metadata to inference-anemoi-by_epoch-epoch_029-step_115200/anemoi-metadata/ai-models.json
[2025-10-05 21:26:22,081][anemoi.utils.checkpoints][INFO] - Saving supporting array `latitudes` to inference-anemoi-by_epoch-epoch_029-step_115200/anemoi-metadata/latitudes.numpy (shape=(10944,), dtype=float64)
[2025-10-05 21:26:22,082][anemoi.utils.checkpoints][INFO] - Saving supporting array `longitudes` to inference-anemoi-by_epoch-epoch_029-step_115200/anemoi-metadata/longitudes.numpy (shape=(10944,), dtype=float64)
[2025-10-05 21:26:22,752][anemoi.utils.checkpoints][INFO] - Adding extra information to checkpoint /lus/h2resw01/scratch/momc/checkpoint/bdb69e0cd85140cfbc495d0ab90079a8/anemoi-by_epoch-epoch_029-step_115200.ckpt
[2025-10-05 21:26:22,752][anemoi.utils.checkpoints][INFO] - Saving metadata to archive/anemoi-metadata/ai-models.json
[2025-10-05 21:26:22,753][anemoi.utils.checkpoints][INFO] - Saving supporting array `latitudes` to archive/anemoi-metadata/latitudes.numpy (shape=(10944,), dtype=float64)
[2025-10-05 21:26:22,753][anemoi.utils.checkpoints][INFO] - Saving supporting array `longitudes` to archive/anemoi-metadata/longitudes.numpy (shape=(10944,), dtype=float64)
[2025-10-05 21:26:22,883][anemoi.utils.checkpoints][INFO] - Adding extra information to checkpoint /lus/h2resw01/scratch/momc/checkpoint/bdb69e0cd85140cfbc495d0ab90079a8/inference-last.ckpt
[2025-10-05 21:26:22,883][anemoi.utils.checkpoints][INFO] - Saving metadata to inference-last/anemoi-metadata/ai-models.json
[2025-10-05 21:26:22,884][anemoi.utils.checkpoints][INFO] - Saving supporting array `latitudes` to inference-last/anemoi-metadata/latitudes.numpy (shape=(10944,), dtype=float64)
[2025-10-05 21:26:22,884][anemoi.utils.checkpoints][INFO] - Saving supporting array `longitudes` to inference-last/anemoi-metadata/longitudes.numpy (shape=(10944,), dtype=float64)
[2025-10-05 21:26:23,606][anemoi.utils.checkpoints][INFO] - Adding extra information to checkpoint /lus/h2resw01/scratch/momc/checkpoint/bdb69e0cd85140cfbc495d0ab90079a8/last.ckpt
[2025-10-05 21:26:23,607][anemoi.utils.checkpoints][INFO] - Saving metadata to archive/anemoi-metadata/ai-models.json
[2025-10-05 21:26:23,608][anemoi.utils.checkpoints][INFO] - Saving supporting array `latitudes` to archive/anemoi-metadata/latitudes.numpy (shape=(10944,), dtype=float64)
[2025-10-05 21:26:23,608][anemoi.utils.checkpoints][INFO] - Saving supporting array `longitudes` to archive/anemoi-metadata/longitudes.numpy (shape=(10944,), dtype=float64)
[2025-10-05 21:49:05,737][anemoi.models.data_indices.collection][INFO] - The order of the variables in the model matches the order in the data.
[2025-10-05 21:49:05,738][anemoi.models.data_indices.collection][INFO] - The order of the variables in the model matches the order in the data.
[2025-10-05 21:49:05,739][anemoi.models.data_indices.collection][INFO] - The order of the variables in the model matches the order in the data.
[2025-10-05 21:49:05,739][anemoi.models.data_indices.collection][INFO] - The order of the variables in the model matches the order in the data.
[2025-10-05 21:49:25,597][anemoi.utils.checkpoints][INFO] - Adding extra information to checkpoint /lus/h2resw01/scratch/momc/checkpoint/bdb69e0cd85140cfbc495d0ab90079a8/inference-last.ckpt
[2025-10-05 21:49:25,598][anemoi.utils.checkpoints][INFO] - Saving metadata to inference-last/anemoi-metadata/ai-models.json
[2025-10-05 21:49:25,599][anemoi.utils.checkpoints][INFO] - Saving supporting array `latitudes` to inference-last/anemoi-metadata/latitudes.numpy (shape=(10944,), dtype=float64)
[2025-10-05 21:49:25,599][anemoi.utils.checkpoints][INFO] - Saving supporting array `longitudes` to inference-last/anemoi-metadata/longitudes.numpy (shape=(10944,), dtype=float64)
[2025-10-05 21:49:26,516][anemoi.utils.checkpoints][INFO] - Adding extra information to checkpoint /lus/h2resw01/scratch/momc/checkpoint/bdb69e0cd85140cfbc495d0ab90079a8/last.ckpt
[2025-10-05 21:49:26,516][anemoi.utils.checkpoints][INFO] - Saving metadata to archive/anemoi-metadata/ai-models.json
[2025-10-05 21:49:26,518][anemoi.utils.checkpoints][INFO] - Saving supporting array `latitudes` to archive/anemoi-metadata/latitudes.numpy (shape=(10944,), dtype=float64)
[2025-10-05 21:49:26,518][anemoi.utils.checkpoints][INFO] - Saving supporting array `longitudes` to archive/anemoi-metadata/longitudes.numpy (shape=(10944,), dtype=float64)
[2025-10-05 21:49:26,640][anemoi.utils.checkpoints][INFO] - Adding extra information to checkpoint /lus/h2resw01/scratch/momc/checkpoint/bdb69e0cd85140cfbc495d0ab90079a8/inference-anemoi-by_epoch-epoch_030-step_119040.ckpt
[2025-10-05 21:49:26,640][anemoi.utils.checkpoints][INFO] - Saving metadata to inference-anemoi-by_epoch-epoch_030-step_119040/anemoi-metadata/ai-models.json
[2025-10-05 21:49:26,641][anemoi.utils.checkpoints][INFO] - Saving supporting array `latitudes` to inference-anemoi-by_epoch-epoch_030-step_119040/anemoi-metadata/latitudes.numpy (shape=(10944,), dtype=float64)
[2025-10-05 21:49:26,642][anemoi.utils.checkpoints][INFO] - Saving supporting array `longitudes` to inference-anemoi-by_epoch-epoch_030-step_119040/anemoi-metadata/longitudes.numpy (shape=(10944,), dtype=float64)
[2025-10-05 21:49:27,326][anemoi.utils.checkpoints][INFO] - Adding extra information to checkpoint /lus/h2resw01/scratch/momc/checkpoint/bdb69e0cd85140cfbc495d0ab90079a8/anemoi-by_epoch-epoch_030-step_119040.ckpt
[2025-10-05 21:49:27,326][anemoi.utils.checkpoints][INFO] - Saving metadata to archive/anemoi-metadata/ai-models.json
[2025-10-05 21:49:27,328][anemoi.utils.checkpoints][INFO] - Saving supporting array `latitudes` to archive/anemoi-metadata/latitudes.numpy (shape=(10944,), dtype=float64)
[2025-10-05 21:49:27,328][anemoi.utils.checkpoints][INFO] - Saving supporting array `longitudes` to archive/anemoi-metadata/longitudes.numpy (shape=(10944,), dtype=float64)
[2025-10-05 21:49:27,453][anemoi.utils.checkpoints][INFO] - Adding extra information to checkpoint /lus/h2resw01/scratch/momc/checkpoint/bdb69e0cd85140cfbc495d0ab90079a8/inference-last.ckpt
[2025-10-05 21:49:27,453][anemoi.utils.checkpoints][INFO] - Saving metadata to inference-last/anemoi-metadata/ai-models.json
[2025-10-05 21:49:27,454][anemoi.utils.checkpoints][INFO] - Saving supporting array `latitudes` to inference-last/anemoi-metadata/latitudes.numpy (shape=(10944,), dtype=float64)
[2025-10-05 21:49:27,454][anemoi.utils.checkpoints][INFO] - Saving supporting array `longitudes` to inference-last/anemoi-metadata/longitudes.numpy (shape=(10944,), dtype=float64)
[2025-10-05 21:49:28,195][anemoi.utils.checkpoints][INFO] - Adding extra information to checkpoint /lus/h2resw01/scratch/momc/checkpoint/bdb69e0cd85140cfbc495d0ab90079a8/last.ckpt
[2025-10-05 21:49:28,195][anemoi.utils.checkpoints][INFO] - Saving metadata to archive/anemoi-metadata/ai-models.json
[2025-10-05 21:49:28,197][anemoi.utils.checkpoints][INFO] - Saving supporting array `latitudes` to archive/anemoi-metadata/latitudes.numpy (shape=(10944,), dtype=float64)
[2025-10-05 21:49:28,197][anemoi.utils.checkpoints][INFO] - Saving supporting array `longitudes` to archive/anemoi-metadata/longitudes.numpy (shape=(10944,), dtype=float64)
[2025-10-05 22:12:13,165][anemoi.models.data_indices.collection][INFO] - The order of the variables in the model matches the order in the data.
[2025-10-05 22:12:13,165][anemoi.models.data_indices.collection][INFO] - The order of the variables in the model matches the order in the data.
[2025-10-05 22:12:13,167][anemoi.models.data_indices.collection][INFO] - The order of the variables in the model matches the order in the data.
[2025-10-05 22:12:13,167][anemoi.models.data_indices.collection][INFO] - The order of the variables in the model matches the order in the data.
[2025-10-05 22:12:32,682][anemoi.utils.checkpoints][INFO] - Adding extra information to checkpoint /lus/h2resw01/scratch/momc/checkpoint/bdb69e0cd85140cfbc495d0ab90079a8/inference-last.ckpt
[2025-10-05 22:12:32,682][anemoi.utils.checkpoints][INFO] - Saving metadata to inference-last/anemoi-metadata/ai-models.json
[2025-10-05 22:12:32,683][anemoi.utils.checkpoints][INFO] - Saving supporting array `latitudes` to inference-last/anemoi-metadata/latitudes.numpy (shape=(10944,), dtype=float64)
[2025-10-05 22:12:32,684][anemoi.utils.checkpoints][INFO] - Saving supporting array `longitudes` to inference-last/anemoi-metadata/longitudes.numpy (shape=(10944,), dtype=float64)
[2025-10-05 22:12:33,418][anemoi.utils.checkpoints][INFO] - Adding extra information to checkpoint /lus/h2resw01/scratch/momc/checkpoint/bdb69e0cd85140cfbc495d0ab90079a8/last.ckpt
[2025-10-05 22:12:33,419][anemoi.utils.checkpoints][INFO] - Saving metadata to archive/anemoi-metadata/ai-models.json
[2025-10-05 22:12:33,420][anemoi.utils.checkpoints][INFO] - Saving supporting array `latitudes` to archive/anemoi-metadata/latitudes.numpy (shape=(10944,), dtype=float64)
[2025-10-05 22:12:33,420][anemoi.utils.checkpoints][INFO] - Saving supporting array `longitudes` to archive/anemoi-metadata/longitudes.numpy (shape=(10944,), dtype=float64)
[2025-10-05 22:12:33,532][anemoi.utils.checkpoints][INFO] - Adding extra information to checkpoint /lus/h2resw01/scratch/momc/checkpoint/bdb69e0cd85140cfbc495d0ab90079a8/inference-anemoi-by_epoch-epoch_031-step_122880.ckpt
[2025-10-05 22:12:33,532][anemoi.utils.checkpoints][INFO] - Saving metadata to inference-anemoi-by_epoch-epoch_031-step_122880/anemoi-metadata/ai-models.json
[2025-10-05 22:12:33,534][anemoi.utils.checkpoints][INFO] - Saving supporting array `latitudes` to inference-anemoi-by_epoch-epoch_031-step_122880/anemoi-metadata/latitudes.numpy (shape=(10944,), dtype=float64)
[2025-10-05 22:12:33,534][anemoi.utils.checkpoints][INFO] - Saving supporting array `longitudes` to inference-anemoi-by_epoch-epoch_031-step_122880/anemoi-metadata/longitudes.numpy (shape=(10944,), dtype=float64)
[2025-10-05 22:12:34,218][anemoi.utils.checkpoints][INFO] - Adding extra information to checkpoint /lus/h2resw01/scratch/momc/checkpoint/bdb69e0cd85140cfbc495d0ab90079a8/anemoi-by_epoch-epoch_031-step_122880.ckpt
[2025-10-05 22:12:34,218][anemoi.utils.checkpoints][INFO] - Saving metadata to archive/anemoi-metadata/ai-models.json
[2025-10-05 22:12:34,219][anemoi.utils.checkpoints][INFO] - Saving supporting array `latitudes` to archive/anemoi-metadata/latitudes.numpy (shape=(10944,), dtype=float64)
[2025-10-05 22:12:34,220][anemoi.utils.checkpoints][INFO] - Saving supporting array `longitudes` to archive/anemoi-metadata/longitudes.numpy (shape=(10944,), dtype=float64)
[2025-10-05 22:12:34,348][anemoi.utils.checkpoints][INFO] - Adding extra information to checkpoint /lus/h2resw01/scratch/momc/checkpoint/bdb69e0cd85140cfbc495d0ab90079a8/inference-last.ckpt
[2025-10-05 22:12:34,348][anemoi.utils.checkpoints][INFO] - Saving metadata to inference-last/anemoi-metadata/ai-models.json
[2025-10-05 22:12:34,350][anemoi.utils.checkpoints][INFO] - Saving supporting array `latitudes` to inference-last/anemoi-metadata/latitudes.numpy (shape=(10944,), dtype=float64)
[2025-10-05 22:12:34,350][anemoi.utils.checkpoints][INFO] - Saving supporting array `longitudes` to inference-last/anemoi-metadata/longitudes.numpy (shape=(10944,), dtype=float64)
[2025-10-05 22:12:35,080][anemoi.utils.checkpoints][INFO] - Adding extra information to checkpoint /lus/h2resw01/scratch/momc/checkpoint/bdb69e0cd85140cfbc495d0ab90079a8/last.ckpt
[2025-10-05 22:12:35,080][anemoi.utils.checkpoints][INFO] - Saving metadata to archive/anemoi-metadata/ai-models.json
[2025-10-05 22:12:35,081][anemoi.utils.checkpoints][INFO] - Saving supporting array `latitudes` to archive/anemoi-metadata/latitudes.numpy (shape=(10944,), dtype=float64)
[2025-10-05 22:12:35,081][anemoi.utils.checkpoints][INFO] - Saving supporting array `longitudes` to archive/anemoi-metadata/longitudes.numpy (shape=(10944,), dtype=float64)
[2025-10-05 22:35:21,721][anemoi.models.data_indices.collection][INFO] - The order of the variables in the model matches the order in the data.
[2025-10-05 22:35:21,722][anemoi.models.data_indices.collection][INFO] - The order of the variables in the model matches the order in the data.
[2025-10-05 22:35:21,723][anemoi.models.data_indices.collection][INFO] - The order of the variables in the model matches the order in the data.
[2025-10-05 22:35:21,723][anemoi.models.data_indices.collection][INFO] - The order of the variables in the model matches the order in the data.
[2025-10-05 22:35:41,528][anemoi.utils.checkpoints][INFO] - Adding extra information to checkpoint /lus/h2resw01/scratch/momc/checkpoint/bdb69e0cd85140cfbc495d0ab90079a8/inference-last.ckpt
[2025-10-05 22:35:41,528][anemoi.utils.checkpoints][INFO] - Saving metadata to inference-last/anemoi-metadata/ai-models.json
[2025-10-05 22:35:41,529][anemoi.utils.checkpoints][INFO] - Saving supporting array `latitudes` to inference-last/anemoi-metadata/latitudes.numpy (shape=(10944,), dtype=float64)
[2025-10-05 22:35:41,529][anemoi.utils.checkpoints][INFO] - Saving supporting array `longitudes` to inference-last/anemoi-metadata/longitudes.numpy (shape=(10944,), dtype=float64)
[2025-10-05 22:35:42,266][anemoi.utils.checkpoints][INFO] - Adding extra information to checkpoint /lus/h2resw01/scratch/momc/checkpoint/bdb69e0cd85140cfbc495d0ab90079a8/last.ckpt
[2025-10-05 22:35:42,267][anemoi.utils.checkpoints][INFO] - Saving metadata to archive/anemoi-metadata/ai-models.json
[2025-10-05 22:35:42,268][anemoi.utils.checkpoints][INFO] - Saving supporting array `latitudes` to archive/anemoi-metadata/latitudes.numpy (shape=(10944,), dtype=float64)
[2025-10-05 22:35:42,268][anemoi.utils.checkpoints][INFO] - Saving supporting array `longitudes` to archive/anemoi-metadata/longitudes.numpy (shape=(10944,), dtype=float64)
[2025-10-05 22:35:42,381][anemoi.utils.checkpoints][INFO] - Adding extra information to checkpoint /lus/h2resw01/scratch/momc/checkpoint/bdb69e0cd85140cfbc495d0ab90079a8/inference-anemoi-by_epoch-epoch_032-step_126720.ckpt
[2025-10-05 22:35:42,381][anemoi.utils.checkpoints][INFO] - Saving metadata to inference-anemoi-by_epoch-epoch_032-step_126720/anemoi-metadata/ai-models.json
[2025-10-05 22:35:42,383][anemoi.utils.checkpoints][INFO] - Saving supporting array `latitudes` to inference-anemoi-by_epoch-epoch_032-step_126720/anemoi-metadata/latitudes.numpy (shape=(10944,), dtype=float64)
[2025-10-05 22:35:42,383][anemoi.utils.checkpoints][INFO] - Saving supporting array `longitudes` to inference-anemoi-by_epoch-epoch_032-step_126720/anemoi-metadata/longitudes.numpy (shape=(10944,), dtype=float64)
[2025-10-05 22:35:43,063][anemoi.utils.checkpoints][INFO] - Adding extra information to checkpoint /lus/h2resw01/scratch/momc/checkpoint/bdb69e0cd85140cfbc495d0ab90079a8/anemoi-by_epoch-epoch_032-step_126720.ckpt
[2025-10-05 22:35:43,063][anemoi.utils.checkpoints][INFO] - Saving metadata to archive/anemoi-metadata/ai-models.json
[2025-10-05 22:35:43,065][anemoi.utils.checkpoints][INFO] - Saving supporting array `latitudes` to archive/anemoi-metadata/latitudes.numpy (shape=(10944,), dtype=float64)
[2025-10-05 22:35:43,065][anemoi.utils.checkpoints][INFO] - Saving supporting array `longitudes` to archive/anemoi-metadata/longitudes.numpy (shape=(10944,), dtype=float64)
[2025-10-05 22:35:43,192][anemoi.utils.checkpoints][INFO] - Adding extra information to checkpoint /lus/h2resw01/scratch/momc/checkpoint/bdb69e0cd85140cfbc495d0ab90079a8/inference-last.ckpt
[2025-10-05 22:35:43,192][anemoi.utils.checkpoints][INFO] - Saving metadata to inference-last/anemoi-metadata/ai-models.json
[2025-10-05 22:35:43,194][anemoi.utils.checkpoints][INFO] - Saving supporting array `latitudes` to inference-last/anemoi-metadata/latitudes.numpy (shape=(10944,), dtype=float64)
[2025-10-05 22:35:43,194][anemoi.utils.checkpoints][INFO] - Saving supporting array `longitudes` to inference-last/anemoi-metadata/longitudes.numpy (shape=(10944,), dtype=float64)
[2025-10-05 22:35:43,923][anemoi.utils.checkpoints][INFO] - Adding extra information to checkpoint /lus/h2resw01/scratch/momc/checkpoint/bdb69e0cd85140cfbc495d0ab90079a8/last.ckpt
[2025-10-05 22:35:43,923][anemoi.utils.checkpoints][INFO] - Saving metadata to archive/anemoi-metadata/ai-models.json
[2025-10-05 22:35:43,924][anemoi.utils.checkpoints][INFO] - Saving supporting array `latitudes` to archive/anemoi-metadata/latitudes.numpy (shape=(10944,), dtype=float64)
[2025-10-05 22:35:43,925][anemoi.utils.checkpoints][INFO] - Saving supporting array `longitudes` to archive/anemoi-metadata/longitudes.numpy (shape=(10944,), dtype=float64)
[2025-10-05 22:58:23,541][anemoi.models.data_indices.collection][INFO] - The order of the variables in the model matches the order in the data.
[2025-10-05 22:58:23,541][anemoi.models.data_indices.collection][INFO] - The order of the variables in the model matches the order in the data.
[2025-10-05 22:58:23,542][anemoi.models.data_indices.collection][INFO] - The order of the variables in the model matches the order in the data.
[2025-10-05 22:58:23,542][anemoi.models.data_indices.collection][INFO] - The order of the variables in the model matches the order in the data.
[2025-10-05 22:58:42,899][anemoi.utils.checkpoints][INFO] - Adding extra information to checkpoint /lus/h2resw01/scratch/momc/checkpoint/bdb69e0cd85140cfbc495d0ab90079a8/inference-last.ckpt
[2025-10-05 22:58:42,899][anemoi.utils.checkpoints][INFO] - Saving metadata to inference-last/anemoi-metadata/ai-models.json
[2025-10-05 22:58:42,900][anemoi.utils.checkpoints][INFO] - Saving supporting array `latitudes` to inference-last/anemoi-metadata/latitudes.numpy (shape=(10944,), dtype=float64)
[2025-10-05 22:58:42,900][anemoi.utils.checkpoints][INFO] - Saving supporting array `longitudes` to inference-last/anemoi-metadata/longitudes.numpy (shape=(10944,), dtype=float64)
[2025-10-05 22:58:43,627][anemoi.utils.checkpoints][INFO] - Adding extra information to checkpoint /lus/h2resw01/scratch/momc/checkpoint/bdb69e0cd85140cfbc495d0ab90079a8/last.ckpt
[2025-10-05 22:58:43,627][anemoi.utils.checkpoints][INFO] - Saving metadata to archive/anemoi-metadata/ai-models.json
[2025-10-05 22:58:43,628][anemoi.utils.checkpoints][INFO] - Saving supporting array `latitudes` to archive/anemoi-metadata/latitudes.numpy (shape=(10944,), dtype=float64)
[2025-10-05 22:58:43,629][anemoi.utils.checkpoints][INFO] - Saving supporting array `longitudes` to archive/anemoi-metadata/longitudes.numpy (shape=(10944,), dtype=float64)
[2025-10-05 22:58:43,740][anemoi.utils.checkpoints][INFO] - Adding extra information to checkpoint /lus/h2resw01/scratch/momc/checkpoint/bdb69e0cd85140cfbc495d0ab90079a8/inference-anemoi-by_epoch-epoch_033-step_130560.ckpt
[2025-10-05 22:58:43,740][anemoi.utils.checkpoints][INFO] - Saving metadata to inference-anemoi-by_epoch-epoch_033-step_130560/anemoi-metadata/ai-models.json
[2025-10-05 22:58:43,742][anemoi.utils.checkpoints][INFO] - Saving supporting array `latitudes` to inference-anemoi-by_epoch-epoch_033-step_130560/anemoi-metadata/latitudes.numpy (shape=(10944,), dtype=float64)
[2025-10-05 22:58:43,742][anemoi.utils.checkpoints][INFO] - Saving supporting array `longitudes` to inference-anemoi-by_epoch-epoch_033-step_130560/anemoi-metadata/longitudes.numpy (shape=(10944,), dtype=float64)
[2025-10-05 22:58:44,424][anemoi.utils.checkpoints][INFO] - Adding extra information to checkpoint /lus/h2resw01/scratch/momc/checkpoint/bdb69e0cd85140cfbc495d0ab90079a8/anemoi-by_epoch-epoch_033-step_130560.ckpt
[2025-10-05 22:58:44,424][anemoi.utils.checkpoints][INFO] - Saving metadata to archive/anemoi-metadata/ai-models.json
[2025-10-05 22:58:44,425][anemoi.utils.checkpoints][INFO] - Saving supporting array `latitudes` to archive/anemoi-metadata/latitudes.numpy (shape=(10944,), dtype=float64)
[2025-10-05 22:58:44,425][anemoi.utils.checkpoints][INFO] - Saving supporting array `longitudes` to archive/anemoi-metadata/longitudes.numpy (shape=(10944,), dtype=float64)
[2025-10-05 22:58:44,552][anemoi.utils.checkpoints][INFO] - Adding extra information to checkpoint /lus/h2resw01/scratch/momc/checkpoint/bdb69e0cd85140cfbc495d0ab90079a8/inference-last.ckpt
[2025-10-05 22:58:44,552][anemoi.utils.checkpoints][INFO] - Saving metadata to inference-last/anemoi-metadata/ai-models.json
[2025-10-05 22:58:44,553][anemoi.utils.checkpoints][INFO] - Saving supporting array `latitudes` to inference-last/anemoi-metadata/latitudes.numpy (shape=(10944,), dtype=float64)
[2025-10-05 22:58:44,554][anemoi.utils.checkpoints][INFO] - Saving supporting array `longitudes` to inference-last/anemoi-metadata/longitudes.numpy (shape=(10944,), dtype=float64)
[2025-10-05 22:58:45,279][anemoi.utils.checkpoints][INFO] - Adding extra information to checkpoint /lus/h2resw01/scratch/momc/checkpoint/bdb69e0cd85140cfbc495d0ab90079a8/last.ckpt
[2025-10-05 22:58:45,279][anemoi.utils.checkpoints][INFO] - Saving metadata to archive/anemoi-metadata/ai-models.json
[2025-10-05 22:58:45,280][anemoi.utils.checkpoints][INFO] - Saving supporting array `latitudes` to archive/anemoi-metadata/latitudes.numpy (shape=(10944,), dtype=float64)
[2025-10-05 22:58:45,281][anemoi.utils.checkpoints][INFO] - Saving supporting array `longitudes` to archive/anemoi-metadata/longitudes.numpy (shape=(10944,), dtype=float64)
[2025-10-05 23:21:22,947][anemoi.models.data_indices.collection][INFO] - The order of the variables in the model matches the order in the data.
[2025-10-05 23:21:22,948][anemoi.models.data_indices.collection][INFO] - The order of the variables in the model matches the order in the data.
[2025-10-05 23:21:22,949][anemoi.models.data_indices.collection][INFO] - The order of the variables in the model matches the order in the data.
[2025-10-05 23:21:22,954][anemoi.models.data_indices.collection][INFO] - The order of the variables in the model matches the order in the data.
[2025-10-05 23:21:42,900][anemoi.utils.checkpoints][INFO] - Adding extra information to checkpoint /lus/h2resw01/scratch/momc/checkpoint/bdb69e0cd85140cfbc495d0ab90079a8/inference-last.ckpt
[2025-10-05 23:21:42,900][anemoi.utils.checkpoints][INFO] - Saving metadata to inference-last/anemoi-metadata/ai-models.json
[2025-10-05 23:21:42,901][anemoi.utils.checkpoints][INFO] - Saving supporting array `latitudes` to inference-last/anemoi-metadata/latitudes.numpy (shape=(10944,), dtype=float64)
[2025-10-05 23:21:42,902][anemoi.utils.checkpoints][INFO] - Saving supporting array `longitudes` to inference-last/anemoi-metadata/longitudes.numpy (shape=(10944,), dtype=float64)
[2025-10-05 23:21:43,685][anemoi.utils.checkpoints][INFO] - Adding extra information to checkpoint /lus/h2resw01/scratch/momc/checkpoint/bdb69e0cd85140cfbc495d0ab90079a8/last.ckpt
[2025-10-05 23:21:43,685][anemoi.utils.checkpoints][INFO] - Saving metadata to archive/anemoi-metadata/ai-models.json
[2025-10-05 23:21:43,686][anemoi.utils.checkpoints][INFO] - Saving supporting array `latitudes` to archive/anemoi-metadata/latitudes.numpy (shape=(10944,), dtype=float64)
[2025-10-05 23:21:43,686][anemoi.utils.checkpoints][INFO] - Saving supporting array `longitudes` to archive/anemoi-metadata/longitudes.numpy (shape=(10944,), dtype=float64)
[2025-10-05 23:21:43,797][anemoi.utils.checkpoints][INFO] - Adding extra information to checkpoint /lus/h2resw01/scratch/momc/checkpoint/bdb69e0cd85140cfbc495d0ab90079a8/inference-anemoi-by_epoch-epoch_034-step_134400.ckpt
[2025-10-05 23:21:43,797][anemoi.utils.checkpoints][INFO] - Saving metadata to inference-anemoi-by_epoch-epoch_034-step_134400/anemoi-metadata/ai-models.json
[2025-10-05 23:21:43,799][anemoi.utils.checkpoints][INFO] - Saving supporting array `latitudes` to inference-anemoi-by_epoch-epoch_034-step_134400/anemoi-metadata/latitudes.numpy (shape=(10944,), dtype=float64)
[2025-10-05 23:21:43,799][anemoi.utils.checkpoints][INFO] - Saving supporting array `longitudes` to inference-anemoi-by_epoch-epoch_034-step_134400/anemoi-metadata/longitudes.numpy (shape=(10944,), dtype=float64)
[2025-10-05 23:21:44,477][anemoi.utils.checkpoints][INFO] - Adding extra information to checkpoint /lus/h2resw01/scratch/momc/checkpoint/bdb69e0cd85140cfbc495d0ab90079a8/anemoi-by_epoch-epoch_034-step_134400.ckpt
[2025-10-05 23:21:44,477][anemoi.utils.checkpoints][INFO] - Saving metadata to archive/anemoi-metadata/ai-models.json
[2025-10-05 23:21:44,479][anemoi.utils.checkpoints][INFO] - Saving supporting array `latitudes` to archive/anemoi-metadata/latitudes.numpy (shape=(10944,), dtype=float64)
[2025-10-05 23:21:44,479][anemoi.utils.checkpoints][INFO] - Saving supporting array `longitudes` to archive/anemoi-metadata/longitudes.numpy (shape=(10944,), dtype=float64)
[2025-10-05 23:21:44,608][anemoi.utils.checkpoints][INFO] - Adding extra information to checkpoint /lus/h2resw01/scratch/momc/checkpoint/bdb69e0cd85140cfbc495d0ab90079a8/inference-last.ckpt
[2025-10-05 23:21:44,608][anemoi.utils.checkpoints][INFO] - Saving metadata to inference-last/anemoi-metadata/ai-models.json
[2025-10-05 23:21:44,610][anemoi.utils.checkpoints][INFO] - Saving supporting array `latitudes` to inference-last/anemoi-metadata/latitudes.numpy (shape=(10944,), dtype=float64)
[2025-10-05 23:21:44,610][anemoi.utils.checkpoints][INFO] - Saving supporting array `longitudes` to inference-last/anemoi-metadata/longitudes.numpy (shape=(10944,), dtype=float64)
[2025-10-05 23:21:45,330][anemoi.utils.checkpoints][INFO] - Adding extra information to checkpoint /lus/h2resw01/scratch/momc/checkpoint/bdb69e0cd85140cfbc495d0ab90079a8/last.ckpt
[2025-10-05 23:21:45,330][anemoi.utils.checkpoints][INFO] - Saving metadata to archive/anemoi-metadata/ai-models.json
[2025-10-05 23:21:45,332][anemoi.utils.checkpoints][INFO] - Saving supporting array `latitudes` to archive/anemoi-metadata/latitudes.numpy (shape=(10944,), dtype=float64)
[2025-10-05 23:21:45,332][anemoi.utils.checkpoints][INFO] - Saving supporting array `longitudes` to archive/anemoi-metadata/longitudes.numpy (shape=(10944,), dtype=float64)
[2025-10-05 23:44:24,400][anemoi.models.data_indices.collection][INFO] - The order of the variables in the model matches the order in the data.
[2025-10-05 23:44:24,401][anemoi.models.data_indices.collection][INFO] - The order of the variables in the model matches the order in the data.
[2025-10-05 23:44:24,401][anemoi.models.data_indices.collection][INFO] - The order of the variables in the model matches the order in the data.
[2025-10-05 23:44:24,401][anemoi.models.data_indices.collection][INFO] - The order of the variables in the model matches the order in the data.
[2025-10-05 23:44:44,130][anemoi.utils.checkpoints][INFO] - Adding extra information to checkpoint /lus/h2resw01/scratch/momc/checkpoint/bdb69e0cd85140cfbc495d0ab90079a8/inference-last.ckpt
[2025-10-05 23:44:44,130][anemoi.utils.checkpoints][INFO] - Saving metadata to inference-last/anemoi-metadata/ai-models.json
[2025-10-05 23:44:44,131][anemoi.utils.checkpoints][INFO] - Saving supporting array `latitudes` to inference-last/anemoi-metadata/latitudes.numpy (shape=(10944,), dtype=float64)
[2025-10-05 23:44:44,131][anemoi.utils.checkpoints][INFO] - Saving supporting array `longitudes` to inference-last/anemoi-metadata/longitudes.numpy (shape=(10944,), dtype=float64)
[2025-10-05 23:44:44,941][anemoi.utils.checkpoints][INFO] - Adding extra information to checkpoint /lus/h2resw01/scratch/momc/checkpoint/bdb69e0cd85140cfbc495d0ab90079a8/last.ckpt
[2025-10-05 23:44:44,941][anemoi.utils.checkpoints][INFO] - Saving metadata to archive/anemoi-metadata/ai-models.json
[2025-10-05 23:44:44,943][anemoi.utils.checkpoints][INFO] - Saving supporting array `latitudes` to archive/anemoi-metadata/latitudes.numpy (shape=(10944,), dtype=float64)
[2025-10-05 23:44:44,943][anemoi.utils.checkpoints][INFO] - Saving supporting array `longitudes` to archive/anemoi-metadata/longitudes.numpy (shape=(10944,), dtype=float64)
[2025-10-05 23:44:45,056][anemoi.utils.checkpoints][INFO] - Adding extra information to checkpoint /lus/h2resw01/scratch/momc/checkpoint/bdb69e0cd85140cfbc495d0ab90079a8/inference-anemoi-by_epoch-epoch_035-step_138240.ckpt
[2025-10-05 23:44:45,056][anemoi.utils.checkpoints][INFO] - Saving metadata to inference-anemoi-by_epoch-epoch_035-step_138240/anemoi-metadata/ai-models.json
[2025-10-05 23:44:45,058][anemoi.utils.checkpoints][INFO] - Saving supporting array `latitudes` to inference-anemoi-by_epoch-epoch_035-step_138240/anemoi-metadata/latitudes.numpy (shape=(10944,), dtype=float64)
[2025-10-05 23:44:45,058][anemoi.utils.checkpoints][INFO] - Saving supporting array `longitudes` to inference-anemoi-by_epoch-epoch_035-step_138240/anemoi-metadata/longitudes.numpy (shape=(10944,), dtype=float64)
[2025-10-05 23:44:45,742][anemoi.utils.checkpoints][INFO] - Adding extra information to checkpoint /lus/h2resw01/scratch/momc/checkpoint/bdb69e0cd85140cfbc495d0ab90079a8/anemoi-by_epoch-epoch_035-step_138240.ckpt
[2025-10-05 23:44:45,742][anemoi.utils.checkpoints][INFO] - Saving metadata to archive/anemoi-metadata/ai-models.json
[2025-10-05 23:44:45,743][anemoi.utils.checkpoints][INFO] - Saving supporting array `latitudes` to archive/anemoi-metadata/latitudes.numpy (shape=(10944,), dtype=float64)
[2025-10-05 23:44:45,743][anemoi.utils.checkpoints][INFO] - Saving supporting array `longitudes` to archive/anemoi-metadata/longitudes.numpy (shape=(10944,), dtype=float64)
[2025-10-05 23:44:45,873][anemoi.utils.checkpoints][INFO] - Adding extra information to checkpoint /lus/h2resw01/scratch/momc/checkpoint/bdb69e0cd85140cfbc495d0ab90079a8/inference-last.ckpt
[2025-10-05 23:44:45,873][anemoi.utils.checkpoints][INFO] - Saving metadata to inference-last/anemoi-metadata/ai-models.json
[2025-10-05 23:44:45,875][anemoi.utils.checkpoints][INFO] - Saving supporting array `latitudes` to inference-last/anemoi-metadata/latitudes.numpy (shape=(10944,), dtype=float64)
[2025-10-05 23:44:45,875][anemoi.utils.checkpoints][INFO] - Saving supporting array `longitudes` to inference-last/anemoi-metadata/longitudes.numpy (shape=(10944,), dtype=float64)
[2025-10-05 23:44:46,603][anemoi.utils.checkpoints][INFO] - Adding extra information to checkpoint /lus/h2resw01/scratch/momc/checkpoint/bdb69e0cd85140cfbc495d0ab90079a8/last.ckpt
[2025-10-05 23:44:46,603][anemoi.utils.checkpoints][INFO] - Saving metadata to archive/anemoi-metadata/ai-models.json
[2025-10-05 23:44:46,604][anemoi.utils.checkpoints][INFO] - Saving supporting array `latitudes` to archive/anemoi-metadata/latitudes.numpy (shape=(10944,), dtype=float64)
[2025-10-05 23:44:46,604][anemoi.utils.checkpoints][INFO] - Saving supporting array `longitudes` to archive/anemoi-metadata/longitudes.numpy (shape=(10944,), dtype=float64)
[2025-10-06 00:07:22,827][anemoi.models.data_indices.collection][INFO] - The order of the variables in the model matches the order in the data.
[2025-10-06 00:07:22,827][anemoi.models.data_indices.collection][INFO] - The order of the variables in the model matches the order in the data.
[2025-10-06 00:07:22,828][anemoi.models.data_indices.collection][INFO] - The order of the variables in the model matches the order in the data.
[2025-10-06 00:07:22,828][anemoi.models.data_indices.collection][INFO] - The order of the variables in the model matches the order in the data.
[2025-10-06 00:07:42,719][anemoi.utils.checkpoints][INFO] - Adding extra information to checkpoint /lus/h2resw01/scratch/momc/checkpoint/bdb69e0cd85140cfbc495d0ab90079a8/inference-last.ckpt
[2025-10-06 00:07:42,719][anemoi.utils.checkpoints][INFO] - Saving metadata to inference-last/anemoi-metadata/ai-models.json
[2025-10-06 00:07:42,720][anemoi.utils.checkpoints][INFO] - Saving supporting array `latitudes` to inference-last/anemoi-metadata/latitudes.numpy (shape=(10944,), dtype=float64)
[2025-10-06 00:07:42,721][anemoi.utils.checkpoints][INFO] - Saving supporting array `longitudes` to inference-last/anemoi-metadata/longitudes.numpy (shape=(10944,), dtype=float64)
[2025-10-06 00:07:43,458][anemoi.utils.checkpoints][INFO] - Adding extra information to checkpoint /lus/h2resw01/scratch/momc/checkpoint/bdb69e0cd85140cfbc495d0ab90079a8/last.ckpt
[2025-10-06 00:07:43,458][anemoi.utils.checkpoints][INFO] - Saving metadata to archive/anemoi-metadata/ai-models.json
[2025-10-06 00:07:43,460][anemoi.utils.checkpoints][INFO] - Saving supporting array `latitudes` to archive/anemoi-metadata/latitudes.numpy (shape=(10944,), dtype=float64)
[2025-10-06 00:07:43,460][anemoi.utils.checkpoints][INFO] - Saving supporting array `longitudes` to archive/anemoi-metadata/longitudes.numpy (shape=(10944,), dtype=float64)
[2025-10-06 00:07:43,589][anemoi.utils.checkpoints][INFO] - Adding extra information to checkpoint /lus/h2resw01/scratch/momc/checkpoint/bdb69e0cd85140cfbc495d0ab90079a8/inference-anemoi-by_epoch-epoch_036-step_142080.ckpt
[2025-10-06 00:07:43,589][anemoi.utils.checkpoints][INFO] - Saving metadata to inference-anemoi-by_epoch-epoch_036-step_142080/anemoi-metadata/ai-models.json
[2025-10-06 00:07:43,591][anemoi.utils.checkpoints][INFO] - Saving supporting array `latitudes` to inference-anemoi-by_epoch-epoch_036-step_142080/anemoi-metadata/latitudes.numpy (shape=(10944,), dtype=float64)
[2025-10-06 00:07:43,591][anemoi.utils.checkpoints][INFO] - Saving supporting array `longitudes` to inference-anemoi-by_epoch-epoch_036-step_142080/anemoi-metadata/longitudes.numpy (shape=(10944,), dtype=float64)
[2025-10-06 00:07:44,286][anemoi.utils.checkpoints][INFO] - Adding extra information to checkpoint /lus/h2resw01/scratch/momc/checkpoint/bdb69e0cd85140cfbc495d0ab90079a8/anemoi-by_epoch-epoch_036-step_142080.ckpt
[2025-10-06 00:07:44,286][anemoi.utils.checkpoints][INFO] - Saving metadata to archive/anemoi-metadata/ai-models.json
[2025-10-06 00:07:44,287][anemoi.utils.checkpoints][INFO] - Saving supporting array `latitudes` to archive/anemoi-metadata/latitudes.numpy (shape=(10944,), dtype=float64)
[2025-10-06 00:07:44,287][anemoi.utils.checkpoints][INFO] - Saving supporting array `longitudes` to archive/anemoi-metadata/longitudes.numpy (shape=(10944,), dtype=float64)
[2025-10-06 00:07:44,414][anemoi.utils.checkpoints][INFO] - Adding extra information to checkpoint /lus/h2resw01/scratch/momc/checkpoint/bdb69e0cd85140cfbc495d0ab90079a8/inference-last.ckpt
[2025-10-06 00:07:44,414][anemoi.utils.checkpoints][INFO] - Saving metadata to inference-last/anemoi-metadata/ai-models.json
[2025-10-06 00:07:44,415][anemoi.utils.checkpoints][INFO] - Saving supporting array `latitudes` to inference-last/anemoi-metadata/latitudes.numpy (shape=(10944,), dtype=float64)
[2025-10-06 00:07:44,415][anemoi.utils.checkpoints][INFO] - Saving supporting array `longitudes` to inference-last/anemoi-metadata/longitudes.numpy (shape=(10944,), dtype=float64)
[2025-10-06 00:07:45,149][anemoi.utils.checkpoints][INFO] - Adding extra information to checkpoint /lus/h2resw01/scratch/momc/checkpoint/bdb69e0cd85140cfbc495d0ab90079a8/last.ckpt
[2025-10-06 00:07:45,149][anemoi.utils.checkpoints][INFO] - Saving metadata to archive/anemoi-metadata/ai-models.json
[2025-10-06 00:07:45,151][anemoi.utils.checkpoints][INFO] - Saving supporting array `latitudes` to archive/anemoi-metadata/latitudes.numpy (shape=(10944,), dtype=float64)
[2025-10-06 00:07:45,151][anemoi.utils.checkpoints][INFO] - Saving supporting array `longitudes` to archive/anemoi-metadata/longitudes.numpy (shape=(10944,), dtype=float64)
[2025-10-06 00:30:28,825][anemoi.models.data_indices.collection][INFO] - The order of the variables in the model matches the order in the data.
[2025-10-06 00:30:28,826][anemoi.models.data_indices.collection][INFO] - The order of the variables in the model matches the order in the data.
[2025-10-06 00:30:28,826][anemoi.models.data_indices.collection][INFO] - The order of the variables in the model matches the order in the data.
[2025-10-06 00:30:28,826][anemoi.models.data_indices.collection][INFO] - The order of the variables in the model matches the order in the data.
[2025-10-06 00:30:48,763][anemoi.utils.checkpoints][INFO] - Adding extra information to checkpoint /lus/h2resw01/scratch/momc/checkpoint/bdb69e0cd85140cfbc495d0ab90079a8/inference-last.ckpt
[2025-10-06 00:30:48,763][anemoi.utils.checkpoints][INFO] - Saving metadata to inference-last/anemoi-metadata/ai-models.json
[2025-10-06 00:30:48,764][anemoi.utils.checkpoints][INFO] - Saving supporting array `latitudes` to inference-last/anemoi-metadata/latitudes.numpy (shape=(10944,), dtype=float64)
[2025-10-06 00:30:48,764][anemoi.utils.checkpoints][INFO] - Saving supporting array `longitudes` to inference-last/anemoi-metadata/longitudes.numpy (shape=(10944,), dtype=float64)
[2025-10-06 00:30:49,491][anemoi.utils.checkpoints][INFO] - Adding extra information to checkpoint /lus/h2resw01/scratch/momc/checkpoint/bdb69e0cd85140cfbc495d0ab90079a8/last.ckpt
[2025-10-06 00:30:49,491][anemoi.utils.checkpoints][INFO] - Saving metadata to archive/anemoi-metadata/ai-models.json
[2025-10-06 00:30:49,492][anemoi.utils.checkpoints][INFO] - Saving supporting array `latitudes` to archive/anemoi-metadata/latitudes.numpy (shape=(10944,), dtype=float64)
[2025-10-06 00:30:49,492][anemoi.utils.checkpoints][INFO] - Saving supporting array `longitudes` to archive/anemoi-metadata/longitudes.numpy (shape=(10944,), dtype=float64)
[2025-10-06 00:30:49,605][anemoi.utils.checkpoints][INFO] - Adding extra information to checkpoint /lus/h2resw01/scratch/momc/checkpoint/bdb69e0cd85140cfbc495d0ab90079a8/inference-anemoi-by_epoch-epoch_037-step_145920.ckpt
[2025-10-06 00:30:49,605][anemoi.utils.checkpoints][INFO] - Saving metadata to inference-anemoi-by_epoch-epoch_037-step_145920/anemoi-metadata/ai-models.json
[2025-10-06 00:30:49,606][anemoi.utils.checkpoints][INFO] - Saving supporting array `latitudes` to inference-anemoi-by_epoch-epoch_037-step_145920/anemoi-metadata/latitudes.numpy (shape=(10944,), dtype=float64)
[2025-10-06 00:30:49,607][anemoi.utils.checkpoints][INFO] - Saving supporting array `longitudes` to inference-anemoi-by_epoch-epoch_037-step_145920/anemoi-metadata/longitudes.numpy (shape=(10944,), dtype=float64)
[2025-10-06 00:30:50,294][anemoi.utils.checkpoints][INFO] - Adding extra information to checkpoint /lus/h2resw01/scratch/momc/checkpoint/bdb69e0cd85140cfbc495d0ab90079a8/anemoi-by_epoch-epoch_037-step_145920.ckpt
[2025-10-06 00:30:50,294][anemoi.utils.checkpoints][INFO] - Saving metadata to archive/anemoi-metadata/ai-models.json
[2025-10-06 00:30:50,295][anemoi.utils.checkpoints][INFO] - Saving supporting array `latitudes` to archive/anemoi-metadata/latitudes.numpy (shape=(10944,), dtype=float64)
[2025-10-06 00:30:50,296][anemoi.utils.checkpoints][INFO] - Saving supporting array `longitudes` to archive/anemoi-metadata/longitudes.numpy (shape=(10944,), dtype=float64)
[2025-10-06 00:30:50,420][anemoi.utils.checkpoints][INFO] - Adding extra information to checkpoint /lus/h2resw01/scratch/momc/checkpoint/bdb69e0cd85140cfbc495d0ab90079a8/inference-last.ckpt
[2025-10-06 00:30:50,420][anemoi.utils.checkpoints][INFO] - Saving metadata to inference-last/anemoi-metadata/ai-models.json
[2025-10-06 00:30:50,422][anemoi.utils.checkpoints][INFO] - Saving supporting array `latitudes` to inference-last/anemoi-metadata/latitudes.numpy (shape=(10944,), dtype=float64)
[2025-10-06 00:30:50,422][anemoi.utils.checkpoints][INFO] - Saving supporting array `longitudes` to inference-last/anemoi-metadata/longitudes.numpy (shape=(10944,), dtype=float64)
[2025-10-06 00:30:51,139][anemoi.utils.checkpoints][INFO] - Adding extra information to checkpoint /lus/h2resw01/scratch/momc/checkpoint/bdb69e0cd85140cfbc495d0ab90079a8/last.ckpt
[2025-10-06 00:30:51,139][anemoi.utils.checkpoints][INFO] - Saving metadata to archive/anemoi-metadata/ai-models.json
[2025-10-06 00:30:51,140][anemoi.utils.checkpoints][INFO] - Saving supporting array `latitudes` to archive/anemoi-metadata/latitudes.numpy (shape=(10944,), dtype=float64)
[2025-10-06 00:30:51,141][anemoi.utils.checkpoints][INFO] - Saving supporting array `longitudes` to archive/anemoi-metadata/longitudes.numpy (shape=(10944,), dtype=float64)
[2025-10-06 00:53:37,220][anemoi.models.data_indices.collection][INFO] - The order of the variables in the model matches the order in the data.
[2025-10-06 00:53:37,220][anemoi.models.data_indices.collection][INFO] - The order of the variables in the model matches the order in the data.
[2025-10-06 00:53:37,221][anemoi.models.data_indices.collection][INFO] - The order of the variables in the model matches the order in the data.
[2025-10-06 00:53:37,221][anemoi.models.data_indices.collection][INFO] - The order of the variables in the model matches the order in the data.
[2025-10-06 00:53:56,896][anemoi.utils.checkpoints][INFO] - Adding extra information to checkpoint /lus/h2resw01/scratch/momc/checkpoint/bdb69e0cd85140cfbc495d0ab90079a8/inference-last.ckpt
[2025-10-06 00:53:56,896][anemoi.utils.checkpoints][INFO] - Saving metadata to inference-last/anemoi-metadata/ai-models.json
[2025-10-06 00:53:56,898][anemoi.utils.checkpoints][INFO] - Saving supporting array `latitudes` to inference-last/anemoi-metadata/latitudes.numpy (shape=(10944,), dtype=float64)
[2025-10-06 00:53:56,898][anemoi.utils.checkpoints][INFO] - Saving supporting array `longitudes` to inference-last/anemoi-metadata/longitudes.numpy (shape=(10944,), dtype=float64)
[2025-10-06 00:53:57,650][anemoi.utils.checkpoints][INFO] - Adding extra information to checkpoint /lus/h2resw01/scratch/momc/checkpoint/bdb69e0cd85140cfbc495d0ab90079a8/last.ckpt
[2025-10-06 00:53:57,650][anemoi.utils.checkpoints][INFO] - Saving metadata to archive/anemoi-metadata/ai-models.json
[2025-10-06 00:53:57,652][anemoi.utils.checkpoints][INFO] - Saving supporting array `latitudes` to archive/anemoi-metadata/latitudes.numpy (shape=(10944,), dtype=float64)
[2025-10-06 00:53:57,652][anemoi.utils.checkpoints][INFO] - Saving supporting array `longitudes` to archive/anemoi-metadata/longitudes.numpy (shape=(10944,), dtype=float64)
[2025-10-06 00:53:57,763][anemoi.utils.checkpoints][INFO] - Adding extra information to checkpoint /lus/h2resw01/scratch/momc/checkpoint/bdb69e0cd85140cfbc495d0ab90079a8/inference-anemoi-by_epoch-epoch_038-step_149760.ckpt
[2025-10-06 00:53:57,763][anemoi.utils.checkpoints][INFO] - Saving metadata to inference-anemoi-by_epoch-epoch_038-step_149760/anemoi-metadata/ai-models.json
[2025-10-06 00:53:57,764][anemoi.utils.checkpoints][INFO] - Saving supporting array `latitudes` to inference-anemoi-by_epoch-epoch_038-step_149760/anemoi-metadata/latitudes.numpy (shape=(10944,), dtype=float64)
[2025-10-06 00:53:57,765][anemoi.utils.checkpoints][INFO] - Saving supporting array `longitudes` to inference-anemoi-by_epoch-epoch_038-step_149760/anemoi-metadata/longitudes.numpy (shape=(10944,), dtype=float64)
[2025-10-06 00:53:58,478][anemoi.utils.checkpoints][INFO] - Adding extra information to checkpoint /lus/h2resw01/scratch/momc/checkpoint/bdb69e0cd85140cfbc495d0ab90079a8/anemoi-by_epoch-epoch_038-step_149760.ckpt
[2025-10-06 00:53:58,478][anemoi.utils.checkpoints][INFO] - Saving metadata to archive/anemoi-metadata/ai-models.json
[2025-10-06 00:53:58,479][anemoi.utils.checkpoints][INFO] - Saving supporting array `latitudes` to archive/anemoi-metadata/latitudes.numpy (shape=(10944,), dtype=float64)
[2025-10-06 00:53:58,479][anemoi.utils.checkpoints][INFO] - Saving supporting array `longitudes` to archive/anemoi-metadata/longitudes.numpy (shape=(10944,), dtype=float64)
[2025-10-06 00:53:58,608][anemoi.utils.checkpoints][INFO] - Adding extra information to checkpoint /lus/h2resw01/scratch/momc/checkpoint/bdb69e0cd85140cfbc495d0ab90079a8/inference-last.ckpt
[2025-10-06 00:53:58,608][anemoi.utils.checkpoints][INFO] - Saving metadata to inference-last/anemoi-metadata/ai-models.json
[2025-10-06 00:53:58,609][anemoi.utils.checkpoints][INFO] - Saving supporting array `latitudes` to inference-last/anemoi-metadata/latitudes.numpy (shape=(10944,), dtype=float64)
[2025-10-06 00:53:58,609][anemoi.utils.checkpoints][INFO] - Saving supporting array `longitudes` to inference-last/anemoi-metadata/longitudes.numpy (shape=(10944,), dtype=float64)
[2025-10-06 00:53:59,344][anemoi.utils.checkpoints][INFO] - Adding extra information to checkpoint /lus/h2resw01/scratch/momc/checkpoint/bdb69e0cd85140cfbc495d0ab90079a8/last.ckpt
[2025-10-06 00:53:59,344][anemoi.utils.checkpoints][INFO] - Saving metadata to archive/anemoi-metadata/ai-models.json
[2025-10-06 00:53:59,346][anemoi.utils.checkpoints][INFO] - Saving supporting array `latitudes` to archive/anemoi-metadata/latitudes.numpy (shape=(10944,), dtype=float64)
[2025-10-06 00:53:59,346][anemoi.utils.checkpoints][INFO] - Saving supporting array `longitudes` to archive/anemoi-metadata/longitudes.numpy (shape=(10944,), dtype=float64)
[2025-10-06 00:55:25,611][pytorch_lightning.utilities.rank_zero][INFO] - `Trainer.fit` stopped: `max_steps=150000` reached.
[2025-10-06 00:55:25,721][anemoi.utils.checkpoints][INFO] - Adding extra information to checkpoint /lus/h2resw01/scratch/momc/checkpoint/bdb69e0cd85140cfbc495d0ab90079a8/inference-anemoi-by_time-epoch_039-step_150000.ckpt
[2025-10-06 00:55:25,721][anemoi.utils.checkpoints][INFO] - Saving metadata to inference-anemoi-by_time-epoch_039-step_150000/anemoi-metadata/ai-models.json
[2025-10-06 00:55:25,722][anemoi.utils.checkpoints][INFO] - Saving supporting array `latitudes` to inference-anemoi-by_time-epoch_039-step_150000/anemoi-metadata/latitudes.numpy (shape=(10944,), dtype=float64)
[2025-10-06 00:55:25,723][anemoi.utils.checkpoints][INFO] - Saving supporting array `longitudes` to inference-anemoi-by_time-epoch_039-step_150000/anemoi-metadata/longitudes.numpy (shape=(10944,), dtype=float64)
[2025-10-06 00:55:26,440][anemoi.utils.checkpoints][INFO] - Adding extra information to checkpoint /lus/h2resw01/scratch/momc/checkpoint/bdb69e0cd85140cfbc495d0ab90079a8/anemoi-by_time-epoch_039-step_150000.ckpt
[2025-10-06 00:55:26,440][anemoi.utils.checkpoints][INFO] - Saving metadata to archive/anemoi-metadata/ai-models.json
[2025-10-06 00:55:26,441][anemoi.utils.checkpoints][INFO] - Saving supporting array `latitudes` to archive/anemoi-metadata/latitudes.numpy (shape=(10944,), dtype=float64)
[2025-10-06 00:55:26,441][anemoi.utils.checkpoints][INFO] - Saving supporting array `longitudes` to archive/anemoi-metadata/longitudes.numpy (shape=(10944,), dtype=float64)
[2025-10-06 00:55:26,565][anemoi.utils.checkpoints][INFO] - Adding extra information to checkpoint /lus/h2resw01/scratch/momc/checkpoint/bdb69e0cd85140cfbc495d0ab90079a8/inference-last.ckpt
[2025-10-06 00:55:26,565][anemoi.utils.checkpoints][INFO] - Saving metadata to inference-last/anemoi-metadata/ai-models.json
[2025-10-06 00:55:26,566][anemoi.utils.checkpoints][INFO] - Saving supporting array `latitudes` to inference-last/anemoi-metadata/latitudes.numpy (shape=(10944,), dtype=float64)
[2025-10-06 00:55:26,567][anemoi.utils.checkpoints][INFO] - Saving supporting array `longitudes` to inference-last/anemoi-metadata/longitudes.numpy (shape=(10944,), dtype=float64)
[2025-10-06 00:55:27,314][anemoi.utils.checkpoints][INFO] - Adding extra information to checkpoint /lus/h2resw01/scratch/momc/checkpoint/bdb69e0cd85140cfbc495d0ab90079a8/last.ckpt
[2025-10-06 00:55:27,314][anemoi.utils.checkpoints][INFO] - Saving metadata to archive/anemoi-metadata/ai-models.json
[2025-10-06 00:55:27,316][anemoi.utils.checkpoints][INFO] - Saving supporting array `latitudes` to archive/anemoi-metadata/latitudes.numpy (shape=(10944,), dtype=float64)
[2025-10-06 00:55:27,316][anemoi.utils.checkpoints][INFO] - Saving supporting array `longitudes` to archive/anemoi-metadata/longitudes.numpy (shape=(10944,), dtype=float64)
[2025-10-06 00:55:27,425][anemoi.utils.checkpoints][INFO] - Adding extra information to checkpoint /lus/h2resw01/scratch/momc/checkpoint/bdb69e0cd85140cfbc495d0ab90079a8/inference-anemoi-by_epoch-epoch_039-step_150000.ckpt
[2025-10-06 00:55:27,425][anemoi.utils.checkpoints][INFO] - Saving metadata to inference-anemoi-by_epoch-epoch_039-step_150000/anemoi-metadata/ai-models.json
[2025-10-06 00:55:27,426][anemoi.utils.checkpoints][INFO] - Saving supporting array `latitudes` to inference-anemoi-by_epoch-epoch_039-step_150000/anemoi-metadata/latitudes.numpy (shape=(10944,), dtype=float64)
[2025-10-06 00:55:27,427][anemoi.utils.checkpoints][INFO] - Saving supporting array `longitudes` to inference-anemoi-by_epoch-epoch_039-step_150000/anemoi-metadata/longitudes.numpy (shape=(10944,), dtype=float64)
[2025-10-06 00:55:28,096][anemoi.utils.checkpoints][INFO] - Adding extra information to checkpoint /lus/h2resw01/scratch/momc/checkpoint/bdb69e0cd85140cfbc495d0ab90079a8/anemoi-by_epoch-epoch_039-step_150000.ckpt
[2025-10-06 00:55:28,096][anemoi.utils.checkpoints][INFO] - Saving metadata to archive/anemoi-metadata/ai-models.json
[2025-10-06 00:55:28,098][anemoi.utils.checkpoints][INFO] - Saving supporting array `latitudes` to archive/anemoi-metadata/latitudes.numpy (shape=(10944,), dtype=float64)
[2025-10-06 00:55:28,098][anemoi.utils.checkpoints][INFO] - Saving supporting array `longitudes` to archive/anemoi-metadata/longitudes.numpy (shape=(10944,), dtype=float64)
[2025-10-06 00:55:28,227][anemoi.utils.checkpoints][INFO] - Adding extra information to checkpoint /lus/h2resw01/scratch/momc/checkpoint/bdb69e0cd85140cfbc495d0ab90079a8/inference-last.ckpt
[2025-10-06 00:55:28,228][anemoi.utils.checkpoints][INFO] - Saving metadata to inference-last/anemoi-metadata/ai-models.json
[2025-10-06 00:55:28,229][anemoi.utils.checkpoints][INFO] - Saving supporting array `latitudes` to inference-last/anemoi-metadata/latitudes.numpy (shape=(10944,), dtype=float64)
[2025-10-06 00:55:28,229][anemoi.utils.checkpoints][INFO] - Saving supporting array `longitudes` to inference-last/anemoi-metadata/longitudes.numpy (shape=(10944,), dtype=float64)
[2025-10-06 00:55:28,941][anemoi.utils.checkpoints][INFO] - Adding extra information to checkpoint /lus/h2resw01/scratch/momc/checkpoint/bdb69e0cd85140cfbc495d0ab90079a8/last.ckpt
[2025-10-06 00:55:28,941][anemoi.utils.checkpoints][INFO] - Saving metadata to archive/anemoi-metadata/ai-models.json
[2025-10-06 00:55:28,943][anemoi.utils.checkpoints][INFO] - Saving supporting array `latitudes` to archive/anemoi-metadata/latitudes.numpy (shape=(10944,), dtype=float64)
[2025-10-06 00:55:28,943][anemoi.utils.checkpoints][INFO] - Saving supporting array `longitudes` to archive/anemoi-metadata/longitudes.numpy (shape=(10944,), dtype=float64)
[2025-10-06 00:55:29,226][anemoi.training.diagnostics.callbacks.plot][INFO] - Teardown of the Plot Callback ...
[2025-10-06 00:55:29,226][anemoi.training.diagnostics.callbacks.plot][INFO] - waiting and shutting down the executor ...
[2025-10-06 00:55:29,226][anemoi.training.diagnostics.callbacks.plot][INFO] - Teardown of the Plot Callback ...
[2025-10-06 00:55:29,226][anemoi.training.diagnostics.callbacks.plot][INFO] - waiting and shutting down the executor ...
[2025-10-06 00:55:29,227][anemoi.training.diagnostics.mlflow.logger][INFO] - Stopping terminal log monitoring and saving buffered terminal outputs. Final status: SUCCESS
[2025-10-06 00:55:29,252][anemoi.training.diagnostics.callbacks.plot][INFO] - Teardown of the Plot Callback ...
[2025-10-06 00:55:29,253][anemoi.training.diagnostics.callbacks.plot][INFO] - waiting and shutting down the executor ...
[2025-10-06 00:55:29,253][anemoi.training.diagnostics.callbacks.plot][INFO] - Teardown of the Plot Callback ...
[2025-10-06 00:55:29,253][anemoi.training.diagnostics.callbacks.plot][INFO] - waiting and shutting down the executor ...
[2025-10-06 00:55:29,270][anemoi.training.diagnostics.callbacks.plot][INFO] - Teardown of the Plot Callback ...
[2025-10-06 00:55:29,270][anemoi.training.diagnostics.callbacks.plot][INFO] - waiting and shutting down the executor ...
[2025-10-06 00:55:29,271][anemoi.training.diagnostics.callbacks.plot][INFO] - Teardown of the Plot Callback ...
[2025-10-06 00:55:29,271][anemoi.training.diagnostics.callbacks.plot][INFO] - waiting and shutting down the executor ...
[2025-10-06 00:55:29,291][anemoi.training.diagnostics.callbacks.plot][INFO] - Teardown of the Plot Callback ...
[2025-10-06 00:55:29,291][anemoi.training.diagnostics.callbacks.plot][INFO] - waiting and shutting down the executor ...
[2025-10-06 00:55:29,291][anemoi.training.diagnostics.callbacks.plot][INFO] - Teardown of the Plot Callback ...
[2025-10-06 00:55:29,291][anemoi.training.diagnostics.callbacks.plot][INFO] - waiting and shutting down the executor ...
