[2025-10-02 11:22:23,424][anemoi.training.train.train][INFO] - Skipping config validation.
[2025-10-02 11:22:23,425][anemoi.training.train.train][INFO] - Starting from checkpoint: False
[2025-10-02 11:22:23,432][anemoi.training.train.train][INFO] - Skipping config validation.
[2025-10-02 11:22:23,432][anemoi.training.train.train][INFO] - Starting from checkpoint: False
[2025-10-02 11:22:23,432][anemoi.training.train.train][INFO] - Skipping config validation.
[2025-10-02 11:22:23,432][anemoi.training.train.train][INFO] - Run id: None
[2025-10-02 11:22:23,432][anemoi.training.train.train][INFO] - Starting from checkpoint: False
[2025-10-02 11:22:23,433][anemoi.training.train.train][INFO] - Run id: None
[2025-10-02 11:22:23,440][anemoi.training.train.train][INFO] - Skipping config validation.
[2025-10-02 11:22:23,440][anemoi.training.train.train][INFO] - Starting from checkpoint: False
[2025-10-02 11:22:23,440][anemoi.training.train.train][INFO] - Run id: None
[2025-10-02 11:22:26,084][anemoi.training.diagnostics.logger][INFO] - Maximum number of params allowed to be logged is: 2000
[2025-10-02 11:22:26,084][anemoi.training.diagnostics.logger][INFO] - Maximum number of params allowed to be logged is: 2000
[2025-10-02 11:22:26,084][anemoi.training.diagnostics.logger][INFO] - Maximum number of params allowed to be logged is: 2000
[2025-10-02 11:22:26,084][anemoi.training.diagnostics.logger][INFO] - Maximum number of params allowed to be logged is: 2000
[2025-10-02 11:22:26,087][anemoi.training.diagnostics.mlflow.logger][INFO] - MLflow is logging offline.
[2025-10-02 11:22:26,130][anemoi.training.train.train][INFO] - Parent run server2server: None
[2025-10-02 11:22:26,130][anemoi.training.train.train][INFO] - Parent run server2server: None
[2025-10-02 11:22:26,130][anemoi.training.train.train][INFO] - Fork run server2server: None
[2025-10-02 11:22:26,130][anemoi.training.train.train][INFO] - Fork run server2server: None
[2025-10-02 11:22:26,130][anemoi.training.train.train][INFO] - Checkpoints path: /scratch/momc/checkpoint
[2025-10-02 11:22:26,130][anemoi.training.train.train][INFO] - Checkpoints path: /scratch/momc/checkpoint
[2025-10-02 11:22:26,130][anemoi.training.train.train][INFO] - Plots path: /scratch/momc/plots
[2025-10-02 11:22:26,130][anemoi.training.train.train][INFO] - Plots path: /scratch/momc/plots
[2025-10-02 11:22:26,137][anemoi.training.train.train][INFO] - Parent run server2server: None
[2025-10-02 11:22:26,137][anemoi.training.train.train][INFO] - Fork run server2server: None
[2025-10-02 11:22:26,137][anemoi.training.train.train][INFO] - Checkpoints path: /scratch/momc/checkpoint
[2025-10-02 11:22:26,137][anemoi.training.train.train][INFO] - Plots path: /scratch/momc/plots
[2025-10-02 11:22:26,401][anemoi.training.diagnostics.mlflow.logger][INFO] - Logging 1 parameters
[2025-10-02 11:22:26,409][anemoi.training.diagnostics.mlflow.logger][INFO] - Terminal Log Path: /scratch/momc/plots/eb40c4cb4924430785828bf38b883c18/plots/terminal_log.txt
[2025-10-02 11:22:26,409][anemoi.training.diagnostics.mlflow.logger][INFO] - SLURM job id: 35211185
[2025-10-02 11:22:26,409][anemoi.training.train.train][INFO] - Mlflow Run id: eb40c4cb4924430785828bf38b883c18
[2025-10-02 11:22:26,409][anemoi.training.train.train][INFO] - Run id: eb40c4cb4924430785828bf38b883c18
[2025-10-02 11:22:26,409][anemoi.training.train.train][INFO] - Parent run server2server: None
[2025-10-02 11:22:26,409][anemoi.training.train.train][INFO] - Fork run server2server: None
[2025-10-02 11:22:26,410][anemoi.training.train.train][INFO] - Checkpoints path: /scratch/momc/checkpoint/eb40c4cb4924430785828bf38b883c18
[2025-10-02 11:22:26,410][anemoi.training.train.train][INFO] - Plots path: /scratch/momc/plots/eb40c4cb4924430785828bf38b883c18
[2025-10-02 11:22:26,410][anemoi.training.train.train][INFO] - Dry run: False
[2025-10-02 11:22:27,399][anemoi.graphs.nodes.builders.from_file][INFO] - Reading the dataset from /home/mlx/ai-ml/datasets//aifs-ea-an-oper-0001-mars-o48-1979-2022-6h-v6.zarr.
[2025-10-02 11:22:27,399][anemoi.graphs.nodes.builders.from_file][INFO] - Reading the dataset from /home/mlx/ai-ml/datasets//aifs-ea-an-oper-0001-mars-o48-1979-2022-6h-v6.zarr.
[2025-10-02 11:22:27,399][anemoi.graphs.nodes.builders.from_file][INFO] - Reading the dataset from /home/mlx/ai-ml/datasets//aifs-ea-an-oper-0001-mars-o48-1979-2022-6h-v6.zarr.
[2025-10-02 11:22:27,399][anemoi.graphs.nodes.builders.from_file][INFO] - Reading the dataset from /home/mlx/ai-ml/datasets//aifs-ea-an-oper-0001-mars-o48-1979-2022-6h-v6.zarr.
[2025-10-02 11:22:28,156][anemoi.graphs.edges.builders.cutoff][INFO] - Using CutOff-Edges (with radius = 208.3 km) between data and hidden.
[2025-10-02 11:22:28,156][anemoi.graphs.edges.builders.cutoff][INFO] - Using CutOff-Edges (with radius = 208.3 km) between data and hidden.
[2025-10-02 11:22:28,156][anemoi.graphs.edges.builders.cutoff][INFO] - Using CutOff-Edges (with radius = 208.3 km) between data and hidden.
[2025-10-02 11:22:28,156][anemoi.graphs.edges.builders.cutoff][INFO] - Using CutOff-Edges (with radius = 208.3 km) between data and hidden.
[2025-10-02 11:22:28,185][anemoi.graphs.edges.builders.base][WARNING] - The 'torch-cluster' library is not installed. Installing 'torch-cluster' can significantly improve performance for graph creation. You can install it using 'pip install torch-cluster'.
[2025-10-02 11:22:28,185][anemoi.graphs.edges.builders.base][WARNING] - The 'torch-cluster' library is not installed. Installing 'torch-cluster' can significantly improve performance for graph creation. You can install it using 'pip install torch-cluster'.
[2025-10-02 11:22:28,185][anemoi.graphs.edges.builders.base][WARNING] - The 'torch-cluster' library is not installed. Installing 'torch-cluster' can significantly improve performance for graph creation. You can install it using 'pip install torch-cluster'.
[2025-10-02 11:22:28,185][anemoi.graphs.edges.builders.base][WARNING] - The 'torch-cluster' library is not installed. Installing 'torch-cluster' can significantly improve performance for graph creation. You can install it using 'pip install torch-cluster'.
[2025-10-02 11:22:28,506][anemoi.graphs.edges.builders.knn][INFO] - Using KNN-Edges (with 3 nearest neighbours) between hidden and data.
[2025-10-02 11:22:28,507][anemoi.graphs.edges.builders.base][WARNING] - The 'torch-cluster' library is not installed. Installing 'torch-cluster' can significantly improve performance for graph creation. You can install it using 'pip install torch-cluster'.
[2025-10-02 11:22:28,537][anemoi.graphs.create][INFO] - Cleaning graph.
[2025-10-02 11:22:28,537][anemoi.graphs.create][INFO] - _grid_reference_distance deleted from graph.
[2025-10-02 11:22:28,537][anemoi.graphs.create][INFO] - _dataset deleted from graph.
[2025-10-02 11:22:28,537][anemoi.graphs.create][INFO] - _grid_reference_distance deleted from graph.
[2025-10-02 11:22:28,548][anemoi.graphs.create][INFO] - Graph saved at /scratch/momc/graphs/graph_o32.pt.
[2025-10-02 11:22:28,555][anemoi.graphs.edges.builders.knn][INFO] - Using KNN-Edges (with 3 nearest neighbours) between hidden and data.
[2025-10-02 11:22:28,556][anemoi.graphs.edges.builders.base][WARNING] - The 'torch-cluster' library is not installed. Installing 'torch-cluster' can significantly improve performance for graph creation. You can install it using 'pip install torch-cluster'.
[2025-10-02 11:22:28,567][anemoi.graphs.edges.builders.knn][INFO] - Using KNN-Edges (with 3 nearest neighbours) between hidden and data.
[2025-10-02 11:22:28,568][anemoi.graphs.edges.builders.base][WARNING] - The 'torch-cluster' library is not installed. Installing 'torch-cluster' can significantly improve performance for graph creation. You can install it using 'pip install torch-cluster'.
[2025-10-02 11:22:28,586][anemoi.graphs.create][INFO] - Cleaning graph.
[2025-10-02 11:22:28,586][anemoi.graphs.create][INFO] - _grid_reference_distance deleted from graph.
[2025-10-02 11:22:28,586][anemoi.graphs.create][INFO] - _dataset deleted from graph.
[2025-10-02 11:22:28,586][anemoi.graphs.create][INFO] - _grid_reference_distance deleted from graph.
[2025-10-02 11:22:28,592][anemoi.graphs.create][INFO] - Graph saved at /scratch/momc/graphs/graph_o32.pt.
[2025-10-02 11:22:28,597][anemoi.graphs.create][INFO] - Cleaning graph.
[2025-10-02 11:22:28,597][anemoi.graphs.create][INFO] - _grid_reference_distance deleted from graph.
[2025-10-02 11:22:28,597][anemoi.graphs.create][INFO] - _dataset deleted from graph.
[2025-10-02 11:22:28,598][anemoi.graphs.create][INFO] - _grid_reference_distance deleted from graph.
[2025-10-02 11:22:28,604][anemoi.graphs.create][INFO] - Graph saved at /scratch/momc/graphs/graph_o32.pt.
[2025-10-02 11:22:28,821][anemoi.graphs.edges.builders.knn][INFO] - Using KNN-Edges (with 3 nearest neighbours) between hidden and data.
[2025-10-02 11:22:28,821][anemoi.graphs.edges.builders.base][WARNING] - The 'torch-cluster' library is not installed. Installing 'torch-cluster' can significantly improve performance for graph creation. You can install it using 'pip install torch-cluster'.
[2025-10-02 11:22:28,852][anemoi.graphs.create][INFO] - Cleaning graph.
[2025-10-02 11:22:28,852][anemoi.graphs.create][INFO] - _grid_reference_distance deleted from graph.
[2025-10-02 11:22:28,852][anemoi.graphs.create][INFO] - _dataset deleted from graph.
[2025-10-02 11:22:28,852][anemoi.graphs.create][INFO] - _grid_reference_distance deleted from graph.
[2025-10-02 11:22:28,859][anemoi.graphs.create][INFO] - Graph saved at /scratch/momc/graphs/graph_o32.pt.
[2025-10-02 11:22:29,085][anemoi.training.data.datamodule.singledatamodule][WARNING] - Falling back rollout to: 1
[2025-10-02 11:22:29,085][anemoi.training.data.datamodule.singledatamodule][WARNING] - Falling back rollout to: 1
[2025-10-02 11:22:29,086][anemoi.training.data.datamodule.singledatamodule][INFO] - Timeincrement set to 1 for data with frequency, 21600, and timestep, 21600
[2025-10-02 11:22:29,086][anemoi.training.data.datamodule.singledatamodule][INFO] - Timeincrement set to 1 for data with frequency, 21600, and timestep, 21600
[2025-10-02 11:22:29,088][anemoi.training.train.train][INFO] - Number of data variables: 101
[2025-10-02 11:22:29,088][anemoi.training.train.train][INFO] - Number of data variables: 101
[2025-10-02 11:22:29,088][anemoi.training.train.train][INFO] - Variables: ['q_50', 'q_100', 'q_150', 'q_200', 'q_250', 'q_300', 'q_400', 'q_500', 'q_600', 'q_700', 'q_850', 'q_925', 'q_1000', 't_50', 't_100', 't_150', 't_200', 't_250', 't_300', 't_400', 't_500', 't_600', 't_700', 't_850', 't_925', 't_1000', 'u_50', 'u_100', 'u_150', 'u_200', 'u_250', 'u_300', 'u_400', 'u_500', 'u_600', 'u_700', 'u_850', 'u_925', 'u_1000', 'v_50', 'v_100', 'v_150', 'v_200', 'v_250', 'v_300', 'v_400', 'v_500', 'v_600', 'v_700', 'v_850', 'v_925', 'v_1000', 'w_50', 'w_100', 'w_150', 'w_200', 'w_250', 'w_300', 'w_400', 'w_500', 'w_600', 'w_700', 'w_850', 'w_925', 'w_1000', 'z_50', 'z_100', 'z_150', 'z_200', 'z_250', 'z_300', 'z_400', 'z_500', 'z_600', 'z_700', 'z_850', 'z_925', 'z_1000', '10u', '10v', '2d', '2t', 'lsm', 'msl', 'sdor', 'skt', 'slor', 'sp', 'tcw', 'z', 'cp', 'tp', 'cos_latitude', 'cos_longitude', 'sin_latitude', 'sin_longitude', 'cos_julian_day', 'cos_local_time', 'sin_julian_day', 'sin_local_time', 'insolation']
[2025-10-02 11:22:29,088][anemoi.training.train.train][INFO] - Variables: ['q_50', 'q_100', 'q_150', 'q_200', 'q_250', 'q_300', 'q_400', 'q_500', 'q_600', 'q_700', 'q_850', 'q_925', 'q_1000', 't_50', 't_100', 't_150', 't_200', 't_250', 't_300', 't_400', 't_500', 't_600', 't_700', 't_850', 't_925', 't_1000', 'u_50', 'u_100', 'u_150', 'u_200', 'u_250', 'u_300', 'u_400', 'u_500', 'u_600', 'u_700', 'u_850', 'u_925', 'u_1000', 'v_50', 'v_100', 'v_150', 'v_200', 'v_250', 'v_300', 'v_400', 'v_500', 'v_600', 'v_700', 'v_850', 'v_925', 'v_1000', 'w_50', 'w_100', 'w_150', 'w_200', 'w_250', 'w_300', 'w_400', 'w_500', 'w_600', 'w_700', 'w_850', 'w_925', 'w_1000', 'z_50', 'z_100', 'z_150', 'z_200', 'z_250', 'z_300', 'z_400', 'z_500', 'z_600', 'z_700', 'z_850', 'z_925', 'z_1000', '10u', '10v', '2d', '2t', 'lsm', 'msl', 'sdor', 'skt', 'slor', 'sp', 'tcw', 'z', 'cp', 'tp', 'cos_latitude', 'cos_longitude', 'sin_latitude', 'sin_longitude', 'cos_julian_day', 'cos_local_time', 'sin_julian_day', 'sin_local_time', 'insolation']
[2025-10-02 11:22:29,088][anemoi.training.train.train][INFO] - Total number of prognostic variables: 88
[2025-10-02 11:22:29,088][anemoi.training.train.train][INFO] - Total number of auxiliary variables: 13
[2025-10-02 11:22:29,088][anemoi.training.train.train][INFO] - Total number of prognostic variables: 88
[2025-10-02 11:22:29,088][anemoi.training.train.train][INFO] - Total number of auxiliary variables: 13
[2025-10-02 11:22:29,088][anemoi.training.train.train][INFO] - Total GPU count / model group size: 4 - NB: the learning rate will be scaled by this factor!
[2025-10-02 11:22:29,088][anemoi.training.train.train][INFO] - Total GPU count / model group size: 4 - NB: the learning rate will be scaled by this factor!
[2025-10-02 11:22:29,089][anemoi.training.train.train][INFO] - Effective learning rate: 4.000e-04
[2025-10-02 11:22:29,089][anemoi.training.train.train][INFO] - Effective learning rate: 4.000e-04
[2025-10-02 11:22:29,089][anemoi.training.data.datamodule.singledatamodule][WARNING] - Falling back rollout to: 1
[2025-10-02 11:22:29,090][anemoi.training.data.datamodule.singledatamodule][INFO] - Timeincrement set to 1 for data with frequency, 21600, and timestep, 21600
[2025-10-02 11:22:29,093][anemoi.training.train.train][INFO] - Number of data variables: 101
[2025-10-02 11:22:29,093][anemoi.training.train.train][INFO] - Variables: ['q_50', 'q_100', 'q_150', 'q_200', 'q_250', 'q_300', 'q_400', 'q_500', 'q_600', 'q_700', 'q_850', 'q_925', 'q_1000', 't_50', 't_100', 't_150', 't_200', 't_250', 't_300', 't_400', 't_500', 't_600', 't_700', 't_850', 't_925', 't_1000', 'u_50', 'u_100', 'u_150', 'u_200', 'u_250', 'u_300', 'u_400', 'u_500', 'u_600', 'u_700', 'u_850', 'u_925', 'u_1000', 'v_50', 'v_100', 'v_150', 'v_200', 'v_250', 'v_300', 'v_400', 'v_500', 'v_600', 'v_700', 'v_850', 'v_925', 'v_1000', 'w_50', 'w_100', 'w_150', 'w_200', 'w_250', 'w_300', 'w_400', 'w_500', 'w_600', 'w_700', 'w_850', 'w_925', 'w_1000', 'z_50', 'z_100', 'z_150', 'z_200', 'z_250', 'z_300', 'z_400', 'z_500', 'z_600', 'z_700', 'z_850', 'z_925', 'z_1000', '10u', '10v', '2d', '2t', 'lsm', 'msl', 'sdor', 'skt', 'slor', 'sp', 'tcw', 'z', 'cp', 'tp', 'cos_latitude', 'cos_longitude', 'sin_latitude', 'sin_longitude', 'cos_julian_day', 'cos_local_time', 'sin_julian_day', 'sin_local_time', 'insolation']
[2025-10-02 11:22:29,093][anemoi.training.train.train][INFO] - Total number of prognostic variables: 88
[2025-10-02 11:22:29,093][anemoi.training.train.train][INFO] - Total number of auxiliary variables: 13
[2025-10-02 11:22:29,093][anemoi.training.train.train][INFO] - Total GPU count / model group size: 4 - NB: the learning rate will be scaled by this factor!
[2025-10-02 11:22:29,093][anemoi.training.train.train][INFO] - Effective learning rate: 4.000e-04
[2025-10-02 11:22:29,347][anemoi.training.data.datamodule.singledatamodule][WARNING] - Falling back rollout to: 1
[2025-10-02 11:22:29,348][anemoi.training.data.datamodule.singledatamodule][INFO] - Timeincrement set to 1 for data with frequency, 21600, and timestep, 21600
[2025-10-02 11:22:29,351][anemoi.training.train.train][INFO] - Number of data variables: 101
[2025-10-02 11:22:29,351][anemoi.training.train.train][INFO] - Variables: ['q_50', 'q_100', 'q_150', 'q_200', 'q_250', 'q_300', 'q_400', 'q_500', 'q_600', 'q_700', 'q_850', 'q_925', 'q_1000', 't_50', 't_100', 't_150', 't_200', 't_250', 't_300', 't_400', 't_500', 't_600', 't_700', 't_850', 't_925', 't_1000', 'u_50', 'u_100', 'u_150', 'u_200', 'u_250', 'u_300', 'u_400', 'u_500', 'u_600', 'u_700', 'u_850', 'u_925', 'u_1000', 'v_50', 'v_100', 'v_150', 'v_200', 'v_250', 'v_300', 'v_400', 'v_500', 'v_600', 'v_700', 'v_850', 'v_925', 'v_1000', 'w_50', 'w_100', 'w_150', 'w_200', 'w_250', 'w_300', 'w_400', 'w_500', 'w_600', 'w_700', 'w_850', 'w_925', 'w_1000', 'z_50', 'z_100', 'z_150', 'z_200', 'z_250', 'z_300', 'z_400', 'z_500', 'z_600', 'z_700', 'z_850', 'z_925', 'z_1000', '10u', '10v', '2d', '2t', 'lsm', 'msl', 'sdor', 'skt', 'slor', 'sp', 'tcw', 'z', 'cp', 'tp', 'cos_latitude', 'cos_longitude', 'sin_latitude', 'sin_longitude', 'cos_julian_day', 'cos_local_time', 'sin_julian_day', 'sin_local_time', 'insolation']
[2025-10-02 11:22:29,351][anemoi.training.train.train][INFO] - Total number of prognostic variables: 88
[2025-10-02 11:22:29,351][anemoi.training.train.train][INFO] - Total number of auxiliary variables: 13
[2025-10-02 11:22:29,351][anemoi.training.train.train][INFO] - Total GPU count / model group size: 4 - NB: the learning rate will be scaled by this factor!
[2025-10-02 11:22:29,351][anemoi.training.train.train][INFO] - Effective learning rate: 4.000e-04
[2025-10-02 11:22:32,164][anemoi.training.diagnostics.callbacks.plot][INFO] - Setting up asynchronous plotting ...
[2025-10-02 11:22:32,164][anemoi.training.diagnostics.callbacks.plot][INFO] - Setting up asynchronous plotting ...
[2025-10-02 11:22:32,164][anemoi.training.diagnostics.callbacks.plot][INFO] - Setting up asynchronous plotting ...
[2025-10-02 11:22:32,165][anemoi.training.diagnostics.callbacks.plot][INFO] - Setting up asynchronous plotting ...
[2025-10-02 11:22:32,178][anemoi.training.diagnostics.callbacks.plot][INFO] - Setting up asynchronous plotting ...
[2025-10-02 11:22:32,178][anemoi.training.diagnostics.callbacks.plot][INFO] - Setting up asynchronous plotting ...
[2025-10-02 11:22:32,178][anemoi.training.diagnostics.callbacks.plot][INFO] - Setting up asynchronous plotting ...
[2025-10-02 11:22:32,178][anemoi.training.diagnostics.callbacks.plot][INFO] - Using defined accumulation colormap for fields: ['tp', 'cp']
[2025-10-02 11:22:32,178][anemoi.training.diagnostics.callbacks.plot][INFO] - Using defined accumulation colormap for fields: ['tp', 'cp']
[2025-10-02 11:22:32,179][anemoi.training.diagnostics.callbacks.plot][INFO] - Setting up asynchronous plotting ...
[2025-10-02 11:22:32,179][anemoi.training.diagnostics.callbacks.plot][INFO] - Using defined accumulation colormap for fields: ['tp', 'cp']
[2025-10-02 11:22:32,179][anemoi.training.diagnostics.callbacks.plot][INFO] - Using defined accumulation colormap for fields: ['tp', 'cp']
[2025-10-02 11:22:32,195][anemoi.models.migrations.migrator][INFO] - Loading migration 1755530253_initial
[2025-10-02 11:22:32,195][anemoi.models.migrations.migrator][INFO] - Loading migration 1755530253_initial
[2025-10-02 11:22:32,198][anemoi.models.migrations.migrator][INFO] - Loading migration 1755530253_initial
[2025-10-02 11:22:32,201][anemoi.models.migrations.migrator][INFO] - Loading migration 1755530253_initial
[2025-10-02 11:22:32,250][anemoi.training.train.train][INFO] - MLFlow logger enabled
[2025-10-02 11:22:32,250][anemoi.training.train.train][INFO] - MLFlow logger enabled
[2025-10-02 11:22:32,250][anemoi.training.train.train][INFO] - MLFlow logger enabled
[2025-10-02 11:22:32,252][pytorch_lightning.utilities.rank_zero][INFO] - Using 16bit Automatic Mixed Precision (AMP)
[2025-10-02 11:22:32,254][anemoi.training.train.train][INFO] - MLFlow logger enabled
[2025-10-02 11:22:32,269][pytorch_lightning.utilities.rank_zero][INFO] - GPU available: True (cuda), used: True
[2025-10-02 11:22:32,269][pytorch_lightning.utilities.rank_zero][INFO] - TPU available: False, using: 0 TPU cores
[2025-10-02 11:22:32,269][pytorch_lightning.utilities.rank_zero][INFO] - HPU available: False, using: 0 HPUs
[2025-10-02 11:22:32,307][lightning_fabric.utilities.seed][INFO] - [rank: 3] Seed set to 35211185
[2025-10-02 11:22:32,307][lightning_fabric.utilities.seed][INFO] - [rank: 0] Seed set to 35211185
[2025-10-02 11:22:32,307][lightning_fabric.utilities.seed][INFO] - [rank: 2] Seed set to 35211185
[2025-10-02 11:22:32,309][lightning_fabric.utilities.seed][INFO] - [rank: 1] Seed set to 35211185
[2025-10-02 11:22:32,318][anemoi.training.train.train][INFO] - Initial seed: Rank 3, initial seed 35211185, running with random seed: 35211185
[2025-10-02 11:22:32,318][anemoi.training.train.train][INFO] - Initial seed: Rank 2, initial seed 35211185, running with random seed: 35211185
[2025-10-02 11:22:32,318][anemoi.training.train.train][INFO] - Initial seed: Rank 1, initial seed 35211185, running with random seed: 35211185
[2025-10-02 11:22:32,318][anemoi.training.train.train][INFO] - Initial seed: Rank 0, initial seed 35211185, running with random seed: 35211185
[2025-10-02 11:22:52,611][anemoi.models.preprocessing.normalizer][INFO] - Normalizing: lsm is not normalized.
[2025-10-02 11:22:52,611][anemoi.models.preprocessing.normalizer][INFO] - Normalizing: lsm is not normalized.
[2025-10-02 11:22:52,611][anemoi.models.preprocessing.normalizer][INFO] - Normalizing: cos_latitude is not normalized.
[2025-10-02 11:22:52,611][anemoi.models.preprocessing.normalizer][INFO] - Normalizing: cos_latitude is not normalized.
[2025-10-02 11:22:52,611][anemoi.models.preprocessing.normalizer][INFO] - Normalizing: cos_longitude is not normalized.
[2025-10-02 11:22:52,611][anemoi.models.preprocessing.normalizer][INFO] - Normalizing: cos_longitude is not normalized.
[2025-10-02 11:22:52,611][anemoi.models.preprocessing.normalizer][INFO] - Normalizing: sin_latitude is not normalized.
[2025-10-02 11:22:52,611][anemoi.models.preprocessing.normalizer][INFO] - Normalizing: sin_latitude is not normalized.
[2025-10-02 11:22:52,611][anemoi.models.preprocessing.normalizer][INFO] - Normalizing: sin_longitude is not normalized.
[2025-10-02 11:22:52,611][anemoi.models.preprocessing.normalizer][INFO] - Normalizing: sin_longitude is not normalized.
[2025-10-02 11:22:52,611][anemoi.models.preprocessing.normalizer][INFO] - Normalizing: cos_julian_day is not normalized.
[2025-10-02 11:22:52,611][anemoi.models.preprocessing.normalizer][INFO] - Normalizing: cos_julian_day is not normalized.
[2025-10-02 11:22:52,611][anemoi.models.preprocessing.normalizer][INFO] - Normalizing: cos_local_time is not normalized.
[2025-10-02 11:22:52,611][anemoi.models.preprocessing.normalizer][INFO] - Normalizing: cos_local_time is not normalized.
[2025-10-02 11:22:52,611][anemoi.models.preprocessing.normalizer][INFO] - Normalizing: sin_julian_day is not normalized.
[2025-10-02 11:22:52,611][anemoi.models.preprocessing.normalizer][INFO] - Normalizing: sin_julian_day is not normalized.
[2025-10-02 11:22:52,611][anemoi.models.preprocessing.normalizer][INFO] - Normalizing: sin_local_time is not normalized.
[2025-10-02 11:22:52,611][anemoi.models.preprocessing.normalizer][INFO] - Normalizing: sin_local_time is not normalized.
[2025-10-02 11:22:52,611][anemoi.models.preprocessing.normalizer][INFO] - Normalizing: insolation is not normalized.
[2025-10-02 11:22:52,611][anemoi.models.preprocessing.normalizer][INFO] - Normalizing: insolation is not normalized.
[2025-10-02 11:22:52,612][anemoi.models.preprocessing.normalizer][INFO] - Normalizing: lsm is not normalized.
[2025-10-02 11:22:52,612][anemoi.models.preprocessing.normalizer][INFO] - Normalizing: cos_latitude is not normalized.
[2025-10-02 11:22:52,612][anemoi.models.preprocessing.normalizer][INFO] - Normalizing: cos_longitude is not normalized.
[2025-10-02 11:22:52,612][anemoi.models.preprocessing.normalizer][INFO] - Normalizing: sin_latitude is not normalized.
[2025-10-02 11:22:52,612][anemoi.models.preprocessing.normalizer][INFO] - Normalizing: sin_longitude is not normalized.
[2025-10-02 11:22:52,612][anemoi.models.preprocessing.normalizer][INFO] - Normalizing: cos_julian_day is not normalized.
[2025-10-02 11:22:52,612][anemoi.models.preprocessing.normalizer][INFO] - Normalizing: cos_local_time is not normalized.
[2025-10-02 11:22:52,612][anemoi.models.preprocessing.normalizer][INFO] - Normalizing: sin_julian_day is not normalized.
[2025-10-02 11:22:52,612][anemoi.models.preprocessing.normalizer][INFO] - Normalizing: sin_local_time is not normalized.
[2025-10-02 11:22:52,612][anemoi.models.preprocessing.normalizer][INFO] - Normalizing: insolation is not normalized.
[2025-10-02 11:22:52,641][anemoi.models.preprocessing.normalizer][INFO] - Normalizing: lsm is not normalized.
[2025-10-02 11:22:52,641][anemoi.models.preprocessing.normalizer][INFO] - Normalizing: cos_latitude is not normalized.
[2025-10-02 11:22:52,641][anemoi.models.preprocessing.normalizer][INFO] - Normalizing: cos_longitude is not normalized.
[2025-10-02 11:22:52,641][anemoi.models.preprocessing.normalizer][INFO] - Normalizing: sin_latitude is not normalized.
[2025-10-02 11:22:52,641][anemoi.models.preprocessing.normalizer][INFO] - Normalizing: sin_longitude is not normalized.
[2025-10-02 11:22:52,641][anemoi.models.preprocessing.normalizer][INFO] - Normalizing: cos_julian_day is not normalized.
[2025-10-02 11:22:52,641][anemoi.models.preprocessing.normalizer][INFO] - Normalizing: cos_local_time is not normalized.
[2025-10-02 11:22:52,641][anemoi.models.preprocessing.normalizer][INFO] - Normalizing: sin_julian_day is not normalized.
[2025-10-02 11:22:52,641][anemoi.models.preprocessing.normalizer][INFO] - Normalizing: sin_local_time is not normalized.
[2025-10-02 11:22:52,641][anemoi.models.preprocessing.normalizer][INFO] - Normalizing: insolation is not normalized.
[2025-10-02 11:22:52,688][anemoi.models.layers.utils][INFO] - Linear kernel: torch.nn.Linear.
[2025-10-02 11:22:52,689][anemoi.models.layers.utils][INFO] - LayerNorm kernel: torch.nn.LayerNorm.
[2025-10-02 11:22:52,690][anemoi.models.layers.utils][INFO] - Activation kernel: torch.nn.GELU.
[2025-10-02 11:22:52,690][anemoi.models.layers.utils][INFO] - Linear kernel: torch.nn.Linear.
[2025-10-02 11:22:52,691][anemoi.models.layers.utils][INFO] - LayerNorm kernel: torch.nn.LayerNorm.
[2025-10-02 11:22:52,692][anemoi.models.layers.utils][INFO] - Activation kernel: torch.nn.GELU.
[2025-10-02 11:22:52,695][anemoi.models.layers.utils][INFO] - Linear kernel: torch.nn.Linear.
[2025-10-02 11:22:52,696][anemoi.models.layers.utils][INFO] - LayerNorm kernel: torch.nn.LayerNorm.
[2025-10-02 11:22:52,697][anemoi.models.layers.utils][INFO] - Activation kernel: torch.nn.GELU.
[2025-10-02 11:22:52,697][anemoi.models.layers.utils][INFO] - QueryNorm kernel: anemoi.models.layers.normalization.AutocastLayerNorm.
[2025-10-02 11:22:52,697][anemoi.models.layers.utils][INFO] - QueryNorm kernel: anemoi.models.layers.normalization.AutocastLayerNorm.
[2025-10-02 11:22:52,697][anemoi.models.layers.utils][INFO] - KeyNorm kernel: anemoi.models.layers.normalization.AutocastLayerNorm.
[2025-10-02 11:22:52,697][anemoi.models.layers.utils][INFO] - KeyNorm kernel: anemoi.models.layers.normalization.AutocastLayerNorm.
[2025-10-02 11:22:52,699][anemoi.models.layers.utils][INFO] - QueryNorm kernel: anemoi.models.layers.normalization.AutocastLayerNorm.
[2025-10-02 11:22:52,700][anemoi.models.layers.utils][INFO] - KeyNorm kernel: anemoi.models.layers.normalization.AutocastLayerNorm.
[2025-10-02 11:22:52,721][anemoi.models.layers.utils][INFO] - Linear kernel: torch.nn.Linear.
[2025-10-02 11:22:52,721][anemoi.models.layers.utils][INFO] - LayerNorm kernel: torch.nn.LayerNorm.
[2025-10-02 11:22:52,722][anemoi.models.layers.utils][INFO] - Activation kernel: torch.nn.GELU.
[2025-10-02 11:22:52,724][anemoi.models.layers.utils][INFO] - QueryNorm kernel: anemoi.models.layers.normalization.AutocastLayerNorm.
[2025-10-02 11:22:52,724][anemoi.models.layers.utils][INFO] - KeyNorm kernel: anemoi.models.layers.normalization.AutocastLayerNorm.
[2025-10-02 11:22:52,748][anemoi.models.layers.utils][INFO] - Linear kernel: torch.nn.Linear.
[2025-10-02 11:22:52,748][anemoi.models.layers.utils][INFO] - Linear kernel: torch.nn.Linear.
[2025-10-02 11:22:52,748][anemoi.models.layers.utils][INFO] - Linear kernel: torch.nn.Linear.
[2025-10-02 11:22:52,749][anemoi.models.layers.utils][INFO] - LayerNorm kernel: torch.nn.LayerNorm.
[2025-10-02 11:22:52,749][anemoi.models.layers.utils][INFO] - LayerNorm kernel: torch.nn.LayerNorm.
[2025-10-02 11:22:52,749][anemoi.models.layers.utils][INFO] - LayerNorm kernel: torch.nn.LayerNorm.
[2025-10-02 11:22:52,749][anemoi.models.layers.utils][INFO] - Activation kernel: torch.nn.GELU.
[2025-10-02 11:22:52,749][anemoi.models.layers.utils][INFO] - Activation kernel: torch.nn.GELU.
[2025-10-02 11:22:52,750][anemoi.models.layers.utils][INFO] - Activation kernel: torch.nn.GELU.
[2025-10-02 11:22:52,750][anemoi.models.layers.utils][INFO] - QueryNorm kernel: anemoi.models.layers.normalization.AutocastLayerNorm.
[2025-10-02 11:22:52,750][anemoi.models.layers.utils][INFO] - QueryNorm kernel: anemoi.models.layers.normalization.AutocastLayerNorm.
[2025-10-02 11:22:52,750][anemoi.models.layers.utils][INFO] - QueryNorm kernel: anemoi.models.layers.normalization.AutocastLayerNorm.
[2025-10-02 11:22:52,750][anemoi.models.layers.utils][INFO] - KeyNorm kernel: anemoi.models.layers.normalization.AutocastLayerNorm.
[2025-10-02 11:22:52,751][anemoi.models.layers.utils][INFO] - KeyNorm kernel: anemoi.models.layers.normalization.AutocastLayerNorm.
[2025-10-02 11:22:52,751][anemoi.models.layers.utils][INFO] - KeyNorm kernel: anemoi.models.layers.normalization.AutocastLayerNorm.
[2025-10-02 11:22:52,771][anemoi.models.layers.utils][INFO] - Linear kernel: torch.nn.Linear.
[2025-10-02 11:22:52,772][anemoi.models.layers.utils][INFO] - LayerNorm kernel: torch.nn.LayerNorm.
[2025-10-02 11:22:52,773][anemoi.models.layers.utils][INFO] - Activation kernel: torch.nn.GELU.
[2025-10-02 11:22:52,773][anemoi.models.layers.utils][INFO] - QueryNorm kernel: anemoi.models.layers.normalization.AutocastLayerNorm.
[2025-10-02 11:22:52,774][anemoi.models.layers.utils][INFO] - KeyNorm kernel: anemoi.models.layers.normalization.AutocastLayerNorm.
[2025-10-02 11:22:52,811][anemoi.models.layers.attention][INFO] - Using flash attention v2
[2025-10-02 11:22:52,816][anemoi.models.layers.attention][INFO] - Using flash attention v2
[2025-10-02 11:22:52,820][anemoi.models.layers.attention][INFO] - Using flash attention v2
[2025-10-02 11:22:52,824][anemoi.models.layers.attention][INFO] - Using flash attention v2
[2025-10-02 11:22:52,829][anemoi.models.layers.attention][INFO] - Using flash attention v2
[2025-10-02 11:22:52,830][anemoi.models.layers.attention][INFO] - Using flash attention v2
[2025-10-02 11:22:52,830][anemoi.models.layers.attention][INFO] - Using flash attention v2
[2025-10-02 11:22:52,830][anemoi.models.layers.attention][INFO] - Using flash attention v2
[2025-10-02 11:22:52,833][anemoi.models.layers.attention][INFO] - Using flash attention v2
[2025-10-02 11:22:52,834][anemoi.models.layers.attention][INFO] - Using flash attention v2
[2025-10-02 11:22:52,835][anemoi.models.layers.attention][INFO] - Using flash attention v2
[2025-10-02 11:22:52,835][anemoi.models.layers.attention][INFO] - Using flash attention v2
[2025-10-02 11:22:52,837][anemoi.models.layers.attention][INFO] - Using flash attention v2
[2025-10-02 11:22:52,839][anemoi.models.layers.attention][INFO] - Using flash attention v2
[2025-10-02 11:22:52,839][anemoi.models.layers.attention][INFO] - Using flash attention v2
[2025-10-02 11:22:52,839][anemoi.models.layers.attention][INFO] - Using flash attention v2
[2025-10-02 11:22:52,842][anemoi.models.layers.attention][INFO] - Using flash attention v2
[2025-10-02 11:22:52,843][anemoi.models.layers.attention][INFO] - Using flash attention v2
[2025-10-02 11:22:52,843][anemoi.models.layers.attention][INFO] - Using flash attention v2
[2025-10-02 11:22:52,843][anemoi.models.layers.attention][INFO] - Using flash attention v2
[2025-10-02 11:22:52,846][anemoi.models.layers.attention][INFO] - Using flash attention v2
[2025-10-02 11:22:52,848][anemoi.models.layers.attention][INFO] - Using flash attention v2
[2025-10-02 11:22:52,848][anemoi.models.layers.attention][INFO] - Using flash attention v2
[2025-10-02 11:22:52,848][anemoi.models.layers.attention][INFO] - Using flash attention v2
[2025-10-02 11:22:52,850][anemoi.models.layers.attention][INFO] - Using flash attention v2
[2025-10-02 11:22:52,852][anemoi.models.layers.attention][INFO] - Using flash attention v2
[2025-10-02 11:22:52,852][anemoi.models.layers.attention][INFO] - Using flash attention v2
[2025-10-02 11:22:52,852][anemoi.models.layers.attention][INFO] - Using flash attention v2
[2025-10-02 11:22:52,855][anemoi.models.layers.attention][INFO] - Using flash attention v2
[2025-10-02 11:22:52,856][anemoi.models.layers.attention][INFO] - Using flash attention v2
[2025-10-02 11:22:52,857][anemoi.models.layers.attention][INFO] - Using flash attention v2
[2025-10-02 11:22:52,857][anemoi.models.layers.attention][INFO] - Using flash attention v2
[2025-10-02 11:22:52,859][anemoi.models.layers.attention][INFO] - Using flash attention v2
[2025-10-02 11:22:52,861][anemoi.models.layers.attention][INFO] - Using flash attention v2
[2025-10-02 11:22:52,861][anemoi.models.layers.attention][INFO] - Using flash attention v2
[2025-10-02 11:22:52,861][anemoi.models.layers.attention][INFO] - Using flash attention v2
[2025-10-02 11:22:52,863][anemoi.models.layers.attention][INFO] - Using flash attention v2
[2025-10-02 11:22:52,865][anemoi.models.layers.attention][INFO] - Using flash attention v2
[2025-10-02 11:22:52,865][anemoi.models.layers.attention][INFO] - Using flash attention v2
[2025-10-02 11:22:52,866][anemoi.models.layers.attention][INFO] - Using flash attention v2
[2025-10-02 11:22:52,868][anemoi.models.layers.attention][INFO] - Using flash attention v2
[2025-10-02 11:22:52,869][anemoi.models.layers.attention][INFO] - Using flash attention v2
[2025-10-02 11:22:52,870][anemoi.models.layers.attention][INFO] - Using flash attention v2
[2025-10-02 11:22:52,870][anemoi.models.layers.attention][INFO] - Using flash attention v2
[2025-10-02 11:22:52,872][anemoi.models.layers.attention][INFO] - Using flash attention v2
[2025-10-02 11:22:52,873][anemoi.models.layers.attention][INFO] - Using flash attention v2
[2025-10-02 11:22:52,874][anemoi.models.layers.attention][INFO] - Using flash attention v2
[2025-10-02 11:22:52,874][anemoi.models.layers.attention][INFO] - Using flash attention v2
[2025-10-02 11:22:52,876][anemoi.models.layers.attention][INFO] - Using flash attention v2
[2025-10-02 11:22:52,878][anemoi.models.layers.attention][INFO] - Using flash attention v2
[2025-10-02 11:22:52,878][anemoi.models.layers.attention][INFO] - Using flash attention v2
[2025-10-02 11:22:52,879][anemoi.models.layers.attention][INFO] - Using flash attention v2
[2025-10-02 11:22:52,882][anemoi.models.layers.attention][INFO] - Using flash attention v2
[2025-10-02 11:22:52,883][anemoi.models.layers.attention][INFO] - Using flash attention v2
[2025-10-02 11:22:52,883][anemoi.models.layers.attention][INFO] - Using flash attention v2
[2025-10-02 11:22:52,886][anemoi.models.layers.utils][INFO] - Linear kernel: torch.nn.Linear.
[2025-10-02 11:22:52,886][anemoi.models.layers.attention][INFO] - Using flash attention v2
[2025-10-02 11:22:52,887][anemoi.models.layers.utils][INFO] - LayerNorm kernel: torch.nn.LayerNorm.
[2025-10-02 11:22:52,887][anemoi.models.layers.attention][INFO] - Using flash attention v2
[2025-10-02 11:22:52,887][anemoi.models.layers.utils][INFO] - Activation kernel: torch.nn.GELU.
[2025-10-02 11:22:52,888][anemoi.models.layers.attention][INFO] - Using flash attention v2
[2025-10-02 11:22:52,888][anemoi.models.layers.utils][INFO] - QueryNorm kernel: anemoi.models.layers.normalization.AutocastLayerNorm.
[2025-10-02 11:22:52,889][anemoi.models.layers.utils][INFO] - KeyNorm kernel: anemoi.models.layers.normalization.AutocastLayerNorm.
[2025-10-02 11:22:52,891][anemoi.models.layers.attention][INFO] - Using flash attention v2
[2025-10-02 11:22:52,891][anemoi.models.layers.attention][INFO] - Using flash attention v2
[2025-10-02 11:22:52,892][anemoi.models.layers.attention][INFO] - Using flash attention v2
[2025-10-02 11:22:52,895][anemoi.models.layers.attention][INFO] - Using flash attention v2
[2025-10-02 11:22:52,896][anemoi.models.layers.attention][INFO] - Using flash attention v2
[2025-10-02 11:22:52,896][anemoi.models.layers.attention][INFO] - Using flash attention v2
[2025-10-02 11:22:52,905][anemoi.models.layers.utils][INFO] - Linear kernel: torch.nn.Linear.
[2025-10-02 11:22:52,906][anemoi.models.layers.utils][INFO] - Linear kernel: torch.nn.Linear.
[2025-10-02 11:22:52,906][anemoi.models.layers.utils][INFO] - LayerNorm kernel: torch.nn.LayerNorm.
[2025-10-02 11:22:52,906][anemoi.models.layers.utils][INFO] - Linear kernel: torch.nn.Linear.
[2025-10-02 11:22:52,906][anemoi.models.layers.utils][INFO] - LayerNorm kernel: torch.nn.LayerNorm.
[2025-10-02 11:22:52,906][anemoi.models.layers.utils][INFO] - Activation kernel: torch.nn.GELU.
[2025-10-02 11:22:52,907][anemoi.models.layers.utils][INFO] - LayerNorm kernel: torch.nn.LayerNorm.
[2025-10-02 11:22:52,907][anemoi.models.layers.utils][INFO] - Activation kernel: torch.nn.GELU.
[2025-10-02 11:22:52,907][anemoi.models.layers.utils][INFO] - QueryNorm kernel: anemoi.models.layers.normalization.AutocastLayerNorm.
[2025-10-02 11:22:52,907][anemoi.models.layers.utils][INFO] - Activation kernel: torch.nn.GELU.
[2025-10-02 11:22:52,907][anemoi.models.layers.utils][INFO] - QueryNorm kernel: anemoi.models.layers.normalization.AutocastLayerNorm.
[2025-10-02 11:22:52,908][anemoi.models.layers.utils][INFO] - KeyNorm kernel: anemoi.models.layers.normalization.AutocastLayerNorm.
[2025-10-02 11:22:52,908][anemoi.models.layers.utils][INFO] - QueryNorm kernel: anemoi.models.layers.normalization.AutocastLayerNorm.
[2025-10-02 11:22:52,908][anemoi.models.layers.utils][INFO] - KeyNorm kernel: anemoi.models.layers.normalization.AutocastLayerNorm.
[2025-10-02 11:22:52,909][anemoi.models.layers.utils][INFO] - KeyNorm kernel: anemoi.models.layers.normalization.AutocastLayerNorm.
[2025-10-02 11:22:52,993][anemoi.training.losses.scalers.variable_level][INFO] - Variable Level Scaling: Applying ReluVariableLevelScaler scaling to pl variables ({'param': ['q', 't', 'u', 'v', 'w', 'z']})
[2025-10-02 11:22:52,993][anemoi.training.losses.scalers.variable_level][INFO] - with slope = 0.001 and y-intercept/minimum = 0.2.
[2025-10-02 11:22:53,009][anemoi.training.losses.scalers.variable_level][INFO] - Variable Level Scaling: Applying ReluVariableLevelScaler scaling to pl variables ({'param': ['q', 't', 'u', 'v', 'w', 'z']})
[2025-10-02 11:22:53,009][anemoi.training.losses.scalers.variable_level][INFO] - with slope = 0.001 and y-intercept/minimum = 0.2.
[2025-10-02 11:22:53,011][anemoi.training.losses.scalers.variable_level][INFO] - Variable Level Scaling: Applying ReluVariableLevelScaler scaling to pl variables ({'param': ['q', 't', 'u', 'v', 'w', 'z']})
[2025-10-02 11:22:53,011][anemoi.training.losses.scalers.variable_level][INFO] - with slope = 0.001 and y-intercept/minimum = 0.2.
[2025-10-02 11:22:53,016][anemoi.training.losses.scalers.variable_level][INFO] - Variable Level Scaling: Applying ReluVariableLevelScaler scaling to pl variables ({'param': ['q', 't', 'u', 'v', 'w', 'z']})
[2025-10-02 11:22:53,016][anemoi.training.losses.scalers.variable_level][INFO] - with slope = 0.001 and y-intercept/minimum = 0.2.
[2025-10-02 11:22:53,066][anemoi.training.train.train][INFO] - The following submodules will NOT be trained: []
[2025-10-02 11:22:53,078][anemoi.training.train.train][INFO] - The following submodules will NOT be trained: []
[2025-10-02 11:22:53,081][anemoi.training.train.train][INFO] - The following submodules will NOT be trained: []
[2025-10-02 11:22:53,084][anemoi.training.train.train][INFO] - The following submodules will NOT be trained: []
[2025-10-02 11:22:56,597][anemoi.training.utils.compile][INFO] - The following modules will be compiled: ['anemoi.models.layers.conv.GraphTransformerConv']
[2025-10-02 11:22:56,598][anemoi.training.utils.compile][INFO] - The following modules will be compiled: ['anemoi.models.layers.conv.GraphTransformerConv']
[2025-10-02 11:22:56,598][anemoi.training.utils.compile][INFO] - The following modules will be compiled: ['anemoi.models.layers.conv.GraphTransformerConv']
[2025-10-02 11:22:56,637][lightning_fabric.utilities.distributed][INFO] - Initializing distributed: GLOBAL_RANK: 2, MEMBER: 3/4
[2025-10-02 11:22:56,637][lightning_fabric.utilities.distributed][INFO] - Initializing distributed: GLOBAL_RANK: 1, MEMBER: 2/4
[2025-10-02 11:22:56,637][lightning_fabric.utilities.distributed][INFO] - Initializing distributed: GLOBAL_RANK: 3, MEMBER: 4/4
[2025-10-02 11:22:56,804][anemoi.training.utils.compile][INFO] - The following modules will be compiled: ['anemoi.models.layers.conv.GraphTransformerConv']
[2025-10-02 11:22:56,822][lightning_fabric.utilities.distributed][INFO] - Initializing distributed: GLOBAL_RANK: 0, MEMBER: 1/4
[2025-10-02 11:22:57,951][pytorch_lightning.utilities.rank_zero][INFO] - ----------------------------------------------------------------------------------------------------
distributed_backend=nccl
All distributed processes registered. Starting with 4 processes
----------------------------------------------------------------------------------------------------

[2025-10-02 11:22:58,089][pytorch_lightning.accelerators.cuda][INFO] - LOCAL_RANK: 3 - CUDA_VISIBLE_DEVICES: [0,1,2,3]
[2025-10-02 11:22:58,089][pytorch_lightning.accelerators.cuda][INFO] - LOCAL_RANK: 1 - CUDA_VISIBLE_DEVICES: [0,1,2,3]
[2025-10-02 11:22:58,089][pytorch_lightning.accelerators.cuda][INFO] - LOCAL_RANK: 0 - CUDA_VISIBLE_DEVICES: [0,1,2,3]
[2025-10-02 11:22:58,089][pytorch_lightning.accelerators.cuda][INFO] - LOCAL_RANK: 2 - CUDA_VISIBLE_DEVICES: [0,1,2,3]
[2025-10-02 11:22:58,585][lightning_fabric.utilities.seed][INFO] - [rank: 3] Seed set to 140844740
[2025-10-02 11:22:58,585][lightning_fabric.utilities.seed][INFO] - [rank: 2] Seed set to 105633555
[2025-10-02 11:22:58,585][lightning_fabric.utilities.seed][INFO] - [rank: 1] Seed set to 70422370
[2025-10-02 11:22:58,585][lightning_fabric.utilities.seed][INFO] - [rank: 0] Seed set to 35211185
[2025-10-02 11:22:58,594][pytorch_lightning.callbacks.model_summary][INFO] - 
  | Name    | Type                 | Params | Mode 
---------------------------------------------------------
0 | model   | AnemoiModelInterface | 15.0 M | train
1 | loss    | MSELoss              | 0      | train
2 | metrics | ModuleDict           | 0      | train
---------------------------------------------------------
15.0 M    Trainable params
0         Non-trainable params
15.0 M    Total params
59.997    Total estimated model params size (MB)
286       Modules in train mode
0         Modules in eval mode
[2025-10-02 11:22:58,653][anemoi.training.diagnostics.mlflow.logger][INFO] - Logging 492 parameters
[2025-10-02 11:23:09,059][pytorch_lightning.trainer.connectors.signal_connector][INFO] - SLURM auto-requeueing enabled. Setting signal handlers.
[2025-10-02 11:23:09,059][pytorch_lightning.trainer.connectors.signal_connector][INFO] - SLURM auto-requeueing enabled. Setting signal handlers.
[2025-10-02 11:23:09,059][pytorch_lightning.trainer.connectors.signal_connector][INFO] - SLURM auto-requeueing enabled. Setting signal handlers.
[2025-10-02 11:23:09,059][pytorch_lightning.trainer.connectors.signal_connector][INFO] - SLURM auto-requeueing enabled. Setting signal handlers.
[2025-10-02 11:23:09,636][anemoi.training.data.datamodule.singledatamodule][WARNING] - Falling back rollout to: 1
[2025-10-02 11:23:09,639][anemoi.training.data.datamodule.singledatamodule][WARNING] - Falling back rollout to: 1
[2025-10-02 11:23:09,640][anemoi.training.data.datamodule.singledatamodule][WARNING] - Falling back rollout to: 1
[2025-10-02 11:23:09,648][anemoi.training.data.datamodule.singledatamodule][WARNING] - Falling back rollout to: 1
[2025-10-02 11:23:09,687][anemoi.training.data.dataset.singledataset][INFO] - Worker 0 (pid 2150631, global_rank 2, model comm group 2)  has low/high range 728 / 773
[2025-10-02 11:23:09,687][anemoi.training.data.dataset.singledataset][INFO] - Worker 0 (pid 2150630, global_rank 1, model comm group 1)  has low/high range 364 / 409
[2025-10-02 11:23:09,687][anemoi.training.data.dataset.singledataset][INFO] - Worker 0 (pid 2150632, global_rank 0, model comm group 0)  has low/high range 0 / 45
[2025-10-02 11:23:09,688][anemoi.training.data.dataset.singledataset][INFO] - Worker 0 (pid 2150636, global_rank 3, model comm group 3)  has low/high range 1092 / 1137
[2025-10-02 11:23:09,690][anemoi.training.data.dataset.singledataset][INFO] - Worker 0 (validation, pid 2150630, glob. rank 1, model comm group 1, group_rank 0, seed group id 1, base_seed 35211185, sanity rnd 0.849092)
[2025-10-02 11:23:09,693][anemoi.training.data.dataset.singledataset][INFO] - Worker 0 (validation, pid 2150636, glob. rank 3, model comm group 3, group_rank 0, seed group id 3, base_seed 35211185, sanity rnd 0.849092)
[2025-10-02 11:23:09,694][anemoi.training.data.dataset.singledataset][INFO] - Worker 0 (validation, pid 2150632, glob. rank 0, model comm group 0, group_rank 0, seed group id 0, base_seed 35211185, sanity rnd 0.849092)
[2025-10-02 11:23:09,697][anemoi.training.data.dataset.singledataset][INFO] - Worker 0 (validation, pid 2150631, glob. rank 2, model comm group 2, group_rank 0, seed group id 2, base_seed 35211185, sanity rnd 0.849092)
[2025-10-02 11:23:09,709][anemoi.training.data.dataset.singledataset][INFO] - Worker 1 (pid 2150638, global_rank 1, model comm group 1)  has low/high range 409 / 454
[2025-10-02 11:23:09,710][anemoi.training.data.dataset.singledataset][INFO] - Worker 1 (pid 2150639, global_rank 2, model comm group 2)  has low/high range 773 / 818
[2025-10-02 11:23:09,711][anemoi.training.data.dataset.singledataset][INFO] - Worker 1 (validation, pid 2150638, glob. rank 1, model comm group 1, group_rank 0, seed group id 1, base_seed 35211185, sanity rnd 0.849092)
[2025-10-02 11:23:09,711][anemoi.training.data.dataset.singledataset][INFO] - Worker 1 (pid 2150641, global_rank 0, model comm group 0)  has low/high range 45 / 90
[2025-10-02 11:23:09,714][anemoi.training.data.dataset.singledataset][INFO] - Worker 1 (validation, pid 2150641, glob. rank 0, model comm group 0, group_rank 0, seed group id 0, base_seed 35211185, sanity rnd 0.849092)
[2025-10-02 11:23:09,715][anemoi.training.data.dataset.singledataset][INFO] - Worker 1 (validation, pid 2150639, glob. rank 2, model comm group 2, group_rank 0, seed group id 2, base_seed 35211185, sanity rnd 0.849092)
[2025-10-02 11:23:09,719][anemoi.training.data.dataset.singledataset][INFO] - Worker 1 (pid 2150644, global_rank 3, model comm group 3)  has low/high range 1137 / 1182
[2025-10-02 11:23:09,725][anemoi.training.data.dataset.singledataset][INFO] - Worker 1 (validation, pid 2150644, glob. rank 3, model comm group 3, group_rank 0, seed group id 3, base_seed 35211185, sanity rnd 0.849092)
[2025-10-02 11:23:09,737][anemoi.training.data.dataset.singledataset][INFO] - Worker 2 (pid 2150646, global_rank 0, model comm group 0)  has low/high range 90 / 135
[2025-10-02 11:23:09,740][anemoi.training.data.dataset.singledataset][INFO] - Worker 2 (validation, pid 2150646, glob. rank 0, model comm group 0, group_rank 0, seed group id 0, base_seed 35211185, sanity rnd 0.849092)
[2025-10-02 11:23:09,764][anemoi.training.data.dataset.singledataset][INFO] - Worker 3 (pid 2150648, global_rank 0, model comm group 0)  has low/high range 135 / 180
[2025-10-02 11:23:09,767][anemoi.training.data.dataset.singledataset][INFO] - Worker 3 (validation, pid 2150648, glob. rank 0, model comm group 0, group_rank 0, seed group id 0, base_seed 35211185, sanity rnd 0.849092)
[2025-10-02 11:23:09,791][anemoi.training.data.dataset.singledataset][INFO] - Worker 4 (pid 2150650, global_rank 0, model comm group 0)  has low/high range 180 / 225
[2025-10-02 11:23:09,799][anemoi.training.data.dataset.singledataset][INFO] - Worker 4 (validation, pid 2150650, glob. rank 0, model comm group 0, group_rank 0, seed group id 0, base_seed 35211185, sanity rnd 0.849092)
[2025-10-02 11:23:09,818][anemoi.training.data.dataset.singledataset][INFO] - Worker 5 (pid 2150652, global_rank 0, model comm group 0)  has low/high range 225 / 270
[2025-10-02 11:23:09,820][anemoi.training.data.dataset.singledataset][INFO] - Worker 5 (validation, pid 2150652, glob. rank 0, model comm group 0, group_rank 0, seed group id 0, base_seed 35211185, sanity rnd 0.849092)
[2025-10-02 11:23:09,822][anemoi.training.data.dataset.singledataset][INFO] - Worker 2 (pid 2150654, global_rank 1, model comm group 1)  has low/high range 454 / 499
[2025-10-02 11:23:09,822][anemoi.training.data.dataset.singledataset][INFO] - Worker 2 (pid 2150655, global_rank 2, model comm group 2)  has low/high range 818 / 863
[2025-10-02 11:23:09,826][anemoi.training.data.dataset.singledataset][INFO] - Worker 2 (validation, pid 2150655, glob. rank 2, model comm group 2, group_rank 0, seed group id 2, base_seed 35211185, sanity rnd 0.849092)
[2025-10-02 11:23:09,827][anemoi.training.data.dataset.singledataset][INFO] - Worker 2 (validation, pid 2150654, glob. rank 1, model comm group 1, group_rank 0, seed group id 1, base_seed 35211185, sanity rnd 0.849092)
[2025-10-02 11:23:09,829][anemoi.training.data.dataset.singledataset][INFO] - Worker 2 (pid 2150658, global_rank 3, model comm group 3)  has low/high range 1182 / 1227
[2025-10-02 11:23:09,831][anemoi.training.data.dataset.singledataset][INFO] - Worker 2 (validation, pid 2150658, glob. rank 3, model comm group 3, group_rank 0, seed group id 3, base_seed 35211185, sanity rnd 0.849092)
[2025-10-02 11:23:09,844][anemoi.training.data.dataset.singledataset][INFO] - Worker 6 (pid 2150660, global_rank 0, model comm group 0)  has low/high range 270 / 315
[2025-10-02 11:23:09,848][anemoi.training.data.dataset.singledataset][INFO] - Worker 3 (pid 2150663, global_rank 2, model comm group 2)  has low/high range 863 / 908
[2025-10-02 11:23:09,848][anemoi.training.data.dataset.singledataset][INFO] - Worker 3 (pid 2150662, global_rank 1, model comm group 1)  has low/high range 499 / 544
[2025-10-02 11:23:09,850][anemoi.training.data.dataset.singledataset][INFO] - Worker 6 (validation, pid 2150660, glob. rank 0, model comm group 0, group_rank 0, seed group id 0, base_seed 35211185, sanity rnd 0.849092)
[2025-10-02 11:23:09,850][anemoi.training.data.dataset.singledataset][INFO] - Worker 3 (validation, pid 2150663, glob. rank 2, model comm group 2, group_rank 0, seed group id 2, base_seed 35211185, sanity rnd 0.849092)
[2025-10-02 11:23:09,852][anemoi.training.data.dataset.singledataset][INFO] - Worker 3 (validation, pid 2150662, glob. rank 1, model comm group 1, group_rank 0, seed group id 1, base_seed 35211185, sanity rnd 0.849092)
[2025-10-02 11:23:09,863][anemoi.training.data.dataset.singledataset][INFO] - Worker 3 (pid 2150666, global_rank 3, model comm group 3)  has low/high range 1227 / 1272
[2025-10-02 11:23:09,866][anemoi.training.data.dataset.singledataset][INFO] - Worker 3 (validation, pid 2150666, glob. rank 3, model comm group 3, group_rank 0, seed group id 3, base_seed 35211185, sanity rnd 0.849092)
[2025-10-02 11:23:09,873][anemoi.training.data.dataset.singledataset][INFO] - Worker 7 (pid 2150668, global_rank 0, model comm group 0)  has low/high range 315 / 360
[2025-10-02 11:23:09,873][anemoi.models.data_indices.collection][INFO] - The order of the variables in the model matches the order in the data.
[2025-10-02 11:23:09,874][anemoi.training.data.dataset.singledataset][INFO] - Worker 4 (pid 2150676, global_rank 1, model comm group 1)  has low/high range 544 / 589
[2025-10-02 11:23:09,874][anemoi.training.data.dataset.singledataset][INFO] - Worker 4 (pid 2150677, global_rank 2, model comm group 2)  has low/high range 908 / 953
[2025-10-02 11:23:09,876][anemoi.training.data.dataset.singledataset][INFO] - Worker 7 (validation, pid 2150668, glob. rank 0, model comm group 0, group_rank 0, seed group id 0, base_seed 35211185, sanity rnd 0.849092)
[2025-10-02 11:23:09,877][anemoi.training.data.dataset.singledataset][INFO] - Worker 4 (validation, pid 2150676, glob. rank 1, model comm group 1, group_rank 0, seed group id 1, base_seed 35211185, sanity rnd 0.849092)
[2025-10-02 11:23:09,879][anemoi.training.data.dataset.singledataset][INFO] - Worker 4 (validation, pid 2150677, glob. rank 2, model comm group 2, group_rank 0, seed group id 2, base_seed 35211185, sanity rnd 0.849092)
[2025-10-02 11:23:09,895][anemoi.training.data.dataset.singledataset][INFO] - Worker 4 (pid 2150683, global_rank 3, model comm group 3)  has low/high range 1272 / 1317
[2025-10-02 11:23:09,901][anemoi.training.data.dataset.singledataset][INFO] - Worker 4 (validation, pid 2150683, glob. rank 3, model comm group 3, group_rank 0, seed group id 3, base_seed 35211185, sanity rnd 0.849092)
[2025-10-02 11:23:09,902][anemoi.training.data.dataset.singledataset][INFO] - Worker 5 (pid 2150685, global_rank 1, model comm group 1)  has low/high range 589 / 634
[2025-10-02 11:23:09,902][anemoi.training.data.dataset.singledataset][INFO] - Worker 5 (pid 2150686, global_rank 2, model comm group 2)  has low/high range 953 / 998
[2025-10-02 11:23:09,904][anemoi.training.data.dataset.singledataset][INFO] - Worker 5 (validation, pid 2150686, glob. rank 2, model comm group 2, group_rank 0, seed group id 2, base_seed 35211185, sanity rnd 0.849092)
[2025-10-02 11:23:09,907][anemoi.training.data.dataset.singledataset][INFO] - Worker 5 (validation, pid 2150685, glob. rank 1, model comm group 1, group_rank 0, seed group id 1, base_seed 35211185, sanity rnd 0.849092)
[2025-10-02 11:23:09,926][anemoi.training.data.dataset.singledataset][INFO] - Worker 5 (pid 2150689, global_rank 3, model comm group 3)  has low/high range 1317 / 1362
[2025-10-02 11:23:09,928][anemoi.training.data.dataset.singledataset][INFO] - Worker 6 (pid 2150690, global_rank 2, model comm group 2)  has low/high range 998 / 1043
[2025-10-02 11:23:09,929][anemoi.training.data.dataset.singledataset][INFO] - Worker 6 (pid 2150692, global_rank 1, model comm group 1)  has low/high range 634 / 679
[2025-10-02 11:23:09,930][anemoi.training.data.dataset.singledataset][INFO] - Worker 5 (validation, pid 2150689, glob. rank 3, model comm group 3, group_rank 0, seed group id 3, base_seed 35211185, sanity rnd 0.849092)
[2025-10-02 11:23:09,931][anemoi.training.data.dataset.singledataset][INFO] - Worker 6 (validation, pid 2150690, glob. rank 2, model comm group 2, group_rank 0, seed group id 2, base_seed 35211185, sanity rnd 0.849092)
[2025-10-02 11:23:09,933][anemoi.training.data.dataset.singledataset][INFO] - Worker 6 (validation, pid 2150692, glob. rank 1, model comm group 1, group_rank 0, seed group id 1, base_seed 35211185, sanity rnd 0.849092)
[2025-10-02 11:23:09,956][anemoi.training.data.dataset.singledataset][INFO] - Worker 7 (pid 2150695, global_rank 2, model comm group 2)  has low/high range 1043 / 1088
[2025-10-02 11:23:09,958][anemoi.models.data_indices.collection][INFO] - The order of the variables in the model matches the order in the data.
[2025-10-02 11:23:09,958][anemoi.training.data.dataset.singledataset][INFO] - Worker 7 (pid 2150699, global_rank 1, model comm group 1)  has low/high range 679 / 724
[2025-10-02 11:23:09,959][anemoi.training.data.dataset.singledataset][INFO] - Worker 6 (pid 2150708, global_rank 3, model comm group 3)  has low/high range 1362 / 1407
[2025-10-02 11:23:09,960][anemoi.models.data_indices.collection][INFO] - The order of the variables in the model matches the order in the data.
[2025-10-02 11:23:09,960][anemoi.training.data.dataset.singledataset][INFO] - Worker 7 (validation, pid 2150695, glob. rank 2, model comm group 2, group_rank 0, seed group id 2, base_seed 35211185, sanity rnd 0.849092)
[2025-10-02 11:23:09,961][anemoi.training.data.dataset.singledataset][INFO] - Worker 7 (validation, pid 2150699, glob. rank 1, model comm group 1, group_rank 0, seed group id 1, base_seed 35211185, sanity rnd 0.849092)
[2025-10-02 11:23:09,966][anemoi.training.data.dataset.singledataset][INFO] - Worker 6 (validation, pid 2150708, glob. rank 3, model comm group 3, group_rank 0, seed group id 3, base_seed 35211185, sanity rnd 0.849092)
[2025-10-02 11:23:09,995][anemoi.training.data.dataset.singledataset][INFO] - Worker 7 (pid 2150719, global_rank 3, model comm group 3)  has low/high range 1407 / 1452
[2025-10-02 11:23:09,997][anemoi.models.data_indices.collection][INFO] - The order of the variables in the model matches the order in the data.
[2025-10-02 11:23:10,000][anemoi.training.data.dataset.singledataset][INFO] - Worker 7 (validation, pid 2150719, glob. rank 3, model comm group 3, group_rank 0, seed group id 3, base_seed 35211185, sanity rnd 0.849092)
[2025-10-02 11:23:16,263][anemoi.training.data.dataset.singledataset][INFO] - Worker 0 (pid 2152278, global_rank 2, model comm group 2)  has low/high range 30680 / 32597
[2025-10-02 11:23:16,264][anemoi.training.data.dataset.singledataset][INFO] - Worker 0 (pid 2152279, global_rank 1, model comm group 1)  has low/high range 15340 / 17257
[2025-10-02 11:23:16,267][anemoi.training.data.dataset.singledataset][INFO] - Worker 0 (pid 2152282, global_rank 0, model comm group 0)  has low/high range 0 / 1917
[2025-10-02 11:23:16,268][anemoi.training.data.dataset.singledataset][INFO] - Worker 0 (pid 2152283, global_rank 3, model comm group 3)  has low/high range 46020 / 47937
[2025-10-02 11:23:16,269][anemoi.training.data.dataset.singledataset][INFO] - Worker 0 (train, pid 2152279, glob. rank 1, model comm group 1, group_rank 0, seed group id 1, base_seed 35211185, sanity rnd 0.849092)
[2025-10-02 11:23:16,269][anemoi.training.data.dataset.singledataset][INFO] - Worker 0 (train, pid 2152278, glob. rank 2, model comm group 2, group_rank 0, seed group id 2, base_seed 35211185, sanity rnd 0.849092)
[2025-10-02 11:23:16,271][anemoi.training.data.dataset.singledataset][INFO] - Worker 0 (train, pid 2152283, glob. rank 3, model comm group 3, group_rank 0, seed group id 3, base_seed 35211185, sanity rnd 0.849092)
[2025-10-02 11:23:16,272][anemoi.training.data.dataset.singledataset][INFO] - Worker 0 (train, pid 2152282, glob. rank 0, model comm group 0, group_rank 0, seed group id 0, base_seed 35211185, sanity rnd 0.849092)
[2025-10-02 11:23:16,292][anemoi.training.data.dataset.singledataset][INFO] - Worker 1 (pid 2152286, global_rank 2, model comm group 2)  has low/high range 32597 / 34514
[2025-10-02 11:23:16,295][anemoi.training.data.dataset.singledataset][INFO] - Worker 1 (pid 2152288, global_rank 1, model comm group 1)  has low/high range 17257 / 19174
[2025-10-02 11:23:16,299][anemoi.training.data.dataset.singledataset][INFO] - Worker 1 (train, pid 2152286, glob. rank 2, model comm group 2, group_rank 0, seed group id 2, base_seed 35211185, sanity rnd 0.849092)
[2025-10-02 11:23:16,299][anemoi.training.data.dataset.singledataset][INFO] - Worker 1 (train, pid 2152288, glob. rank 1, model comm group 1, group_rank 0, seed group id 1, base_seed 35211185, sanity rnd 0.849092)
[2025-10-02 11:23:16,300][anemoi.training.data.dataset.singledataset][INFO] - Worker 1 (pid 2152290, global_rank 0, model comm group 0)  has low/high range 1917 / 3834
[2025-10-02 11:23:16,304][anemoi.training.data.dataset.singledataset][INFO] - Worker 1 (train, pid 2152290, glob. rank 0, model comm group 0, group_rank 0, seed group id 0, base_seed 35211185, sanity rnd 0.849092)
[2025-10-02 11:23:16,308][anemoi.training.data.dataset.singledataset][INFO] - Worker 1 (pid 2152292, global_rank 3, model comm group 3)  has low/high range 47937 / 49854
[2025-10-02 11:23:16,313][anemoi.training.data.dataset.singledataset][INFO] - Worker 1 (train, pid 2152292, glob. rank 3, model comm group 3, group_rank 0, seed group id 3, base_seed 35211185, sanity rnd 0.849092)
[2025-10-02 11:23:16,322][anemoi.training.data.dataset.singledataset][INFO] - Worker 2 (pid 2152294, global_rank 2, model comm group 2)  has low/high range 34514 / 36431
[2025-10-02 11:23:16,326][anemoi.training.data.dataset.singledataset][INFO] - Worker 2 (train, pid 2152294, glob. rank 2, model comm group 2, group_rank 0, seed group id 2, base_seed 35211185, sanity rnd 0.849092)
[2025-10-02 11:23:16,333][anemoi.training.data.dataset.singledataset][INFO] - Worker 2 (pid 2152296, global_rank 1, model comm group 1)  has low/high range 19174 / 21091
[2025-10-02 11:23:16,336][anemoi.training.data.dataset.singledataset][INFO] - Worker 2 (pid 2152298, global_rank 0, model comm group 0)  has low/high range 3834 / 5751
[2025-10-02 11:23:16,339][anemoi.training.data.dataset.singledataset][INFO] - Worker 2 (train, pid 2152296, glob. rank 1, model comm group 1, group_rank 0, seed group id 1, base_seed 35211185, sanity rnd 0.849092)
[2025-10-02 11:23:16,340][anemoi.training.data.dataset.singledataset][INFO] - Worker 2 (train, pid 2152298, glob. rank 0, model comm group 0, group_rank 0, seed group id 0, base_seed 35211185, sanity rnd 0.849092)
[2025-10-02 11:23:16,348][anemoi.training.data.dataset.singledataset][INFO] - Worker 2 (pid 2152300, global_rank 3, model comm group 3)  has low/high range 49854 / 51771
[2025-10-02 11:23:16,353][anemoi.training.data.dataset.singledataset][INFO] - Worker 3 (pid 2152302, global_rank 2, model comm group 2)  has low/high range 36431 / 38348
[2025-10-02 11:23:16,353][anemoi.training.data.dataset.singledataset][INFO] - Worker 2 (train, pid 2152300, glob. rank 3, model comm group 3, group_rank 0, seed group id 3, base_seed 35211185, sanity rnd 0.849092)
[2025-10-02 11:23:16,356][anemoi.training.data.dataset.singledataset][INFO] - Worker 3 (train, pid 2152302, glob. rank 2, model comm group 2, group_rank 0, seed group id 2, base_seed 35211185, sanity rnd 0.849092)
[2025-10-02 11:23:16,359][anemoi.training.data.dataset.singledataset][INFO] - Worker 3 (pid 2152304, global_rank 1, model comm group 1)  has low/high range 21091 / 23008
[2025-10-02 11:23:16,363][anemoi.training.data.dataset.singledataset][INFO] - Worker 3 (train, pid 2152304, glob. rank 1, model comm group 1, group_rank 0, seed group id 1, base_seed 35211185, sanity rnd 0.849092)
[2025-10-02 11:23:16,370][anemoi.training.data.dataset.singledataset][INFO] - Worker 3 (pid 2152306, global_rank 0, model comm group 0)  has low/high range 5751 / 7668
[2025-10-02 11:23:16,375][anemoi.training.data.dataset.singledataset][INFO] - Worker 3 (train, pid 2152306, glob. rank 0, model comm group 0, group_rank 0, seed group id 0, base_seed 35211185, sanity rnd 0.849092)
[2025-10-02 11:23:16,383][anemoi.training.data.dataset.singledataset][INFO] - Worker 4 (pid 2152308, global_rank 2, model comm group 2)  has low/high range 38348 / 40265
[2025-10-02 11:23:16,386][anemoi.training.data.dataset.singledataset][INFO] - Worker 3 (pid 2152310, global_rank 3, model comm group 3)  has low/high range 51771 / 53688
[2025-10-02 11:23:16,388][anemoi.training.data.dataset.singledataset][INFO] - Worker 4 (train, pid 2152308, glob. rank 2, model comm group 2, group_rank 0, seed group id 2, base_seed 35211185, sanity rnd 0.849092)
[2025-10-02 11:23:16,389][anemoi.training.data.dataset.singledataset][INFO] - Worker 3 (train, pid 2152310, glob. rank 3, model comm group 3, group_rank 0, seed group id 3, base_seed 35211185, sanity rnd 0.849092)
[2025-10-02 11:23:16,391][anemoi.training.data.dataset.singledataset][INFO] - Worker 4 (pid 2152312, global_rank 1, model comm group 1)  has low/high range 23008 / 24925
[2025-10-02 11:23:16,397][anemoi.training.data.dataset.singledataset][INFO] - Worker 4 (train, pid 2152312, glob. rank 1, model comm group 1, group_rank 0, seed group id 1, base_seed 35211185, sanity rnd 0.849092)
[2025-10-02 11:23:16,404][anemoi.training.data.dataset.singledataset][INFO] - Worker 4 (pid 2152314, global_rank 0, model comm group 0)  has low/high range 7668 / 9585
[2025-10-02 11:23:16,408][anemoi.training.data.dataset.singledataset][INFO] - Worker 4 (train, pid 2152314, glob. rank 0, model comm group 0, group_rank 0, seed group id 0, base_seed 35211185, sanity rnd 0.849092)
[2025-10-02 11:23:16,414][anemoi.training.data.dataset.singledataset][INFO] - Worker 5 (pid 2152316, global_rank 2, model comm group 2)  has low/high range 40265 / 42182
[2025-10-02 11:23:16,419][anemoi.training.data.dataset.singledataset][INFO] - Worker 5 (train, pid 2152316, glob. rank 2, model comm group 2, group_rank 0, seed group id 2, base_seed 35211185, sanity rnd 0.849092)
[2025-10-02 11:23:16,423][anemoi.training.data.dataset.singledataset][INFO] - Worker 5 (pid 2152318, global_rank 1, model comm group 1)  has low/high range 24925 / 26842
[2025-10-02 11:23:16,423][anemoi.training.data.dataset.singledataset][INFO] - Worker 4 (pid 2152319, global_rank 3, model comm group 3)  has low/high range 53688 / 55605
[2025-10-02 11:23:16,428][anemoi.training.data.dataset.singledataset][INFO] - Worker 4 (train, pid 2152319, glob. rank 3, model comm group 3, group_rank 0, seed group id 3, base_seed 35211185, sanity rnd 0.849092)
[2025-10-02 11:23:16,429][anemoi.training.data.dataset.singledataset][INFO] - Worker 5 (train, pid 2152318, glob. rank 1, model comm group 1, group_rank 0, seed group id 1, base_seed 35211185, sanity rnd 0.849092)
[2025-10-02 11:23:16,438][anemoi.training.data.dataset.singledataset][INFO] - Worker 5 (pid 2152322, global_rank 0, model comm group 0)  has low/high range 9585 / 11502
[2025-10-02 11:23:16,443][anemoi.training.data.dataset.singledataset][INFO] - Worker 5 (train, pid 2152322, glob. rank 0, model comm group 0, group_rank 0, seed group id 0, base_seed 35211185, sanity rnd 0.849092)
[2025-10-02 11:23:16,445][anemoi.training.data.dataset.singledataset][INFO] - Worker 6 (pid 2152324, global_rank 2, model comm group 2)  has low/high range 42182 / 44099
[2025-10-02 11:23:16,448][anemoi.training.data.dataset.singledataset][INFO] - Worker 6 (train, pid 2152324, glob. rank 2, model comm group 2, group_rank 0, seed group id 2, base_seed 35211185, sanity rnd 0.849092)
[2025-10-02 11:23:16,455][anemoi.training.data.dataset.singledataset][INFO] - Worker 6 (pid 2152326, global_rank 1, model comm group 1)  has low/high range 26842 / 28759
[2025-10-02 11:23:16,459][anemoi.training.data.dataset.singledataset][INFO] - Worker 6 (train, pid 2152326, glob. rank 1, model comm group 1, group_rank 0, seed group id 1, base_seed 35211185, sanity rnd 0.849092)
[2025-10-02 11:23:16,461][anemoi.training.data.dataset.singledataset][INFO] - Worker 5 (pid 2152328, global_rank 3, model comm group 3)  has low/high range 55605 / 57522
[2025-10-02 11:23:16,465][anemoi.training.data.dataset.singledataset][INFO] - Worker 5 (train, pid 2152328, glob. rank 3, model comm group 3, group_rank 0, seed group id 3, base_seed 35211185, sanity rnd 0.849092)
[2025-10-02 11:23:16,473][anemoi.training.data.dataset.singledataset][INFO] - Worker 6 (pid 2152330, global_rank 0, model comm group 0)  has low/high range 11502 / 13419
[2025-10-02 11:23:16,479][anemoi.training.data.dataset.singledataset][INFO] - Worker 7 (pid 2152332, global_rank 2, model comm group 2)  has low/high range 44099 / 46016
[2025-10-02 11:23:16,479][anemoi.training.data.dataset.singledataset][INFO] - Worker 6 (train, pid 2152330, glob. rank 0, model comm group 0, group_rank 0, seed group id 0, base_seed 35211185, sanity rnd 0.849092)
[2025-10-02 11:23:16,482][anemoi.training.data.dataset.singledataset][INFO] - Worker 7 (train, pid 2152332, glob. rank 2, model comm group 2, group_rank 0, seed group id 2, base_seed 35211185, sanity rnd 0.849092)
[2025-10-02 11:23:16,488][anemoi.training.data.dataset.singledataset][INFO] - Worker 7 (pid 2152343, global_rank 1, model comm group 1)  has low/high range 28759 / 30676
[2025-10-02 11:23:16,492][anemoi.training.data.dataset.singledataset][INFO] - Worker 7 (train, pid 2152343, glob. rank 1, model comm group 1, group_rank 0, seed group id 1, base_seed 35211185, sanity rnd 0.849092)
[2025-10-02 11:23:16,498][anemoi.training.data.dataset.singledataset][INFO] - Worker 6 (pid 2152354, global_rank 3, model comm group 3)  has low/high range 57522 / 59439
[2025-10-02 11:23:16,503][anemoi.training.data.dataset.singledataset][INFO] - Worker 6 (train, pid 2152354, glob. rank 3, model comm group 3, group_rank 0, seed group id 3, base_seed 35211185, sanity rnd 0.849092)
[2025-10-02 11:23:16,509][anemoi.training.data.dataset.singledataset][INFO] - Worker 7 (pid 2152356, global_rank 0, model comm group 0)  has low/high range 13419 / 15336
[2025-10-02 11:23:16,513][anemoi.training.data.dataset.singledataset][INFO] - Worker 7 (train, pid 2152356, glob. rank 0, model comm group 0, group_rank 0, seed group id 0, base_seed 35211185, sanity rnd 0.849092)
[2025-10-02 11:23:16,540][anemoi.training.data.dataset.singledataset][INFO] - Worker 7 (pid 2152367, global_rank 3, model comm group 3)  has low/high range 59439 / 61356
[2025-10-02 11:23:16,546][anemoi.training.data.dataset.singledataset][INFO] - Worker 7 (train, pid 2152367, glob. rank 3, model comm group 3, group_rank 0, seed group id 3, base_seed 35211185, sanity rnd 0.849092)
[2025-10-02 11:23:16,934][anemoi.models.data_indices.collection][INFO] - The order of the variables in the model matches the order in the data.
[2025-10-02 11:23:17,013][anemoi.models.data_indices.collection][INFO] - The order of the variables in the model matches the order in the data.
[2025-10-02 11:23:17,021][anemoi.models.data_indices.collection][INFO] - The order of the variables in the model matches the order in the data.
[2025-10-02 11:23:17,123][anemoi.models.data_indices.collection][INFO] - The order of the variables in the model matches the order in the data.
[2025-10-02 11:36:45,754][anemoi.models.data_indices.collection][INFO] - The order of the variables in the model matches the order in the data.
[2025-10-02 11:36:45,755][anemoi.models.data_indices.collection][INFO] - The order of the variables in the model matches the order in the data.
[2025-10-02 11:36:45,756][anemoi.models.data_indices.collection][INFO] - The order of the variables in the model matches the order in the data.
[2025-10-02 11:36:45,757][anemoi.models.data_indices.collection][INFO] - The order of the variables in the model matches the order in the data.
[2025-10-02 11:36:59,790][anemoi.utils.checkpoints][INFO] - Adding extra information to checkpoint /lus/h2resw01/scratch/momc/checkpoint/eb40c4cb4924430785828bf38b883c18/inference-last.ckpt
[2025-10-02 11:36:59,791][anemoi.utils.checkpoints][INFO] - Saving metadata to inference-last/anemoi-metadata/ai-models.json
[2025-10-02 11:36:59,792][anemoi.utils.checkpoints][INFO] - Saving supporting array `latitudes` to inference-last/anemoi-metadata/latitudes.numpy (shape=(10944,), dtype=float64)
[2025-10-02 11:36:59,792][anemoi.utils.checkpoints][INFO] - Saving supporting array `longitudes` to inference-last/anemoi-metadata/longitudes.numpy (shape=(10944,), dtype=float64)
[2025-10-02 11:37:00,473][anemoi.utils.checkpoints][INFO] - Adding extra information to checkpoint /lus/h2resw01/scratch/momc/checkpoint/eb40c4cb4924430785828bf38b883c18/last.ckpt
[2025-10-02 11:37:00,474][anemoi.utils.checkpoints][INFO] - Saving metadata to archive/anemoi-metadata/ai-models.json
[2025-10-02 11:37:00,475][anemoi.utils.checkpoints][INFO] - Saving supporting array `latitudes` to archive/anemoi-metadata/latitudes.numpy (shape=(10944,), dtype=float64)
[2025-10-02 11:37:00,475][anemoi.utils.checkpoints][INFO] - Saving supporting array `longitudes` to archive/anemoi-metadata/longitudes.numpy (shape=(10944,), dtype=float64)
[2025-10-02 11:37:00,864][anemoi.utils.checkpoints][INFO] - Adding extra information to checkpoint /lus/h2resw01/scratch/momc/checkpoint/eb40c4cb4924430785828bf38b883c18/inference-anemoi-by_epoch-epoch_000-step_003840.ckpt
[2025-10-02 11:37:00,864][anemoi.utils.checkpoints][INFO] - Saving metadata to inference-anemoi-by_epoch-epoch_000-step_003840/anemoi-metadata/ai-models.json
[2025-10-02 11:37:00,865][anemoi.utils.checkpoints][INFO] - Saving supporting array `latitudes` to inference-anemoi-by_epoch-epoch_000-step_003840/anemoi-metadata/latitudes.numpy (shape=(10944,), dtype=float64)
[2025-10-02 11:37:00,866][anemoi.utils.checkpoints][INFO] - Saving supporting array `longitudes` to inference-anemoi-by_epoch-epoch_000-step_003840/anemoi-metadata/longitudes.numpy (shape=(10944,), dtype=float64)
[2025-10-02 11:37:01,541][anemoi.utils.checkpoints][INFO] - Adding extra information to checkpoint /lus/h2resw01/scratch/momc/checkpoint/eb40c4cb4924430785828bf38b883c18/anemoi-by_epoch-epoch_000-step_003840.ckpt
[2025-10-02 11:37:01,541][anemoi.utils.checkpoints][INFO] - Saving metadata to archive/anemoi-metadata/ai-models.json
[2025-10-02 11:37:01,542][anemoi.utils.checkpoints][INFO] - Saving supporting array `latitudes` to archive/anemoi-metadata/latitudes.numpy (shape=(10944,), dtype=float64)
[2025-10-02 11:37:01,543][anemoi.utils.checkpoints][INFO] - Saving supporting array `longitudes` to archive/anemoi-metadata/longitudes.numpy (shape=(10944,), dtype=float64)
[2025-10-02 11:37:01,670][anemoi.utils.checkpoints][INFO] - Adding extra information to checkpoint /lus/h2resw01/scratch/momc/checkpoint/eb40c4cb4924430785828bf38b883c18/inference-last.ckpt
[2025-10-02 11:37:01,670][anemoi.utils.checkpoints][INFO] - Saving metadata to inference-last/anemoi-metadata/ai-models.json
[2025-10-02 11:37:01,672][anemoi.utils.checkpoints][INFO] - Saving supporting array `latitudes` to inference-last/anemoi-metadata/latitudes.numpy (shape=(10944,), dtype=float64)
[2025-10-02 11:37:01,672][anemoi.utils.checkpoints][INFO] - Saving supporting array `longitudes` to inference-last/anemoi-metadata/longitudes.numpy (shape=(10944,), dtype=float64)
[2025-10-02 11:37:02,392][anemoi.utils.checkpoints][INFO] - Adding extra information to checkpoint /lus/h2resw01/scratch/momc/checkpoint/eb40c4cb4924430785828bf38b883c18/last.ckpt
[2025-10-02 11:37:02,392][anemoi.utils.checkpoints][INFO] - Saving metadata to archive/anemoi-metadata/ai-models.json
[2025-10-02 11:37:02,394][anemoi.utils.checkpoints][INFO] - Saving supporting array `latitudes` to archive/anemoi-metadata/latitudes.numpy (shape=(10944,), dtype=float64)
[2025-10-02 11:37:02,394][anemoi.utils.checkpoints][INFO] - Saving supporting array `longitudes` to archive/anemoi-metadata/longitudes.numpy (shape=(10944,), dtype=float64)
[2025-10-02 11:50:29,682][anemoi.models.data_indices.collection][INFO] - The order of the variables in the model matches the order in the data.
[2025-10-02 11:50:29,682][anemoi.models.data_indices.collection][INFO] - The order of the variables in the model matches the order in the data.
[2025-10-02 11:50:29,683][anemoi.models.data_indices.collection][INFO] - The order of the variables in the model matches the order in the data.
[2025-10-02 11:50:29,683][anemoi.models.data_indices.collection][INFO] - The order of the variables in the model matches the order in the data.
[2025-10-02 11:50:43,163][anemoi.utils.checkpoints][INFO] - Adding extra information to checkpoint /lus/h2resw01/scratch/momc/checkpoint/eb40c4cb4924430785828bf38b883c18/inference-last.ckpt
[2025-10-02 11:50:43,163][anemoi.utils.checkpoints][INFO] - Saving metadata to inference-last/anemoi-metadata/ai-models.json
[2025-10-02 11:50:43,164][anemoi.utils.checkpoints][INFO] - Saving supporting array `latitudes` to inference-last/anemoi-metadata/latitudes.numpy (shape=(10944,), dtype=float64)
[2025-10-02 11:50:43,164][anemoi.utils.checkpoints][INFO] - Saving supporting array `longitudes` to inference-last/anemoi-metadata/longitudes.numpy (shape=(10944,), dtype=float64)
[2025-10-02 11:50:43,937][anemoi.utils.checkpoints][INFO] - Adding extra information to checkpoint /lus/h2resw01/scratch/momc/checkpoint/eb40c4cb4924430785828bf38b883c18/last.ckpt
[2025-10-02 11:50:43,938][anemoi.utils.checkpoints][INFO] - Saving metadata to archive/anemoi-metadata/ai-models.json
[2025-10-02 11:50:43,939][anemoi.utils.checkpoints][INFO] - Saving supporting array `latitudes` to archive/anemoi-metadata/latitudes.numpy (shape=(10944,), dtype=float64)
[2025-10-02 11:50:43,939][anemoi.utils.checkpoints][INFO] - Saving supporting array `longitudes` to archive/anemoi-metadata/longitudes.numpy (shape=(10944,), dtype=float64)
[2025-10-02 11:50:44,051][anemoi.utils.checkpoints][INFO] - Adding extra information to checkpoint /lus/h2resw01/scratch/momc/checkpoint/eb40c4cb4924430785828bf38b883c18/inference-anemoi-by_epoch-epoch_001-step_007680.ckpt
[2025-10-02 11:50:44,051][anemoi.utils.checkpoints][INFO] - Saving metadata to inference-anemoi-by_epoch-epoch_001-step_007680/anemoi-metadata/ai-models.json
[2025-10-02 11:50:44,053][anemoi.utils.checkpoints][INFO] - Saving supporting array `latitudes` to inference-anemoi-by_epoch-epoch_001-step_007680/anemoi-metadata/latitudes.numpy (shape=(10944,), dtype=float64)
[2025-10-02 11:50:44,053][anemoi.utils.checkpoints][INFO] - Saving supporting array `longitudes` to inference-anemoi-by_epoch-epoch_001-step_007680/anemoi-metadata/longitudes.numpy (shape=(10944,), dtype=float64)
[2025-10-02 11:50:44,742][anemoi.utils.checkpoints][INFO] - Adding extra information to checkpoint /lus/h2resw01/scratch/momc/checkpoint/eb40c4cb4924430785828bf38b883c18/anemoi-by_epoch-epoch_001-step_007680.ckpt
[2025-10-02 11:50:44,742][anemoi.utils.checkpoints][INFO] - Saving metadata to archive/anemoi-metadata/ai-models.json
[2025-10-02 11:50:44,743][anemoi.utils.checkpoints][INFO] - Saving supporting array `latitudes` to archive/anemoi-metadata/latitudes.numpy (shape=(10944,), dtype=float64)
[2025-10-02 11:50:44,744][anemoi.utils.checkpoints][INFO] - Saving supporting array `longitudes` to archive/anemoi-metadata/longitudes.numpy (shape=(10944,), dtype=float64)
[2025-10-02 11:50:44,872][anemoi.utils.checkpoints][INFO] - Adding extra information to checkpoint /lus/h2resw01/scratch/momc/checkpoint/eb40c4cb4924430785828bf38b883c18/inference-last.ckpt
[2025-10-02 11:50:44,873][anemoi.utils.checkpoints][INFO] - Saving metadata to inference-last/anemoi-metadata/ai-models.json
[2025-10-02 11:50:44,874][anemoi.utils.checkpoints][INFO] - Saving supporting array `latitudes` to inference-last/anemoi-metadata/latitudes.numpy (shape=(10944,), dtype=float64)
[2025-10-02 11:50:44,874][anemoi.utils.checkpoints][INFO] - Saving supporting array `longitudes` to inference-last/anemoi-metadata/longitudes.numpy (shape=(10944,), dtype=float64)
[2025-10-02 11:50:45,615][anemoi.utils.checkpoints][INFO] - Adding extra information to checkpoint /lus/h2resw01/scratch/momc/checkpoint/eb40c4cb4924430785828bf38b883c18/last.ckpt
[2025-10-02 11:50:45,615][anemoi.utils.checkpoints][INFO] - Saving metadata to archive/anemoi-metadata/ai-models.json
[2025-10-02 11:50:45,616][anemoi.utils.checkpoints][INFO] - Saving supporting array `latitudes` to archive/anemoi-metadata/latitudes.numpy (shape=(10944,), dtype=float64)
[2025-10-02 11:50:45,617][anemoi.utils.checkpoints][INFO] - Saving supporting array `longitudes` to archive/anemoi-metadata/longitudes.numpy (shape=(10944,), dtype=float64)
[2025-10-02 12:04:20,751][anemoi.models.data_indices.collection][INFO] - The order of the variables in the model matches the order in the data.
[2025-10-02 12:04:20,751][anemoi.models.data_indices.collection][INFO] - The order of the variables in the model matches the order in the data.
[2025-10-02 12:04:20,751][anemoi.models.data_indices.collection][INFO] - The order of the variables in the model matches the order in the data.
[2025-10-02 12:04:20,751][anemoi.models.data_indices.collection][INFO] - The order of the variables in the model matches the order in the data.
[2025-10-02 12:04:37,202][anemoi.utils.checkpoints][INFO] - Adding extra information to checkpoint /lus/h2resw01/scratch/momc/checkpoint/eb40c4cb4924430785828bf38b883c18/inference-last.ckpt
[2025-10-02 12:04:37,202][anemoi.utils.checkpoints][INFO] - Saving metadata to inference-last/anemoi-metadata/ai-models.json
[2025-10-02 12:04:37,204][anemoi.utils.checkpoints][INFO] - Saving supporting array `latitudes` to inference-last/anemoi-metadata/latitudes.numpy (shape=(10944,), dtype=float64)
[2025-10-02 12:04:37,204][anemoi.utils.checkpoints][INFO] - Saving supporting array `longitudes` to inference-last/anemoi-metadata/longitudes.numpy (shape=(10944,), dtype=float64)
[2025-10-02 12:04:37,953][anemoi.utils.checkpoints][INFO] - Adding extra information to checkpoint /lus/h2resw01/scratch/momc/checkpoint/eb40c4cb4924430785828bf38b883c18/last.ckpt
[2025-10-02 12:04:37,954][anemoi.utils.checkpoints][INFO] - Saving metadata to archive/anemoi-metadata/ai-models.json
[2025-10-02 12:04:37,955][anemoi.utils.checkpoints][INFO] - Saving supporting array `latitudes` to archive/anemoi-metadata/latitudes.numpy (shape=(10944,), dtype=float64)
[2025-10-02 12:04:37,955][anemoi.utils.checkpoints][INFO] - Saving supporting array `longitudes` to archive/anemoi-metadata/longitudes.numpy (shape=(10944,), dtype=float64)
[2025-10-02 12:04:38,067][anemoi.utils.checkpoints][INFO] - Adding extra information to checkpoint /lus/h2resw01/scratch/momc/checkpoint/eb40c4cb4924430785828bf38b883c18/inference-anemoi-by_epoch-epoch_002-step_011520.ckpt
[2025-10-02 12:04:38,067][anemoi.utils.checkpoints][INFO] - Saving metadata to inference-anemoi-by_epoch-epoch_002-step_011520/anemoi-metadata/ai-models.json
[2025-10-02 12:04:38,068][anemoi.utils.checkpoints][INFO] - Saving supporting array `latitudes` to inference-anemoi-by_epoch-epoch_002-step_011520/anemoi-metadata/latitudes.numpy (shape=(10944,), dtype=float64)
[2025-10-02 12:04:38,068][anemoi.utils.checkpoints][INFO] - Saving supporting array `longitudes` to inference-anemoi-by_epoch-epoch_002-step_011520/anemoi-metadata/longitudes.numpy (shape=(10944,), dtype=float64)
[2025-10-02 12:04:38,771][anemoi.utils.checkpoints][INFO] - Adding extra information to checkpoint /lus/h2resw01/scratch/momc/checkpoint/eb40c4cb4924430785828bf38b883c18/anemoi-by_epoch-epoch_002-step_011520.ckpt
[2025-10-02 12:04:38,771][anemoi.utils.checkpoints][INFO] - Saving metadata to archive/anemoi-metadata/ai-models.json
[2025-10-02 12:04:38,772][anemoi.utils.checkpoints][INFO] - Saving supporting array `latitudes` to archive/anemoi-metadata/latitudes.numpy (shape=(10944,), dtype=float64)
[2025-10-02 12:04:38,773][anemoi.utils.checkpoints][INFO] - Saving supporting array `longitudes` to archive/anemoi-metadata/longitudes.numpy (shape=(10944,), dtype=float64)
[2025-10-02 12:04:38,901][anemoi.utils.checkpoints][INFO] - Adding extra information to checkpoint /lus/h2resw01/scratch/momc/checkpoint/eb40c4cb4924430785828bf38b883c18/inference-last.ckpt
[2025-10-02 12:04:38,901][anemoi.utils.checkpoints][INFO] - Saving metadata to inference-last/anemoi-metadata/ai-models.json
[2025-10-02 12:04:38,903][anemoi.utils.checkpoints][INFO] - Saving supporting array `latitudes` to inference-last/anemoi-metadata/latitudes.numpy (shape=(10944,), dtype=float64)
[2025-10-02 12:04:38,903][anemoi.utils.checkpoints][INFO] - Saving supporting array `longitudes` to inference-last/anemoi-metadata/longitudes.numpy (shape=(10944,), dtype=float64)
[2025-10-02 12:04:39,640][anemoi.utils.checkpoints][INFO] - Adding extra information to checkpoint /lus/h2resw01/scratch/momc/checkpoint/eb40c4cb4924430785828bf38b883c18/last.ckpt
[2025-10-02 12:04:39,640][anemoi.utils.checkpoints][INFO] - Saving metadata to archive/anemoi-metadata/ai-models.json
[2025-10-02 12:04:39,642][anemoi.utils.checkpoints][INFO] - Saving supporting array `latitudes` to archive/anemoi-metadata/latitudes.numpy (shape=(10944,), dtype=float64)
[2025-10-02 12:04:39,642][anemoi.utils.checkpoints][INFO] - Saving supporting array `longitudes` to archive/anemoi-metadata/longitudes.numpy (shape=(10944,), dtype=float64)
[2025-10-02 12:18:17,392][anemoi.models.data_indices.collection][INFO] - The order of the variables in the model matches the order in the data.
[2025-10-02 12:18:17,393][anemoi.models.data_indices.collection][INFO] - The order of the variables in the model matches the order in the data.
[2025-10-02 12:18:17,393][anemoi.models.data_indices.collection][INFO] - The order of the variables in the model matches the order in the data.
[2025-10-02 12:18:17,393][anemoi.models.data_indices.collection][INFO] - The order of the variables in the model matches the order in the data.
[2025-10-02 12:18:32,344][anemoi.utils.checkpoints][INFO] - Adding extra information to checkpoint /lus/h2resw01/scratch/momc/checkpoint/eb40c4cb4924430785828bf38b883c18/inference-last.ckpt
[2025-10-02 12:18:32,344][anemoi.utils.checkpoints][INFO] - Saving metadata to inference-last/anemoi-metadata/ai-models.json
[2025-10-02 12:18:32,345][anemoi.utils.checkpoints][INFO] - Saving supporting array `latitudes` to inference-last/anemoi-metadata/latitudes.numpy (shape=(10944,), dtype=float64)
[2025-10-02 12:18:32,345][anemoi.utils.checkpoints][INFO] - Saving supporting array `longitudes` to inference-last/anemoi-metadata/longitudes.numpy (shape=(10944,), dtype=float64)
[2025-10-02 12:18:33,061][anemoi.utils.checkpoints][INFO] - Adding extra information to checkpoint /lus/h2resw01/scratch/momc/checkpoint/eb40c4cb4924430785828bf38b883c18/last.ckpt
[2025-10-02 12:18:33,061][anemoi.utils.checkpoints][INFO] - Saving metadata to archive/anemoi-metadata/ai-models.json
[2025-10-02 12:18:33,063][anemoi.utils.checkpoints][INFO] - Saving supporting array `latitudes` to archive/anemoi-metadata/latitudes.numpy (shape=(10944,), dtype=float64)
[2025-10-02 12:18:33,063][anemoi.utils.checkpoints][INFO] - Saving supporting array `longitudes` to archive/anemoi-metadata/longitudes.numpy (shape=(10944,), dtype=float64)
[2025-10-02 12:18:33,173][anemoi.utils.checkpoints][INFO] - Adding extra information to checkpoint /lus/h2resw01/scratch/momc/checkpoint/eb40c4cb4924430785828bf38b883c18/inference-anemoi-by_epoch-epoch_003-step_015360.ckpt
[2025-10-02 12:18:33,173][anemoi.utils.checkpoints][INFO] - Saving metadata to inference-anemoi-by_epoch-epoch_003-step_015360/anemoi-metadata/ai-models.json
[2025-10-02 12:18:33,175][anemoi.utils.checkpoints][INFO] - Saving supporting array `latitudes` to inference-anemoi-by_epoch-epoch_003-step_015360/anemoi-metadata/latitudes.numpy (shape=(10944,), dtype=float64)
[2025-10-02 12:18:33,175][anemoi.utils.checkpoints][INFO] - Saving supporting array `longitudes` to inference-anemoi-by_epoch-epoch_003-step_015360/anemoi-metadata/longitudes.numpy (shape=(10944,), dtype=float64)
[2025-10-02 12:18:33,842][anemoi.utils.checkpoints][INFO] - Adding extra information to checkpoint /lus/h2resw01/scratch/momc/checkpoint/eb40c4cb4924430785828bf38b883c18/anemoi-by_epoch-epoch_003-step_015360.ckpt
[2025-10-02 12:18:33,842][anemoi.utils.checkpoints][INFO] - Saving metadata to archive/anemoi-metadata/ai-models.json
[2025-10-02 12:18:33,843][anemoi.utils.checkpoints][INFO] - Saving supporting array `latitudes` to archive/anemoi-metadata/latitudes.numpy (shape=(10944,), dtype=float64)
[2025-10-02 12:18:33,844][anemoi.utils.checkpoints][INFO] - Saving supporting array `longitudes` to archive/anemoi-metadata/longitudes.numpy (shape=(10944,), dtype=float64)
[2025-10-02 12:18:33,971][anemoi.utils.checkpoints][INFO] - Adding extra information to checkpoint /lus/h2resw01/scratch/momc/checkpoint/eb40c4cb4924430785828bf38b883c18/inference-last.ckpt
[2025-10-02 12:18:33,971][anemoi.utils.checkpoints][INFO] - Saving metadata to inference-last/anemoi-metadata/ai-models.json
[2025-10-02 12:18:33,972][anemoi.utils.checkpoints][INFO] - Saving supporting array `latitudes` to inference-last/anemoi-metadata/latitudes.numpy (shape=(10944,), dtype=float64)
[2025-10-02 12:18:33,973][anemoi.utils.checkpoints][INFO] - Saving supporting array `longitudes` to inference-last/anemoi-metadata/longitudes.numpy (shape=(10944,), dtype=float64)
[2025-10-02 12:18:35,246][anemoi.utils.checkpoints][INFO] - Adding extra information to checkpoint /lus/h2resw01/scratch/momc/checkpoint/eb40c4cb4924430785828bf38b883c18/last.ckpt
[2025-10-02 12:18:35,246][anemoi.utils.checkpoints][INFO] - Saving metadata to archive/anemoi-metadata/ai-models.json
[2025-10-02 12:18:35,247][anemoi.utils.checkpoints][INFO] - Saving supporting array `latitudes` to archive/anemoi-metadata/latitudes.numpy (shape=(10944,), dtype=float64)
[2025-10-02 12:18:35,248][anemoi.utils.checkpoints][INFO] - Saving supporting array `longitudes` to archive/anemoi-metadata/longitudes.numpy (shape=(10944,), dtype=float64)
[2025-10-02 12:32:15,594][anemoi.models.data_indices.collection][INFO] - The order of the variables in the model matches the order in the data.
[2025-10-02 12:32:15,594][anemoi.models.data_indices.collection][INFO] - The order of the variables in the model matches the order in the data.
[2025-10-02 12:32:15,594][anemoi.models.data_indices.collection][INFO] - The order of the variables in the model matches the order in the data.
[2025-10-02 12:32:15,601][anemoi.models.data_indices.collection][INFO] - The order of the variables in the model matches the order in the data.
[2025-10-02 12:32:29,351][anemoi.utils.checkpoints][INFO] - Adding extra information to checkpoint /lus/h2resw01/scratch/momc/checkpoint/eb40c4cb4924430785828bf38b883c18/inference-last.ckpt
[2025-10-02 12:32:29,352][anemoi.utils.checkpoints][INFO] - Saving metadata to inference-last/anemoi-metadata/ai-models.json
[2025-10-02 12:32:29,353][anemoi.utils.checkpoints][INFO] - Saving supporting array `latitudes` to inference-last/anemoi-metadata/latitudes.numpy (shape=(10944,), dtype=float64)
[2025-10-02 12:32:29,353][anemoi.utils.checkpoints][INFO] - Saving supporting array `longitudes` to inference-last/anemoi-metadata/longitudes.numpy (shape=(10944,), dtype=float64)
[2025-10-02 12:32:30,147][anemoi.utils.checkpoints][INFO] - Adding extra information to checkpoint /lus/h2resw01/scratch/momc/checkpoint/eb40c4cb4924430785828bf38b883c18/last.ckpt
[2025-10-02 12:32:30,147][anemoi.utils.checkpoints][INFO] - Saving metadata to archive/anemoi-metadata/ai-models.json
[2025-10-02 12:32:30,148][anemoi.utils.checkpoints][INFO] - Saving supporting array `latitudes` to archive/anemoi-metadata/latitudes.numpy (shape=(10944,), dtype=float64)
[2025-10-02 12:32:30,149][anemoi.utils.checkpoints][INFO] - Saving supporting array `longitudes` to archive/anemoi-metadata/longitudes.numpy (shape=(10944,), dtype=float64)
[2025-10-02 12:32:30,260][anemoi.utils.checkpoints][INFO] - Adding extra information to checkpoint /lus/h2resw01/scratch/momc/checkpoint/eb40c4cb4924430785828bf38b883c18/inference-anemoi-by_epoch-epoch_004-step_019200.ckpt
[2025-10-02 12:32:30,260][anemoi.utils.checkpoints][INFO] - Saving metadata to inference-anemoi-by_epoch-epoch_004-step_019200/anemoi-metadata/ai-models.json
[2025-10-02 12:32:30,261][anemoi.utils.checkpoints][INFO] - Saving supporting array `latitudes` to inference-anemoi-by_epoch-epoch_004-step_019200/anemoi-metadata/latitudes.numpy (shape=(10944,), dtype=float64)
[2025-10-02 12:32:30,262][anemoi.utils.checkpoints][INFO] - Saving supporting array `longitudes` to inference-anemoi-by_epoch-epoch_004-step_019200/anemoi-metadata/longitudes.numpy (shape=(10944,), dtype=float64)
[2025-10-02 12:32:30,948][anemoi.utils.checkpoints][INFO] - Adding extra information to checkpoint /lus/h2resw01/scratch/momc/checkpoint/eb40c4cb4924430785828bf38b883c18/anemoi-by_epoch-epoch_004-step_019200.ckpt
[2025-10-02 12:32:30,948][anemoi.utils.checkpoints][INFO] - Saving metadata to archive/anemoi-metadata/ai-models.json
[2025-10-02 12:32:30,949][anemoi.utils.checkpoints][INFO] - Saving supporting array `latitudes` to archive/anemoi-metadata/latitudes.numpy (shape=(10944,), dtype=float64)
[2025-10-02 12:32:30,949][anemoi.utils.checkpoints][INFO] - Saving supporting array `longitudes` to archive/anemoi-metadata/longitudes.numpy (shape=(10944,), dtype=float64)
[2025-10-02 12:32:31,074][anemoi.utils.checkpoints][INFO] - Adding extra information to checkpoint /lus/h2resw01/scratch/momc/checkpoint/eb40c4cb4924430785828bf38b883c18/inference-last.ckpt
[2025-10-02 12:32:31,074][anemoi.utils.checkpoints][INFO] - Saving metadata to inference-last/anemoi-metadata/ai-models.json
[2025-10-02 12:32:31,075][anemoi.utils.checkpoints][INFO] - Saving supporting array `latitudes` to inference-last/anemoi-metadata/latitudes.numpy (shape=(10944,), dtype=float64)
[2025-10-02 12:32:31,076][anemoi.utils.checkpoints][INFO] - Saving supporting array `longitudes` to inference-last/anemoi-metadata/longitudes.numpy (shape=(10944,), dtype=float64)
[2025-10-02 12:32:31,814][anemoi.utils.checkpoints][INFO] - Adding extra information to checkpoint /lus/h2resw01/scratch/momc/checkpoint/eb40c4cb4924430785828bf38b883c18/last.ckpt
[2025-10-02 12:32:31,815][anemoi.utils.checkpoints][INFO] - Saving metadata to archive/anemoi-metadata/ai-models.json
[2025-10-02 12:32:31,816][anemoi.utils.checkpoints][INFO] - Saving supporting array `latitudes` to archive/anemoi-metadata/latitudes.numpy (shape=(10944,), dtype=float64)
[2025-10-02 12:32:31,816][anemoi.utils.checkpoints][INFO] - Saving supporting array `longitudes` to archive/anemoi-metadata/longitudes.numpy (shape=(10944,), dtype=float64)
[2025-10-02 12:46:09,866][anemoi.models.data_indices.collection][INFO] - The order of the variables in the model matches the order in the data.
[2025-10-02 12:46:09,866][anemoi.models.data_indices.collection][INFO] - The order of the variables in the model matches the order in the data.
[2025-10-02 12:46:09,866][anemoi.models.data_indices.collection][INFO] - The order of the variables in the model matches the order in the data.
[2025-10-02 12:46:09,866][anemoi.models.data_indices.collection][INFO] - The order of the variables in the model matches the order in the data.
[2025-10-02 12:46:25,153][anemoi.utils.checkpoints][INFO] - Adding extra information to checkpoint /lus/h2resw01/scratch/momc/checkpoint/eb40c4cb4924430785828bf38b883c18/inference-last.ckpt
[2025-10-02 12:46:25,153][anemoi.utils.checkpoints][INFO] - Saving metadata to inference-last/anemoi-metadata/ai-models.json
[2025-10-02 12:46:25,154][anemoi.utils.checkpoints][INFO] - Saving supporting array `latitudes` to inference-last/anemoi-metadata/latitudes.numpy (shape=(10944,), dtype=float64)
[2025-10-02 12:46:25,154][anemoi.utils.checkpoints][INFO] - Saving supporting array `longitudes` to inference-last/anemoi-metadata/longitudes.numpy (shape=(10944,), dtype=float64)
[2025-10-02 12:46:25,871][anemoi.utils.checkpoints][INFO] - Adding extra information to checkpoint /lus/h2resw01/scratch/momc/checkpoint/eb40c4cb4924430785828bf38b883c18/last.ckpt
[2025-10-02 12:46:25,871][anemoi.utils.checkpoints][INFO] - Saving metadata to archive/anemoi-metadata/ai-models.json
[2025-10-02 12:46:25,872][anemoi.utils.checkpoints][INFO] - Saving supporting array `latitudes` to archive/anemoi-metadata/latitudes.numpy (shape=(10944,), dtype=float64)
[2025-10-02 12:46:25,872][anemoi.utils.checkpoints][INFO] - Saving supporting array `longitudes` to archive/anemoi-metadata/longitudes.numpy (shape=(10944,), dtype=float64)
[2025-10-02 12:46:25,988][anemoi.utils.checkpoints][INFO] - Adding extra information to checkpoint /lus/h2resw01/scratch/momc/checkpoint/eb40c4cb4924430785828bf38b883c18/inference-anemoi-by_epoch-epoch_005-step_023040.ckpt
[2025-10-02 12:46:25,988][anemoi.utils.checkpoints][INFO] - Saving metadata to inference-anemoi-by_epoch-epoch_005-step_023040/anemoi-metadata/ai-models.json
[2025-10-02 12:46:25,990][anemoi.utils.checkpoints][INFO] - Saving supporting array `latitudes` to inference-anemoi-by_epoch-epoch_005-step_023040/anemoi-metadata/latitudes.numpy (shape=(10944,), dtype=float64)
[2025-10-02 12:46:25,990][anemoi.utils.checkpoints][INFO] - Saving supporting array `longitudes` to inference-anemoi-by_epoch-epoch_005-step_023040/anemoi-metadata/longitudes.numpy (shape=(10944,), dtype=float64)
[2025-10-02 12:46:26,701][anemoi.utils.checkpoints][INFO] - Adding extra information to checkpoint /lus/h2resw01/scratch/momc/checkpoint/eb40c4cb4924430785828bf38b883c18/anemoi-by_epoch-epoch_005-step_023040.ckpt
[2025-10-02 12:46:26,701][anemoi.utils.checkpoints][INFO] - Saving metadata to archive/anemoi-metadata/ai-models.json
[2025-10-02 12:46:26,702][anemoi.utils.checkpoints][INFO] - Saving supporting array `latitudes` to archive/anemoi-metadata/latitudes.numpy (shape=(10944,), dtype=float64)
[2025-10-02 12:46:26,703][anemoi.utils.checkpoints][INFO] - Saving supporting array `longitudes` to archive/anemoi-metadata/longitudes.numpy (shape=(10944,), dtype=float64)
[2025-10-02 12:46:26,835][anemoi.utils.checkpoints][INFO] - Adding extra information to checkpoint /lus/h2resw01/scratch/momc/checkpoint/eb40c4cb4924430785828bf38b883c18/inference-last.ckpt
[2025-10-02 12:46:26,835][anemoi.utils.checkpoints][INFO] - Saving metadata to inference-last/anemoi-metadata/ai-models.json
[2025-10-02 12:46:26,836][anemoi.utils.checkpoints][INFO] - Saving supporting array `latitudes` to inference-last/anemoi-metadata/latitudes.numpy (shape=(10944,), dtype=float64)
[2025-10-02 12:46:26,836][anemoi.utils.checkpoints][INFO] - Saving supporting array `longitudes` to inference-last/anemoi-metadata/longitudes.numpy (shape=(10944,), dtype=float64)
[2025-10-02 12:46:27,599][anemoi.utils.checkpoints][INFO] - Adding extra information to checkpoint /lus/h2resw01/scratch/momc/checkpoint/eb40c4cb4924430785828bf38b883c18/last.ckpt
[2025-10-02 12:46:27,600][anemoi.utils.checkpoints][INFO] - Saving metadata to archive/anemoi-metadata/ai-models.json
[2025-10-02 12:46:27,601][anemoi.utils.checkpoints][INFO] - Saving supporting array `latitudes` to archive/anemoi-metadata/latitudes.numpy (shape=(10944,), dtype=float64)
[2025-10-02 12:46:27,601][anemoi.utils.checkpoints][INFO] - Saving supporting array `longitudes` to archive/anemoi-metadata/longitudes.numpy (shape=(10944,), dtype=float64)
[2025-10-02 12:59:57,896][anemoi.models.data_indices.collection][INFO] - The order of the variables in the model matches the order in the data.
[2025-10-02 12:59:57,896][anemoi.models.data_indices.collection][INFO] - The order of the variables in the model matches the order in the data.
[2025-10-02 12:59:57,896][anemoi.models.data_indices.collection][INFO] - The order of the variables in the model matches the order in the data.
[2025-10-02 12:59:57,897][anemoi.models.data_indices.collection][INFO] - The order of the variables in the model matches the order in the data.
[2025-10-02 13:00:13,290][anemoi.utils.checkpoints][INFO] - Adding extra information to checkpoint /lus/h2resw01/scratch/momc/checkpoint/eb40c4cb4924430785828bf38b883c18/inference-last.ckpt
[2025-10-02 13:00:13,290][anemoi.utils.checkpoints][INFO] - Saving metadata to inference-last/anemoi-metadata/ai-models.json
[2025-10-02 13:00:13,291][anemoi.utils.checkpoints][INFO] - Saving supporting array `latitudes` to inference-last/anemoi-metadata/latitudes.numpy (shape=(10944,), dtype=float64)
[2025-10-02 13:00:13,292][anemoi.utils.checkpoints][INFO] - Saving supporting array `longitudes` to inference-last/anemoi-metadata/longitudes.numpy (shape=(10944,), dtype=float64)
[2025-10-02 13:00:14,020][anemoi.utils.checkpoints][INFO] - Adding extra information to checkpoint /lus/h2resw01/scratch/momc/checkpoint/eb40c4cb4924430785828bf38b883c18/last.ckpt
[2025-10-02 13:00:14,020][anemoi.utils.checkpoints][INFO] - Saving metadata to archive/anemoi-metadata/ai-models.json
[2025-10-02 13:00:14,021][anemoi.utils.checkpoints][INFO] - Saving supporting array `latitudes` to archive/anemoi-metadata/latitudes.numpy (shape=(10944,), dtype=float64)
[2025-10-02 13:00:14,021][anemoi.utils.checkpoints][INFO] - Saving supporting array `longitudes` to archive/anemoi-metadata/longitudes.numpy (shape=(10944,), dtype=float64)
[2025-10-02 13:00:14,132][anemoi.utils.checkpoints][INFO] - Adding extra information to checkpoint /lus/h2resw01/scratch/momc/checkpoint/eb40c4cb4924430785828bf38b883c18/inference-anemoi-by_epoch-epoch_006-step_026880.ckpt
[2025-10-02 13:00:14,133][anemoi.utils.checkpoints][INFO] - Saving metadata to inference-anemoi-by_epoch-epoch_006-step_026880/anemoi-metadata/ai-models.json
[2025-10-02 13:00:14,135][anemoi.utils.checkpoints][INFO] - Saving supporting array `latitudes` to inference-anemoi-by_epoch-epoch_006-step_026880/anemoi-metadata/latitudes.numpy (shape=(10944,), dtype=float64)
[2025-10-02 13:00:14,135][anemoi.utils.checkpoints][INFO] - Saving supporting array `longitudes` to inference-anemoi-by_epoch-epoch_006-step_026880/anemoi-metadata/longitudes.numpy (shape=(10944,), dtype=float64)
[2025-10-02 13:00:14,821][anemoi.utils.checkpoints][INFO] - Adding extra information to checkpoint /lus/h2resw01/scratch/momc/checkpoint/eb40c4cb4924430785828bf38b883c18/anemoi-by_epoch-epoch_006-step_026880.ckpt
[2025-10-02 13:00:14,821][anemoi.utils.checkpoints][INFO] - Saving metadata to archive/anemoi-metadata/ai-models.json
[2025-10-02 13:00:14,823][anemoi.utils.checkpoints][INFO] - Saving supporting array `latitudes` to archive/anemoi-metadata/latitudes.numpy (shape=(10944,), dtype=float64)
[2025-10-02 13:00:14,823][anemoi.utils.checkpoints][INFO] - Saving supporting array `longitudes` to archive/anemoi-metadata/longitudes.numpy (shape=(10944,), dtype=float64)
[2025-10-02 13:00:14,951][anemoi.utils.checkpoints][INFO] - Adding extra information to checkpoint /lus/h2resw01/scratch/momc/checkpoint/eb40c4cb4924430785828bf38b883c18/inference-last.ckpt
[2025-10-02 13:00:14,951][anemoi.utils.checkpoints][INFO] - Saving metadata to inference-last/anemoi-metadata/ai-models.json
[2025-10-02 13:00:14,952][anemoi.utils.checkpoints][INFO] - Saving supporting array `latitudes` to inference-last/anemoi-metadata/latitudes.numpy (shape=(10944,), dtype=float64)
[2025-10-02 13:00:14,953][anemoi.utils.checkpoints][INFO] - Saving supporting array `longitudes` to inference-last/anemoi-metadata/longitudes.numpy (shape=(10944,), dtype=float64)
[2025-10-02 13:00:15,688][anemoi.utils.checkpoints][INFO] - Adding extra information to checkpoint /lus/h2resw01/scratch/momc/checkpoint/eb40c4cb4924430785828bf38b883c18/last.ckpt
[2025-10-02 13:00:15,689][anemoi.utils.checkpoints][INFO] - Saving metadata to archive/anemoi-metadata/ai-models.json
[2025-10-02 13:00:15,690][anemoi.utils.checkpoints][INFO] - Saving supporting array `latitudes` to archive/anemoi-metadata/latitudes.numpy (shape=(10944,), dtype=float64)
[2025-10-02 13:00:15,690][anemoi.utils.checkpoints][INFO] - Saving supporting array `longitudes` to archive/anemoi-metadata/longitudes.numpy (shape=(10944,), dtype=float64)
[2025-10-02 13:13:43,631][anemoi.models.data_indices.collection][INFO] - The order of the variables in the model matches the order in the data.
[2025-10-02 13:13:43,632][anemoi.models.data_indices.collection][INFO] - The order of the variables in the model matches the order in the data.
[2025-10-02 13:13:43,632][anemoi.models.data_indices.collection][INFO] - The order of the variables in the model matches the order in the data.
[2025-10-02 13:13:43,632][anemoi.models.data_indices.collection][INFO] - The order of the variables in the model matches the order in the data.
[2025-10-02 13:13:58,014][anemoi.utils.checkpoints][INFO] - Adding extra information to checkpoint /lus/h2resw01/scratch/momc/checkpoint/eb40c4cb4924430785828bf38b883c18/inference-last.ckpt
[2025-10-02 13:13:58,014][anemoi.utils.checkpoints][INFO] - Saving metadata to inference-last/anemoi-metadata/ai-models.json
[2025-10-02 13:13:58,015][anemoi.utils.checkpoints][INFO] - Saving supporting array `latitudes` to inference-last/anemoi-metadata/latitudes.numpy (shape=(10944,), dtype=float64)
[2025-10-02 13:13:58,015][anemoi.utils.checkpoints][INFO] - Saving supporting array `longitudes` to inference-last/anemoi-metadata/longitudes.numpy (shape=(10944,), dtype=float64)
[2025-10-02 13:13:58,740][anemoi.utils.checkpoints][INFO] - Adding extra information to checkpoint /lus/h2resw01/scratch/momc/checkpoint/eb40c4cb4924430785828bf38b883c18/last.ckpt
[2025-10-02 13:13:58,740][anemoi.utils.checkpoints][INFO] - Saving metadata to archive/anemoi-metadata/ai-models.json
[2025-10-02 13:13:58,741][anemoi.utils.checkpoints][INFO] - Saving supporting array `latitudes` to archive/anemoi-metadata/latitudes.numpy (shape=(10944,), dtype=float64)
[2025-10-02 13:13:58,742][anemoi.utils.checkpoints][INFO] - Saving supporting array `longitudes` to archive/anemoi-metadata/longitudes.numpy (shape=(10944,), dtype=float64)
[2025-10-02 13:13:58,853][anemoi.utils.checkpoints][INFO] - Adding extra information to checkpoint /lus/h2resw01/scratch/momc/checkpoint/eb40c4cb4924430785828bf38b883c18/inference-anemoi-by_epoch-epoch_007-step_030720.ckpt
[2025-10-02 13:13:58,853][anemoi.utils.checkpoints][INFO] - Saving metadata to inference-anemoi-by_epoch-epoch_007-step_030720/anemoi-metadata/ai-models.json
[2025-10-02 13:13:58,854][anemoi.utils.checkpoints][INFO] - Saving supporting array `latitudes` to inference-anemoi-by_epoch-epoch_007-step_030720/anemoi-metadata/latitudes.numpy (shape=(10944,), dtype=float64)
[2025-10-02 13:13:58,855][anemoi.utils.checkpoints][INFO] - Saving supporting array `longitudes` to inference-anemoi-by_epoch-epoch_007-step_030720/anemoi-metadata/longitudes.numpy (shape=(10944,), dtype=float64)
[2025-10-02 13:13:59,533][anemoi.utils.checkpoints][INFO] - Adding extra information to checkpoint /lus/h2resw01/scratch/momc/checkpoint/eb40c4cb4924430785828bf38b883c18/anemoi-by_epoch-epoch_007-step_030720.ckpt
[2025-10-02 13:13:59,533][anemoi.utils.checkpoints][INFO] - Saving metadata to archive/anemoi-metadata/ai-models.json
[2025-10-02 13:13:59,535][anemoi.utils.checkpoints][INFO] - Saving supporting array `latitudes` to archive/anemoi-metadata/latitudes.numpy (shape=(10944,), dtype=float64)
[2025-10-02 13:13:59,535][anemoi.utils.checkpoints][INFO] - Saving supporting array `longitudes` to archive/anemoi-metadata/longitudes.numpy (shape=(10944,), dtype=float64)
[2025-10-02 13:13:59,661][anemoi.utils.checkpoints][INFO] - Adding extra information to checkpoint /lus/h2resw01/scratch/momc/checkpoint/eb40c4cb4924430785828bf38b883c18/inference-last.ckpt
[2025-10-02 13:13:59,661][anemoi.utils.checkpoints][INFO] - Saving metadata to inference-last/anemoi-metadata/ai-models.json
[2025-10-02 13:13:59,663][anemoi.utils.checkpoints][INFO] - Saving supporting array `latitudes` to inference-last/anemoi-metadata/latitudes.numpy (shape=(10944,), dtype=float64)
[2025-10-02 13:13:59,663][anemoi.utils.checkpoints][INFO] - Saving supporting array `longitudes` to inference-last/anemoi-metadata/longitudes.numpy (shape=(10944,), dtype=float64)
[2025-10-02 13:14:00,377][anemoi.utils.checkpoints][INFO] - Adding extra information to checkpoint /lus/h2resw01/scratch/momc/checkpoint/eb40c4cb4924430785828bf38b883c18/last.ckpt
[2025-10-02 13:14:00,378][anemoi.utils.checkpoints][INFO] - Saving metadata to archive/anemoi-metadata/ai-models.json
[2025-10-02 13:14:00,379][anemoi.utils.checkpoints][INFO] - Saving supporting array `latitudes` to archive/anemoi-metadata/latitudes.numpy (shape=(10944,), dtype=float64)
[2025-10-02 13:14:00,379][anemoi.utils.checkpoints][INFO] - Saving supporting array `longitudes` to archive/anemoi-metadata/longitudes.numpy (shape=(10944,), dtype=float64)
[2025-10-02 13:23:02,629][pytorch_lightning.trainer.connectors.signal_connector][INFO] - [rank: 1] Received SIGTERM: 15
[2025-10-02 13:23:02,629][pytorch_lightning.trainer.connectors.signal_connector][INFO] - [rank: 0] Received SIGTERM: 15
[2025-10-02 13:23:02,631][pytorch_lightning.trainer.connectors.signal_connector][INFO] - [rank: 2] Received SIGTERM: 15
[2025-10-02 13:23:02,632][pytorch_lightning.trainer.connectors.signal_connector][INFO] - Bypassing SIGTERM: 15
[2025-10-02 13:23:02,632][pytorch_lightning.trainer.connectors.signal_connector][INFO] - Bypassing SIGTERM: 15
[2025-10-02 13:23:02,632][pytorch_lightning.trainer.connectors.signal_connector][INFO] - Bypassing SIGTERM: 15
[2025-10-02 13:23:02,635][pytorch_lightning.trainer.connectors.signal_connector][INFO] - [rank: 3] Received SIGTERM: 15
[2025-10-02 13:23:02,635][pytorch_lightning.trainer.connectors.signal_connector][INFO] - Bypassing SIGTERM: 15
[2025-10-02 13:23:02,639][anemoi.training.diagnostics.mlflow.logger][INFO] - Stopping terminal log monitoring and saving buffered terminal outputs. Final status: FAILED
