[2025-10-02 16:21:36,394][anemoi.training.train.train][INFO] - Skipping config validation.
[2025-10-02 16:21:36,395][anemoi.training.train.train][INFO] - Starting from checkpoint: False
[2025-10-02 16:21:36,395][anemoi.training.train.train][INFO] - Run id: None
[2025-10-02 16:21:36,400][anemoi.training.train.train][INFO] - Skipping config validation.
[2025-10-02 16:21:36,400][anemoi.training.train.train][INFO] - Starting from checkpoint: False
[2025-10-02 16:21:36,401][anemoi.training.train.train][INFO] - Skipping config validation.
[2025-10-02 16:21:36,401][anemoi.training.train.train][INFO] - Starting from checkpoint: False
[2025-10-02 16:21:36,401][anemoi.training.train.train][INFO] - Run id: None
[2025-10-02 16:21:36,407][anemoi.training.train.train][INFO] - Skipping config validation.
[2025-10-02 16:21:36,407][anemoi.training.train.train][INFO] - Starting from checkpoint: False
[2025-10-02 16:21:36,407][anemoi.training.train.train][INFO] - Run id: None
[2025-10-02 16:21:37,602][anemoi.training.diagnostics.logger][INFO] - Maximum number of params allowed to be logged is: 2000
[2025-10-02 16:21:37,602][anemoi.training.diagnostics.logger][INFO] - Maximum number of params allowed to be logged is: 2000
[2025-10-02 16:21:37,602][anemoi.training.diagnostics.logger][INFO] - Maximum number of params allowed to be logged is: 2000
[2025-10-02 16:21:37,605][anemoi.training.diagnostics.logger][INFO] - Maximum number of params allowed to be logged is: 2000
[2025-10-02 16:21:37,615][anemoi.training.diagnostics.mlflow.logger][INFO] - MLflow is logging offline.
[2025-10-02 16:21:37,656][anemoi.training.train.train][INFO] - Parent run server2server: None
[2025-10-02 16:21:37,656][anemoi.training.train.train][INFO] - Fork run server2server: None
[2025-10-02 16:21:37,656][anemoi.training.train.train][INFO] - Parent run server2server: None
[2025-10-02 16:21:37,657][anemoi.training.train.train][INFO] - Fork run server2server: None
[2025-10-02 16:21:37,656][anemoi.training.train.train][INFO] - Checkpoints path: /scratch/momc/checkpoint
[2025-10-02 16:21:37,657][anemoi.training.train.train][INFO] - Plots path: /scratch/momc/plots
[2025-10-02 16:21:37,657][anemoi.training.train.train][INFO] - Checkpoints path: /scratch/momc/checkpoint
[2025-10-02 16:21:37,657][anemoi.training.train.train][INFO] - Parent run server2server: None
[2025-10-02 16:21:37,657][anemoi.training.train.train][INFO] - Plots path: /scratch/momc/plots
[2025-10-02 16:21:37,657][anemoi.training.train.train][INFO] - Fork run server2server: None
[2025-10-02 16:21:37,657][anemoi.training.train.train][INFO] - Checkpoints path: /scratch/momc/checkpoint
[2025-10-02 16:21:37,657][anemoi.training.train.train][INFO] - Plots path: /scratch/momc/plots
[2025-10-02 16:21:37,944][anemoi.training.diagnostics.mlflow.logger][INFO] - Logging 1 parameters
[2025-10-02 16:21:37,953][anemoi.training.diagnostics.mlflow.logger][INFO] - Terminal Log Path: /scratch/momc/plots/dbde19f6c791421ea8682147316edeb1/plots/terminal_log.txt
[2025-10-02 16:21:37,953][anemoi.training.diagnostics.mlflow.logger][INFO] - SLURM job id: 35295813
[2025-10-02 16:21:37,953][anemoi.training.train.train][INFO] - Mlflow Run id: dbde19f6c791421ea8682147316edeb1
[2025-10-02 16:21:37,953][anemoi.training.train.train][INFO] - Run id: dbde19f6c791421ea8682147316edeb1
[2025-10-02 16:21:37,953][anemoi.training.train.train][INFO] - Parent run server2server: None
[2025-10-02 16:21:37,953][anemoi.training.train.train][INFO] - Fork run server2server: None
[2025-10-02 16:21:37,954][anemoi.training.train.train][INFO] - Checkpoints path: /scratch/momc/checkpoint/dbde19f6c791421ea8682147316edeb1
[2025-10-02 16:21:37,954][anemoi.training.train.train][INFO] - Plots path: /scratch/momc/plots/dbde19f6c791421ea8682147316edeb1
[2025-10-02 16:21:37,954][anemoi.training.train.train][INFO] - Dry run: False
[2025-10-02 16:21:38,365][anemoi.graphs.nodes.builders.from_file][INFO] - Reading the dataset from /home/mlx/ai-ml/datasets//aifs-ea-an-oper-0001-mars-o48-1979-2022-6h-v6.zarr.
[2025-10-02 16:21:38,365][anemoi.graphs.nodes.builders.from_file][INFO] - Reading the dataset from /home/mlx/ai-ml/datasets//aifs-ea-an-oper-0001-mars-o48-1979-2022-6h-v6.zarr.
[2025-10-02 16:21:38,365][anemoi.graphs.nodes.builders.from_file][INFO] - Reading the dataset from /home/mlx/ai-ml/datasets//aifs-ea-an-oper-0001-mars-o48-1979-2022-6h-v6.zarr.
[2025-10-02 16:21:38,473][anemoi.graphs.nodes.builders.from_file][INFO] - Reading the dataset from /home/mlx/ai-ml/datasets//aifs-ea-an-oper-0001-mars-o48-1979-2022-6h-v6.zarr.
[2025-10-02 16:21:40,218][anemoi.graphs.edges.builders.cutoff][INFO] - Using CutOff-Edges (with radius = 208.3 km) between data and hidden.
[2025-10-02 16:21:40,224][anemoi.graphs.edges.builders.cutoff][INFO] - Using CutOff-Edges (with radius = 208.3 km) between data and hidden.
[2025-10-02 16:21:40,227][anemoi.graphs.edges.builders.cutoff][INFO] - Using CutOff-Edges (with radius = 208.3 km) between data and hidden.
[2025-10-02 16:21:40,229][anemoi.graphs.edges.builders.base][WARNING] - The 'torch-cluster' library is not installed. Installing 'torch-cluster' can significantly improve performance for graph creation. You can install it using 'pip install torch-cluster'.
[2025-10-02 16:21:40,235][anemoi.graphs.edges.builders.base][WARNING] - The 'torch-cluster' library is not installed. Installing 'torch-cluster' can significantly improve performance for graph creation. You can install it using 'pip install torch-cluster'.
[2025-10-02 16:21:40,238][anemoi.graphs.edges.builders.base][WARNING] - The 'torch-cluster' library is not installed. Installing 'torch-cluster' can significantly improve performance for graph creation. You can install it using 'pip install torch-cluster'.
[2025-10-02 16:21:40,424][anemoi.graphs.edges.builders.cutoff][INFO] - Using CutOff-Edges (with radius = 208.3 km) between data and hidden.
[2025-10-02 16:21:40,435][anemoi.graphs.edges.builders.base][WARNING] - The 'torch-cluster' library is not installed. Installing 'torch-cluster' can significantly improve performance for graph creation. You can install it using 'pip install torch-cluster'.
[2025-10-02 16:21:40,450][anemoi.graphs.edges.builders.knn][INFO] - Using KNN-Edges (with 3 nearest neighbours) between hidden and data.
[2025-10-02 16:21:40,450][anemoi.graphs.edges.builders.base][WARNING] - The 'torch-cluster' library is not installed. Installing 'torch-cluster' can significantly improve performance for graph creation. You can install it using 'pip install torch-cluster'.
[2025-10-02 16:21:40,480][anemoi.graphs.create][INFO] - Cleaning graph.
[2025-10-02 16:21:40,480][anemoi.graphs.create][INFO] - _grid_reference_distance deleted from graph.
[2025-10-02 16:21:40,480][anemoi.graphs.create][INFO] - _dataset deleted from graph.
[2025-10-02 16:21:40,480][anemoi.graphs.create][INFO] - _grid_reference_distance deleted from graph.
[2025-10-02 16:21:40,489][anemoi.graphs.create][INFO] - Graph saved at /scratch/momc/graphs/graph_o32.pt.
[2025-10-02 16:21:40,655][anemoi.graphs.edges.builders.knn][INFO] - Using KNN-Edges (with 3 nearest neighbours) between hidden and data.
[2025-10-02 16:21:40,656][anemoi.graphs.edges.builders.base][WARNING] - The 'torch-cluster' library is not installed. Installing 'torch-cluster' can significantly improve performance for graph creation. You can install it using 'pip install torch-cluster'.
[2025-10-02 16:21:40,684][anemoi.graphs.edges.builders.knn][INFO] - Using KNN-Edges (with 3 nearest neighbours) between hidden and data.
[2025-10-02 16:21:40,684][anemoi.graphs.edges.builders.knn][INFO] - Using KNN-Edges (with 3 nearest neighbours) between hidden and data.
[2025-10-02 16:21:40,684][anemoi.graphs.edges.builders.base][WARNING] - The 'torch-cluster' library is not installed. Installing 'torch-cluster' can significantly improve performance for graph creation. You can install it using 'pip install torch-cluster'.
[2025-10-02 16:21:40,685][anemoi.graphs.edges.builders.base][WARNING] - The 'torch-cluster' library is not installed. Installing 'torch-cluster' can significantly improve performance for graph creation. You can install it using 'pip install torch-cluster'.
[2025-10-02 16:21:40,686][anemoi.graphs.create][INFO] - Cleaning graph.
[2025-10-02 16:21:40,686][anemoi.graphs.create][INFO] - _grid_reference_distance deleted from graph.
[2025-10-02 16:21:40,686][anemoi.graphs.create][INFO] - _dataset deleted from graph.
[2025-10-02 16:21:40,686][anemoi.graphs.create][INFO] - _grid_reference_distance deleted from graph.
[2025-10-02 16:21:40,694][anemoi.graphs.create][INFO] - Graph saved at /scratch/momc/graphs/graph_o32.pt.
[2025-10-02 16:21:40,705][anemoi.graphs.create][INFO] - Cleaning graph.
[2025-10-02 16:21:40,705][anemoi.graphs.create][INFO] - _grid_reference_distance deleted from graph.
[2025-10-02 16:21:40,705][anemoi.graphs.create][INFO] - _dataset deleted from graph.
[2025-10-02 16:21:40,705][anemoi.graphs.create][INFO] - _grid_reference_distance deleted from graph.
[2025-10-02 16:21:40,711][anemoi.graphs.create][INFO] - Graph saved at /scratch/momc/graphs/graph_o32.pt.
[2025-10-02 16:21:40,715][anemoi.graphs.create][INFO] - Cleaning graph.
[2025-10-02 16:21:40,715][anemoi.graphs.create][INFO] - _grid_reference_distance deleted from graph.
[2025-10-02 16:21:40,715][anemoi.graphs.create][INFO] - _dataset deleted from graph.
[2025-10-02 16:21:40,715][anemoi.graphs.create][INFO] - _grid_reference_distance deleted from graph.
[2025-10-02 16:21:40,722][anemoi.graphs.create][INFO] - Graph saved at /scratch/momc/graphs/graph_o32.pt.
[2025-10-02 16:21:41,395][anemoi.training.data.datamodule.singledatamodule][WARNING] - Falling back rollout to: 1
[2025-10-02 16:21:41,395][anemoi.training.data.datamodule.singledatamodule][INFO] - Timeincrement set to 1 for data with frequency, 21600, and timestep, 21600
[2025-10-02 16:21:41,398][anemoi.training.train.train][INFO] - Number of data variables: 101
[2025-10-02 16:21:41,398][anemoi.training.train.train][INFO] - Variables: ['q_50', 'q_100', 'q_150', 'q_200', 'q_250', 'q_300', 'q_400', 'q_500', 'q_600', 'q_700', 'q_850', 'q_925', 'q_1000', 't_50', 't_100', 't_150', 't_200', 't_250', 't_300', 't_400', 't_500', 't_600', 't_700', 't_850', 't_925', 't_1000', 'u_50', 'u_100', 'u_150', 'u_200', 'u_250', 'u_300', 'u_400', 'u_500', 'u_600', 'u_700', 'u_850', 'u_925', 'u_1000', 'v_50', 'v_100', 'v_150', 'v_200', 'v_250', 'v_300', 'v_400', 'v_500', 'v_600', 'v_700', 'v_850', 'v_925', 'v_1000', 'w_50', 'w_100', 'w_150', 'w_200', 'w_250', 'w_300', 'w_400', 'w_500', 'w_600', 'w_700', 'w_850', 'w_925', 'w_1000', 'z_50', 'z_100', 'z_150', 'z_200', 'z_250', 'z_300', 'z_400', 'z_500', 'z_600', 'z_700', 'z_850', 'z_925', 'z_1000', '10u', '10v', '2d', '2t', 'lsm', 'msl', 'sdor', 'skt', 'slor', 'sp', 'tcw', 'z', 'cp', 'tp', 'cos_latitude', 'cos_longitude', 'sin_latitude', 'sin_longitude', 'cos_julian_day', 'cos_local_time', 'sin_julian_day', 'sin_local_time', 'insolation']
[2025-10-02 16:21:41,398][anemoi.training.train.train][INFO] - Total number of prognostic variables: 88
[2025-10-02 16:21:41,398][anemoi.training.train.train][INFO] - Total number of auxiliary variables: 13
[2025-10-02 16:21:41,398][anemoi.training.train.train][INFO] - Total GPU count / model group size: 4 - NB: the learning rate will be scaled by this factor!
[2025-10-02 16:21:41,398][anemoi.training.train.train][INFO] - Effective learning rate: 4.000e-03
[2025-10-02 16:21:41,399][anemoi.training.data.datamodule.singledatamodule][WARNING] - Falling back rollout to: 1
[2025-10-02 16:21:41,400][anemoi.training.data.datamodule.singledatamodule][INFO] - Timeincrement set to 1 for data with frequency, 21600, and timestep, 21600
[2025-10-02 16:21:41,402][anemoi.training.train.train][INFO] - Number of data variables: 101
[2025-10-02 16:21:41,402][anemoi.training.train.train][INFO] - Variables: ['q_50', 'q_100', 'q_150', 'q_200', 'q_250', 'q_300', 'q_400', 'q_500', 'q_600', 'q_700', 'q_850', 'q_925', 'q_1000', 't_50', 't_100', 't_150', 't_200', 't_250', 't_300', 't_400', 't_500', 't_600', 't_700', 't_850', 't_925', 't_1000', 'u_50', 'u_100', 'u_150', 'u_200', 'u_250', 'u_300', 'u_400', 'u_500', 'u_600', 'u_700', 'u_850', 'u_925', 'u_1000', 'v_50', 'v_100', 'v_150', 'v_200', 'v_250', 'v_300', 'v_400', 'v_500', 'v_600', 'v_700', 'v_850', 'v_925', 'v_1000', 'w_50', 'w_100', 'w_150', 'w_200', 'w_250', 'w_300', 'w_400', 'w_500', 'w_600', 'w_700', 'w_850', 'w_925', 'w_1000', 'z_50', 'z_100', 'z_150', 'z_200', 'z_250', 'z_300', 'z_400', 'z_500', 'z_600', 'z_700', 'z_850', 'z_925', 'z_1000', '10u', '10v', '2d', '2t', 'lsm', 'msl', 'sdor', 'skt', 'slor', 'sp', 'tcw', 'z', 'cp', 'tp', 'cos_latitude', 'cos_longitude', 'sin_latitude', 'sin_longitude', 'cos_julian_day', 'cos_local_time', 'sin_julian_day', 'sin_local_time', 'insolation']
[2025-10-02 16:21:41,402][anemoi.training.train.train][INFO] - Total number of prognostic variables: 88
[2025-10-02 16:21:41,402][anemoi.training.train.train][INFO] - Total number of auxiliary variables: 13
[2025-10-02 16:21:41,402][anemoi.training.train.train][INFO] - Total GPU count / model group size: 4 - NB: the learning rate will be scaled by this factor!
[2025-10-02 16:21:41,402][anemoi.training.train.train][INFO] - Effective learning rate: 4.000e-03
[2025-10-02 16:21:41,402][anemoi.training.data.datamodule.singledatamodule][WARNING] - Falling back rollout to: 1
[2025-10-02 16:21:41,403][anemoi.training.data.datamodule.singledatamodule][INFO] - Timeincrement set to 1 for data with frequency, 21600, and timestep, 21600
[2025-10-02 16:21:41,405][anemoi.training.train.train][INFO] - Number of data variables: 101
[2025-10-02 16:21:41,405][anemoi.training.train.train][INFO] - Variables: ['q_50', 'q_100', 'q_150', 'q_200', 'q_250', 'q_300', 'q_400', 'q_500', 'q_600', 'q_700', 'q_850', 'q_925', 'q_1000', 't_50', 't_100', 't_150', 't_200', 't_250', 't_300', 't_400', 't_500', 't_600', 't_700', 't_850', 't_925', 't_1000', 'u_50', 'u_100', 'u_150', 'u_200', 'u_250', 'u_300', 'u_400', 'u_500', 'u_600', 'u_700', 'u_850', 'u_925', 'u_1000', 'v_50', 'v_100', 'v_150', 'v_200', 'v_250', 'v_300', 'v_400', 'v_500', 'v_600', 'v_700', 'v_850', 'v_925', 'v_1000', 'w_50', 'w_100', 'w_150', 'w_200', 'w_250', 'w_300', 'w_400', 'w_500', 'w_600', 'w_700', 'w_850', 'w_925', 'w_1000', 'z_50', 'z_100', 'z_150', 'z_200', 'z_250', 'z_300', 'z_400', 'z_500', 'z_600', 'z_700', 'z_850', 'z_925', 'z_1000', '10u', '10v', '2d', '2t', 'lsm', 'msl', 'sdor', 'skt', 'slor', 'sp', 'tcw', 'z', 'cp', 'tp', 'cos_latitude', 'cos_longitude', 'sin_latitude', 'sin_longitude', 'cos_julian_day', 'cos_local_time', 'sin_julian_day', 'sin_local_time', 'insolation']
[2025-10-02 16:21:41,406][anemoi.training.train.train][INFO] - Total number of prognostic variables: 88
[2025-10-02 16:21:41,406][anemoi.training.train.train][INFO] - Total number of auxiliary variables: 13
[2025-10-02 16:21:41,406][anemoi.training.train.train][INFO] - Total GPU count / model group size: 4 - NB: the learning rate will be scaled by this factor!
[2025-10-02 16:21:41,406][anemoi.training.train.train][INFO] - Effective learning rate: 4.000e-03
[2025-10-02 16:21:41,414][anemoi.training.data.datamodule.singledatamodule][WARNING] - Falling back rollout to: 1
[2025-10-02 16:21:41,415][anemoi.training.data.datamodule.singledatamodule][INFO] - Timeincrement set to 1 for data with frequency, 21600, and timestep, 21600
[2025-10-02 16:21:41,417][anemoi.training.train.train][INFO] - Number of data variables: 101
[2025-10-02 16:21:41,417][anemoi.training.train.train][INFO] - Variables: ['q_50', 'q_100', 'q_150', 'q_200', 'q_250', 'q_300', 'q_400', 'q_500', 'q_600', 'q_700', 'q_850', 'q_925', 'q_1000', 't_50', 't_100', 't_150', 't_200', 't_250', 't_300', 't_400', 't_500', 't_600', 't_700', 't_850', 't_925', 't_1000', 'u_50', 'u_100', 'u_150', 'u_200', 'u_250', 'u_300', 'u_400', 'u_500', 'u_600', 'u_700', 'u_850', 'u_925', 'u_1000', 'v_50', 'v_100', 'v_150', 'v_200', 'v_250', 'v_300', 'v_400', 'v_500', 'v_600', 'v_700', 'v_850', 'v_925', 'v_1000', 'w_50', 'w_100', 'w_150', 'w_200', 'w_250', 'w_300', 'w_400', 'w_500', 'w_600', 'w_700', 'w_850', 'w_925', 'w_1000', 'z_50', 'z_100', 'z_150', 'z_200', 'z_250', 'z_300', 'z_400', 'z_500', 'z_600', 'z_700', 'z_850', 'z_925', 'z_1000', '10u', '10v', '2d', '2t', 'lsm', 'msl', 'sdor', 'skt', 'slor', 'sp', 'tcw', 'z', 'cp', 'tp', 'cos_latitude', 'cos_longitude', 'sin_latitude', 'sin_longitude', 'cos_julian_day', 'cos_local_time', 'sin_julian_day', 'sin_local_time', 'insolation']
[2025-10-02 16:21:41,417][anemoi.training.train.train][INFO] - Total number of prognostic variables: 88
[2025-10-02 16:21:41,417][anemoi.training.train.train][INFO] - Total number of auxiliary variables: 13
[2025-10-02 16:21:41,417][anemoi.training.train.train][INFO] - Total GPU count / model group size: 4 - NB: the learning rate will be scaled by this factor!
[2025-10-02 16:21:41,417][anemoi.training.train.train][INFO] - Effective learning rate: 4.000e-03
[2025-10-02 16:21:43,131][anemoi.training.diagnostics.callbacks.plot][INFO] - Setting up asynchronous plotting ...
[2025-10-02 16:21:43,131][anemoi.training.diagnostics.callbacks.plot][INFO] - Setting up asynchronous plotting ...
[2025-10-02 16:21:43,131][anemoi.training.diagnostics.callbacks.plot][INFO] - Setting up asynchronous plotting ...
[2025-10-02 16:21:43,135][anemoi.training.diagnostics.callbacks.plot][INFO] - Setting up asynchronous plotting ...
[2025-10-02 16:21:43,160][anemoi.training.diagnostics.callbacks.plot][INFO] - Setting up asynchronous plotting ...
[2025-10-02 16:21:43,160][anemoi.training.diagnostics.callbacks.plot][INFO] - Setting up asynchronous plotting ...
[2025-10-02 16:21:43,160][anemoi.training.diagnostics.callbacks.plot][INFO] - Setting up asynchronous plotting ...
[2025-10-02 16:21:43,160][anemoi.training.diagnostics.callbacks.plot][INFO] - Setting up asynchronous plotting ...
[2025-10-02 16:21:43,160][anemoi.training.diagnostics.callbacks.plot][INFO] - Using defined accumulation colormap for fields: ['tp', 'cp']
[2025-10-02 16:21:43,160][anemoi.training.diagnostics.callbacks.plot][INFO] - Using defined accumulation colormap for fields: ['tp', 'cp']
[2025-10-02 16:21:43,161][anemoi.training.diagnostics.callbacks.plot][INFO] - Using defined accumulation colormap for fields: ['tp', 'cp']
[2025-10-02 16:21:43,161][anemoi.training.diagnostics.callbacks.plot][INFO] - Using defined accumulation colormap for fields: ['tp', 'cp']
[2025-10-02 16:21:43,211][anemoi.models.migrations.migrator][INFO] - Loading migration 1755530253_initial
[2025-10-02 16:21:43,211][anemoi.models.migrations.migrator][INFO] - Loading migration 1755530253_initial
[2025-10-02 16:21:43,211][anemoi.models.migrations.migrator][INFO] - Loading migration 1755530253_initial
[2025-10-02 16:21:43,216][anemoi.models.migrations.migrator][INFO] - Loading migration 1755530253_initial
[2025-10-02 16:21:43,299][anemoi.training.train.train][INFO] - MLFlow logger enabled
[2025-10-02 16:21:43,299][anemoi.training.train.train][INFO] - MLFlow logger enabled
[2025-10-02 16:21:43,299][anemoi.training.train.train][INFO] - MLFlow logger enabled
[2025-10-02 16:21:43,301][pytorch_lightning.utilities.rank_zero][INFO] - Using 16bit Automatic Mixed Precision (AMP)
[2025-10-02 16:21:43,304][anemoi.training.train.train][INFO] - MLFlow logger enabled
[2025-10-02 16:21:43,317][pytorch_lightning.utilities.rank_zero][INFO] - GPU available: True (cuda), used: True
[2025-10-02 16:21:43,317][pytorch_lightning.utilities.rank_zero][INFO] - TPU available: False, using: 0 TPU cores
[2025-10-02 16:21:43,317][pytorch_lightning.utilities.rank_zero][INFO] - HPU available: False, using: 0 HPUs
[2025-10-02 16:21:43,353][lightning_fabric.utilities.seed][INFO] - [rank: 0] Seed set to 35295813
[2025-10-02 16:21:43,354][lightning_fabric.utilities.seed][INFO] - [rank: 2] Seed set to 35295813
[2025-10-02 16:21:43,354][lightning_fabric.utilities.seed][INFO] - [rank: 3] Seed set to 35295813
[2025-10-02 16:21:43,355][anemoi.training.train.train][INFO] - Initial seed: Rank 0, initial seed 35295813, running with random seed: 35295813
[2025-10-02 16:21:43,355][anemoi.training.train.train][INFO] - Initial seed: Rank 2, initial seed 35295813, running with random seed: 35295813
[2025-10-02 16:21:43,355][anemoi.training.train.train][INFO] - Initial seed: Rank 3, initial seed 35295813, running with random seed: 35295813
[2025-10-02 16:21:43,358][lightning_fabric.utilities.seed][INFO] - [rank: 1] Seed set to 35295813
[2025-10-02 16:21:43,359][anemoi.training.train.train][INFO] - Initial seed: Rank 1, initial seed 35295813, running with random seed: 35295813
[2025-10-02 16:22:09,468][anemoi.models.preprocessing.normalizer][INFO] - Normalizing: lsm is not normalized.
[2025-10-02 16:22:09,469][anemoi.models.preprocessing.normalizer][INFO] - Normalizing: cos_latitude is not normalized.
[2025-10-02 16:22:09,469][anemoi.models.preprocessing.normalizer][INFO] - Normalizing: cos_longitude is not normalized.
[2025-10-02 16:22:09,469][anemoi.models.preprocessing.normalizer][INFO] - Normalizing: sin_latitude is not normalized.
[2025-10-02 16:22:09,469][anemoi.models.preprocessing.normalizer][INFO] - Normalizing: sin_longitude is not normalized.
[2025-10-02 16:22:09,469][anemoi.models.preprocessing.normalizer][INFO] - Normalizing: cos_julian_day is not normalized.
[2025-10-02 16:22:09,469][anemoi.models.preprocessing.normalizer][INFO] - Normalizing: lsm is not normalized.
[2025-10-02 16:22:09,469][anemoi.models.preprocessing.normalizer][INFO] - Normalizing: cos_local_time is not normalized.
[2025-10-02 16:22:09,469][anemoi.models.preprocessing.normalizer][INFO] - Normalizing: sin_julian_day is not normalized.
[2025-10-02 16:22:09,469][anemoi.models.preprocessing.normalizer][INFO] - Normalizing: cos_latitude is not normalized.
[2025-10-02 16:22:09,469][anemoi.models.preprocessing.normalizer][INFO] - Normalizing: sin_local_time is not normalized.
[2025-10-02 16:22:09,469][anemoi.models.preprocessing.normalizer][INFO] - Normalizing: cos_longitude is not normalized.
[2025-10-02 16:22:09,469][anemoi.models.preprocessing.normalizer][INFO] - Normalizing: insolation is not normalized.
[2025-10-02 16:22:09,469][anemoi.models.preprocessing.normalizer][INFO] - Normalizing: sin_latitude is not normalized.
[2025-10-02 16:22:09,469][anemoi.models.preprocessing.normalizer][INFO] - Normalizing: lsm is not normalized.
[2025-10-02 16:22:09,469][anemoi.models.preprocessing.normalizer][INFO] - Normalizing: sin_longitude is not normalized.
[2025-10-02 16:22:09,469][anemoi.models.preprocessing.normalizer][INFO] - Normalizing: cos_julian_day is not normalized.
[2025-10-02 16:22:09,469][anemoi.models.preprocessing.normalizer][INFO] - Normalizing: lsm is not normalized.
[2025-10-02 16:22:09,469][anemoi.models.preprocessing.normalizer][INFO] - Normalizing: cos_latitude is not normalized.
[2025-10-02 16:22:09,469][anemoi.models.preprocessing.normalizer][INFO] - Normalizing: cos_local_time is not normalized.
[2025-10-02 16:22:09,469][anemoi.models.preprocessing.normalizer][INFO] - Normalizing: cos_longitude is not normalized.
[2025-10-02 16:22:09,469][anemoi.models.preprocessing.normalizer][INFO] - Normalizing: cos_latitude is not normalized.
[2025-10-02 16:22:09,469][anemoi.models.preprocessing.normalizer][INFO] - Normalizing: sin_julian_day is not normalized.
[2025-10-02 16:22:09,469][anemoi.models.preprocessing.normalizer][INFO] - Normalizing: sin_latitude is not normalized.
[2025-10-02 16:22:09,469][anemoi.models.preprocessing.normalizer][INFO] - Normalizing: cos_longitude is not normalized.
[2025-10-02 16:22:09,469][anemoi.models.preprocessing.normalizer][INFO] - Normalizing: sin_local_time is not normalized.
[2025-10-02 16:22:09,469][anemoi.models.preprocessing.normalizer][INFO] - Normalizing: sin_longitude is not normalized.
[2025-10-02 16:22:09,469][anemoi.models.preprocessing.normalizer][INFO] - Normalizing: sin_latitude is not normalized.
[2025-10-02 16:22:09,469][anemoi.models.preprocessing.normalizer][INFO] - Normalizing: insolation is not normalized.
[2025-10-02 16:22:09,469][anemoi.models.preprocessing.normalizer][INFO] - Normalizing: cos_julian_day is not normalized.
[2025-10-02 16:22:09,469][anemoi.models.preprocessing.normalizer][INFO] - Normalizing: sin_longitude is not normalized.
[2025-10-02 16:22:09,469][anemoi.models.preprocessing.normalizer][INFO] - Normalizing: cos_local_time is not normalized.
[2025-10-02 16:22:09,469][anemoi.models.preprocessing.normalizer][INFO] - Normalizing: cos_julian_day is not normalized.
[2025-10-02 16:22:09,469][anemoi.models.preprocessing.normalizer][INFO] - Normalizing: sin_julian_day is not normalized.
[2025-10-02 16:22:09,469][anemoi.models.preprocessing.normalizer][INFO] - Normalizing: cos_local_time is not normalized.
[2025-10-02 16:22:09,469][anemoi.models.preprocessing.normalizer][INFO] - Normalizing: sin_local_time is not normalized.
[2025-10-02 16:22:09,469][anemoi.models.preprocessing.normalizer][INFO] - Normalizing: sin_julian_day is not normalized.
[2025-10-02 16:22:09,469][anemoi.models.preprocessing.normalizer][INFO] - Normalizing: insolation is not normalized.
[2025-10-02 16:22:09,469][anemoi.models.preprocessing.normalizer][INFO] - Normalizing: sin_local_time is not normalized.
[2025-10-02 16:22:09,469][anemoi.models.preprocessing.normalizer][INFO] - Normalizing: insolation is not normalized.
[2025-10-02 16:22:09,752][anemoi.models.layers.utils][INFO] - Linear kernel: torch.nn.Linear.
[2025-10-02 16:22:09,752][anemoi.models.layers.utils][INFO] - Linear kernel: torch.nn.Linear.
[2025-10-02 16:22:09,752][anemoi.models.layers.utils][INFO] - Linear kernel: torch.nn.Linear.
[2025-10-02 16:22:09,753][anemoi.models.layers.utils][INFO] - LayerNorm kernel: torch.nn.LayerNorm.
[2025-10-02 16:22:09,753][anemoi.models.layers.utils][INFO] - LayerNorm kernel: torch.nn.LayerNorm.
[2025-10-02 16:22:09,753][anemoi.models.layers.utils][INFO] - LayerNorm kernel: torch.nn.LayerNorm.
[2025-10-02 16:22:09,753][anemoi.models.layers.utils][INFO] - Activation kernel: torch.nn.GELU.
[2025-10-02 16:22:09,753][anemoi.models.layers.utils][INFO] - Linear kernel: torch.nn.Linear.
[2025-10-02 16:22:09,753][anemoi.models.layers.utils][INFO] - Activation kernel: torch.nn.GELU.
[2025-10-02 16:22:09,753][anemoi.models.layers.utils][INFO] - Activation kernel: torch.nn.GELU.
[2025-10-02 16:22:09,754][anemoi.models.layers.utils][INFO] - LayerNorm kernel: torch.nn.LayerNorm.
[2025-10-02 16:22:09,755][anemoi.models.layers.utils][INFO] - Activation kernel: torch.nn.GELU.
[2025-10-02 16:22:09,778][anemoi.models.layers.utils][INFO] - QueryNorm kernel: anemoi.models.layers.normalization.AutocastLayerNorm.
[2025-10-02 16:22:09,778][anemoi.models.layers.utils][INFO] - QueryNorm kernel: anemoi.models.layers.normalization.AutocastLayerNorm.
[2025-10-02 16:22:09,778][anemoi.models.layers.utils][INFO] - QueryNorm kernel: anemoi.models.layers.normalization.AutocastLayerNorm.
[2025-10-02 16:22:09,778][anemoi.models.layers.utils][INFO] - KeyNorm kernel: anemoi.models.layers.normalization.AutocastLayerNorm.
[2025-10-02 16:22:09,778][anemoi.models.layers.utils][INFO] - KeyNorm kernel: anemoi.models.layers.normalization.AutocastLayerNorm.
[2025-10-02 16:22:09,778][anemoi.models.layers.utils][INFO] - KeyNorm kernel: anemoi.models.layers.normalization.AutocastLayerNorm.
[2025-10-02 16:22:09,783][anemoi.models.layers.utils][INFO] - QueryNorm kernel: anemoi.models.layers.normalization.AutocastLayerNorm.
[2025-10-02 16:22:09,784][anemoi.models.layers.utils][INFO] - KeyNorm kernel: anemoi.models.layers.normalization.AutocastLayerNorm.
[2025-10-02 16:22:09,991][anemoi.models.layers.utils][INFO] - Linear kernel: torch.nn.Linear.
[2025-10-02 16:22:09,992][anemoi.models.layers.utils][INFO] - Linear kernel: torch.nn.Linear.
[2025-10-02 16:22:09,992][anemoi.models.layers.utils][INFO] - LayerNorm kernel: torch.nn.LayerNorm.
[2025-10-02 16:22:09,992][anemoi.models.layers.utils][INFO] - Linear kernel: torch.nn.Linear.
[2025-10-02 16:22:09,992][anemoi.models.layers.utils][INFO] - Linear kernel: torch.nn.Linear.
[2025-10-02 16:22:09,992][anemoi.models.layers.utils][INFO] - LayerNorm kernel: torch.nn.LayerNorm.
[2025-10-02 16:22:09,992][anemoi.models.layers.utils][INFO] - Activation kernel: torch.nn.GELU.
[2025-10-02 16:22:09,993][anemoi.models.layers.utils][INFO] - LayerNorm kernel: torch.nn.LayerNorm.
[2025-10-02 16:22:09,993][anemoi.models.layers.utils][INFO] - LayerNorm kernel: torch.nn.LayerNorm.
[2025-10-02 16:22:09,993][anemoi.models.layers.utils][INFO] - Activation kernel: torch.nn.GELU.
[2025-10-02 16:22:09,993][anemoi.models.layers.utils][INFO] - QueryNorm kernel: anemoi.models.layers.normalization.AutocastLayerNorm.
[2025-10-02 16:22:09,993][anemoi.models.layers.utils][INFO] - Activation kernel: torch.nn.GELU.
[2025-10-02 16:22:09,993][anemoi.models.layers.utils][INFO] - Activation kernel: torch.nn.GELU.
[2025-10-02 16:22:09,994][anemoi.models.layers.utils][INFO] - QueryNorm kernel: anemoi.models.layers.normalization.AutocastLayerNorm.
[2025-10-02 16:22:09,994][anemoi.models.layers.utils][INFO] - KeyNorm kernel: anemoi.models.layers.normalization.AutocastLayerNorm.
[2025-10-02 16:22:09,994][anemoi.models.layers.utils][INFO] - QueryNorm kernel: anemoi.models.layers.normalization.AutocastLayerNorm.
[2025-10-02 16:22:09,994][anemoi.models.layers.utils][INFO] - QueryNorm kernel: anemoi.models.layers.normalization.AutocastLayerNorm.
[2025-10-02 16:22:09,994][anemoi.models.layers.utils][INFO] - KeyNorm kernel: anemoi.models.layers.normalization.AutocastLayerNorm.
[2025-10-02 16:22:09,994][anemoi.models.layers.utils][INFO] - KeyNorm kernel: anemoi.models.layers.normalization.AutocastLayerNorm.
[2025-10-02 16:22:09,995][anemoi.models.layers.utils][INFO] - KeyNorm kernel: anemoi.models.layers.normalization.AutocastLayerNorm.
[2025-10-02 16:22:10,035][anemoi.models.layers.attention][INFO] - Using flash attention v2
[2025-10-02 16:22:10,041][anemoi.models.layers.attention][INFO] - Using flash attention v2
[2025-10-02 16:22:10,046][anemoi.models.layers.attention][INFO] - Using flash attention v2
[2025-10-02 16:22:10,050][anemoi.models.layers.attention][INFO] - Using flash attention v2
[2025-10-02 16:22:10,050][anemoi.models.layers.attention][INFO] - Using flash attention v2
[2025-10-02 16:22:10,050][anemoi.models.layers.attention][INFO] - Using flash attention v2
[2025-10-02 16:22:10,052][anemoi.models.layers.attention][INFO] - Using flash attention v2
[2025-10-02 16:22:10,056][anemoi.models.layers.attention][INFO] - Using flash attention v2
[2025-10-02 16:22:10,056][anemoi.models.layers.attention][INFO] - Using flash attention v2
[2025-10-02 16:22:10,056][anemoi.models.layers.attention][INFO] - Using flash attention v2
[2025-10-02 16:22:10,058][anemoi.models.layers.attention][INFO] - Using flash attention v2
[2025-10-02 16:22:10,061][anemoi.models.layers.attention][INFO] - Using flash attention v2
[2025-10-02 16:22:10,061][anemoi.models.layers.attention][INFO] - Using flash attention v2
[2025-10-02 16:22:10,061][anemoi.models.layers.attention][INFO] - Using flash attention v2
[2025-10-02 16:22:10,063][anemoi.models.layers.attention][INFO] - Using flash attention v2
[2025-10-02 16:22:10,067][anemoi.models.layers.attention][INFO] - Using flash attention v2
[2025-10-02 16:22:10,067][anemoi.models.layers.attention][INFO] - Using flash attention v2
[2025-10-02 16:22:10,067][anemoi.models.layers.attention][INFO] - Using flash attention v2
[2025-10-02 16:22:10,069][anemoi.models.layers.attention][INFO] - Using flash attention v2
[2025-10-02 16:22:10,072][anemoi.models.layers.attention][INFO] - Using flash attention v2
[2025-10-02 16:22:10,072][anemoi.models.layers.attention][INFO] - Using flash attention v2
[2025-10-02 16:22:10,072][anemoi.models.layers.attention][INFO] - Using flash attention v2
[2025-10-02 16:22:10,074][anemoi.models.layers.attention][INFO] - Using flash attention v2
[2025-10-02 16:22:10,078][anemoi.models.layers.attention][INFO] - Using flash attention v2
[2025-10-02 16:22:10,078][anemoi.models.layers.attention][INFO] - Using flash attention v2
[2025-10-02 16:22:10,078][anemoi.models.layers.attention][INFO] - Using flash attention v2
[2025-10-02 16:22:10,080][anemoi.models.layers.attention][INFO] - Using flash attention v2
[2025-10-02 16:22:10,083][anemoi.models.layers.attention][INFO] - Using flash attention v2
[2025-10-02 16:22:10,083][anemoi.models.layers.attention][INFO] - Using flash attention v2
[2025-10-02 16:22:10,083][anemoi.models.layers.attention][INFO] - Using flash attention v2
[2025-10-02 16:22:10,085][anemoi.models.layers.attention][INFO] - Using flash attention v2
[2025-10-02 16:22:10,089][anemoi.models.layers.attention][INFO] - Using flash attention v2
[2025-10-02 16:22:10,089][anemoi.models.layers.attention][INFO] - Using flash attention v2
[2025-10-02 16:22:10,089][anemoi.models.layers.attention][INFO] - Using flash attention v2
[2025-10-02 16:22:10,091][anemoi.models.layers.attention][INFO] - Using flash attention v2
[2025-10-02 16:22:10,094][anemoi.models.layers.attention][INFO] - Using flash attention v2
[2025-10-02 16:22:10,094][anemoi.models.layers.attention][INFO] - Using flash attention v2
[2025-10-02 16:22:10,094][anemoi.models.layers.attention][INFO] - Using flash attention v2
[2025-10-02 16:22:10,096][anemoi.models.layers.attention][INFO] - Using flash attention v2
[2025-10-02 16:22:10,100][anemoi.models.layers.attention][INFO] - Using flash attention v2
[2025-10-02 16:22:10,100][anemoi.models.layers.attention][INFO] - Using flash attention v2
[2025-10-02 16:22:10,100][anemoi.models.layers.attention][INFO] - Using flash attention v2
[2025-10-02 16:22:10,103][anemoi.models.layers.attention][INFO] - Using flash attention v2
[2025-10-02 16:22:10,105][anemoi.models.layers.attention][INFO] - Using flash attention v2
[2025-10-02 16:22:10,105][anemoi.models.layers.attention][INFO] - Using flash attention v2
[2025-10-02 16:22:10,105][anemoi.models.layers.attention][INFO] - Using flash attention v2
[2025-10-02 16:22:10,109][anemoi.models.layers.attention][INFO] - Using flash attention v2
[2025-10-02 16:22:10,110][anemoi.models.layers.attention][INFO] - Using flash attention v2
[2025-10-02 16:22:10,111][anemoi.models.layers.attention][INFO] - Using flash attention v2
[2025-10-02 16:22:10,111][anemoi.models.layers.attention][INFO] - Using flash attention v2
[2025-10-02 16:22:10,114][anemoi.models.layers.attention][INFO] - Using flash attention v2
[2025-10-02 16:22:10,116][anemoi.models.layers.attention][INFO] - Using flash attention v2
[2025-10-02 16:22:10,116][anemoi.models.layers.attention][INFO] - Using flash attention v2
[2025-10-02 16:22:10,116][anemoi.models.layers.attention][INFO] - Using flash attention v2
[2025-10-02 16:22:10,120][anemoi.models.layers.attention][INFO] - Using flash attention v2
[2025-10-02 16:22:10,121][anemoi.models.layers.attention][INFO] - Using flash attention v2
[2025-10-02 16:22:10,122][anemoi.models.layers.attention][INFO] - Using flash attention v2
[2025-10-02 16:22:10,122][anemoi.models.layers.attention][INFO] - Using flash attention v2
[2025-10-02 16:22:10,127][anemoi.models.layers.attention][INFO] - Using flash attention v2
[2025-10-02 16:22:10,127][anemoi.models.layers.attention][INFO] - Using flash attention v2
[2025-10-02 16:22:10,127][anemoi.models.layers.attention][INFO] - Using flash attention v2
[2025-10-02 16:22:10,131][anemoi.models.layers.utils][INFO] - Linear kernel: torch.nn.Linear.
[2025-10-02 16:22:10,131][anemoi.models.layers.utils][INFO] - LayerNorm kernel: torch.nn.LayerNorm.
[2025-10-02 16:22:10,132][anemoi.models.layers.utils][INFO] - Activation kernel: torch.nn.GELU.
[2025-10-02 16:22:10,132][anemoi.models.layers.attention][INFO] - Using flash attention v2
[2025-10-02 16:22:10,133][anemoi.models.layers.attention][INFO] - Using flash attention v2
[2025-10-02 16:22:10,133][anemoi.models.layers.utils][INFO] - QueryNorm kernel: anemoi.models.layers.normalization.AutocastLayerNorm.
[2025-10-02 16:22:10,133][anemoi.models.layers.attention][INFO] - Using flash attention v2
[2025-10-02 16:22:10,133][anemoi.models.layers.utils][INFO] - KeyNorm kernel: anemoi.models.layers.normalization.AutocastLayerNorm.
[2025-10-02 16:22:10,144][anemoi.models.layers.utils][INFO] - Linear kernel: torch.nn.Linear.
[2025-10-02 16:22:10,144][anemoi.models.layers.utils][INFO] - Linear kernel: torch.nn.Linear.
[2025-10-02 16:22:10,144][anemoi.models.layers.utils][INFO] - LayerNorm kernel: torch.nn.LayerNorm.
[2025-10-02 16:22:10,144][anemoi.models.layers.utils][INFO] - Linear kernel: torch.nn.Linear.
[2025-10-02 16:22:10,145][anemoi.models.layers.utils][INFO] - LayerNorm kernel: torch.nn.LayerNorm.
[2025-10-02 16:22:10,145][anemoi.models.layers.utils][INFO] - Activation kernel: torch.nn.GELU.
[2025-10-02 16:22:10,145][anemoi.models.layers.utils][INFO] - LayerNorm kernel: torch.nn.LayerNorm.
[2025-10-02 16:22:10,145][anemoi.models.layers.utils][INFO] - Activation kernel: torch.nn.GELU.
[2025-10-02 16:22:10,145][anemoi.models.layers.utils][INFO] - QueryNorm kernel: anemoi.models.layers.normalization.AutocastLayerNorm.
[2025-10-02 16:22:10,145][anemoi.models.layers.utils][INFO] - Activation kernel: torch.nn.GELU.
[2025-10-02 16:22:10,146][anemoi.models.layers.utils][INFO] - KeyNorm kernel: anemoi.models.layers.normalization.AutocastLayerNorm.
[2025-10-02 16:22:10,146][anemoi.models.layers.utils][INFO] - QueryNorm kernel: anemoi.models.layers.normalization.AutocastLayerNorm.
[2025-10-02 16:22:10,146][anemoi.models.layers.utils][INFO] - QueryNorm kernel: anemoi.models.layers.normalization.AutocastLayerNorm.
[2025-10-02 16:22:10,147][anemoi.models.layers.utils][INFO] - KeyNorm kernel: anemoi.models.layers.normalization.AutocastLayerNorm.
[2025-10-02 16:22:10,147][anemoi.models.layers.utils][INFO] - KeyNorm kernel: anemoi.models.layers.normalization.AutocastLayerNorm.
[2025-10-02 16:22:10,277][anemoi.training.losses.scalers.variable_level][INFO] - Variable Level Scaling: Applying ReluVariableLevelScaler scaling to pl variables ({'param': ['q', 't', 'u', 'v', 'w', 'z']})
[2025-10-02 16:22:10,277][anemoi.training.losses.scalers.variable_level][INFO] - Variable Level Scaling: Applying ReluVariableLevelScaler scaling to pl variables ({'param': ['q', 't', 'u', 'v', 'w', 'z']})
[2025-10-02 16:22:10,277][anemoi.training.losses.scalers.variable_level][INFO] - with slope = 0.001 and y-intercept/minimum = 0.2.
[2025-10-02 16:22:10,277][anemoi.training.losses.scalers.variable_level][INFO] - with slope = 0.001 and y-intercept/minimum = 0.2.
[2025-10-02 16:22:10,277][anemoi.training.losses.scalers.variable_level][INFO] - Variable Level Scaling: Applying ReluVariableLevelScaler scaling to pl variables ({'param': ['q', 't', 'u', 'v', 'w', 'z']})
[2025-10-02 16:22:10,277][anemoi.training.losses.scalers.variable_level][INFO] - with slope = 0.001 and y-intercept/minimum = 0.2.
[2025-10-02 16:22:10,278][anemoi.training.losses.scalers.variable_level][INFO] - Variable Level Scaling: Applying ReluVariableLevelScaler scaling to pl variables ({'param': ['q', 't', 'u', 'v', 'w', 'z']})
[2025-10-02 16:22:10,279][anemoi.training.losses.scalers.variable_level][INFO] - with slope = 0.001 and y-intercept/minimum = 0.2.
[2025-10-02 16:22:10,346][anemoi.training.train.train][INFO] - The following submodules will NOT be trained: []
[2025-10-02 16:22:10,346][anemoi.training.train.train][INFO] - The following submodules will NOT be trained: []
[2025-10-02 16:22:10,346][anemoi.training.train.train][INFO] - The following submodules will NOT be trained: []
[2025-10-02 16:22:10,354][anemoi.training.train.train][INFO] - The following submodules will NOT be trained: []
[2025-10-02 16:22:12,466][anemoi.training.utils.compile][INFO] - The following modules will be compiled: ['anemoi.models.layers.conv.GraphTransformerConv']
[2025-10-02 16:22:12,466][anemoi.training.utils.compile][INFO] - The following modules will be compiled: ['anemoi.models.layers.conv.GraphTransformerConv']
[2025-10-02 16:22:12,472][anemoi.training.utils.compile][INFO] - The following modules will be compiled: ['anemoi.models.layers.conv.GraphTransformerConv']
[2025-10-02 16:22:12,509][lightning_fabric.utilities.distributed][INFO] - Initializing distributed: GLOBAL_RANK: 2, MEMBER: 3/4
[2025-10-02 16:22:12,509][lightning_fabric.utilities.distributed][INFO] - Initializing distributed: GLOBAL_RANK: 1, MEMBER: 2/4
[2025-10-02 16:22:12,514][lightning_fabric.utilities.distributed][INFO] - Initializing distributed: GLOBAL_RANK: 3, MEMBER: 4/4
[2025-10-02 16:22:12,717][anemoi.training.utils.compile][INFO] - The following modules will be compiled: ['anemoi.models.layers.conv.GraphTransformerConv']
[2025-10-02 16:22:12,745][lightning_fabric.utilities.distributed][INFO] - Initializing distributed: GLOBAL_RANK: 0, MEMBER: 1/4
[2025-10-02 16:22:13,409][pytorch_lightning.utilities.rank_zero][INFO] - ----------------------------------------------------------------------------------------------------
distributed_backend=nccl
All distributed processes registered. Starting with 4 processes
----------------------------------------------------------------------------------------------------

[2025-10-02 16:22:13,539][pytorch_lightning.accelerators.cuda][INFO] - LOCAL_RANK: 1 - CUDA_VISIBLE_DEVICES: [0,1,2,3]
[2025-10-02 16:22:13,539][pytorch_lightning.accelerators.cuda][INFO] - LOCAL_RANK: 0 - CUDA_VISIBLE_DEVICES: [0,1,2,3]
[2025-10-02 16:22:13,539][pytorch_lightning.accelerators.cuda][INFO] - LOCAL_RANK: 3 - CUDA_VISIBLE_DEVICES: [0,1,2,3]
[2025-10-02 16:22:13,539][pytorch_lightning.accelerators.cuda][INFO] - LOCAL_RANK: 2 - CUDA_VISIBLE_DEVICES: [0,1,2,3]
[2025-10-02 16:22:14,007][lightning_fabric.utilities.seed][INFO] - [rank: 3] Seed set to 141183252
[2025-10-02 16:22:14,007][lightning_fabric.utilities.seed][INFO] - [rank: 1] Seed set to 70591626
[2025-10-02 16:22:14,007][lightning_fabric.utilities.seed][INFO] - [rank: 2] Seed set to 105887439
[2025-10-02 16:22:14,007][lightning_fabric.utilities.seed][INFO] - [rank: 0] Seed set to 35295813
[2025-10-02 16:22:14,018][pytorch_lightning.callbacks.model_summary][INFO] - 
  | Name    | Type                 | Params | Mode 
---------------------------------------------------------
0 | model   | AnemoiModelInterface | 15.0 M | train
1 | loss    | MSELoss              | 0      | train
2 | metrics | ModuleDict           | 0      | train
---------------------------------------------------------
15.0 M    Trainable params
0         Non-trainable params
15.0 M    Total params
59.997    Total estimated model params size (MB)
286       Modules in train mode
0         Modules in eval mode
[2025-10-02 16:22:14,072][anemoi.training.diagnostics.mlflow.logger][INFO] - Logging 492 parameters
[2025-10-02 16:22:16,128][pytorch_lightning.trainer.connectors.signal_connector][INFO] - SLURM auto-requeueing enabled. Setting signal handlers.
[2025-10-02 16:22:16,128][pytorch_lightning.trainer.connectors.signal_connector][INFO] - SLURM auto-requeueing enabled. Setting signal handlers.
[2025-10-02 16:22:16,128][pytorch_lightning.trainer.connectors.signal_connector][INFO] - SLURM auto-requeueing enabled. Setting signal handlers.
[2025-10-02 16:22:16,128][pytorch_lightning.trainer.connectors.signal_connector][INFO] - SLURM auto-requeueing enabled. Setting signal handlers.
[2025-10-02 16:22:16,700][anemoi.training.data.datamodule.singledatamodule][WARNING] - Falling back rollout to: 1
[2025-10-02 16:22:16,702][anemoi.training.data.datamodule.singledatamodule][WARNING] - Falling back rollout to: 1
[2025-10-02 16:22:16,707][anemoi.training.data.datamodule.singledatamodule][WARNING] - Falling back rollout to: 1
[2025-10-02 16:22:16,720][anemoi.training.data.datamodule.singledatamodule][WARNING] - Falling back rollout to: 1
[2025-10-02 16:22:16,758][anemoi.training.data.dataset.singledataset][INFO] - Worker 0 (pid 1463966, global_rank 0, model comm group 0)  has low/high range 0 / 45
[2025-10-02 16:22:16,758][anemoi.training.data.dataset.singledataset][INFO] - Worker 0 (pid 1463965, global_rank 2, model comm group 2)  has low/high range 728 / 773
[2025-10-02 16:22:16,759][anemoi.training.data.dataset.singledataset][INFO] - Worker 0 (pid 1463968, global_rank 3, model comm group 3)  has low/high range 1092 / 1137
[2025-10-02 16:22:16,762][anemoi.training.data.dataset.singledataset][INFO] - Worker 0 (pid 1463970, global_rank 1, model comm group 1)  has low/high range 364 / 409
[2025-10-02 16:22:16,785][anemoi.training.data.dataset.singledataset][INFO] - Worker 1 (pid 1463973, global_rank 2, model comm group 2)  has low/high range 773 / 818
[2025-10-02 16:22:16,789][anemoi.training.data.dataset.singledataset][INFO] - Worker 1 (pid 1463975, global_rank 0, model comm group 0)  has low/high range 45 / 90
[2025-10-02 16:22:16,790][anemoi.training.data.dataset.singledataset][INFO] - Worker 1 (pid 1463976, global_rank 3, model comm group 3)  has low/high range 1137 / 1182
[2025-10-02 16:22:16,797][anemoi.training.data.dataset.singledataset][INFO] - Worker 1 (pid 1463979, global_rank 1, model comm group 1)  has low/high range 409 / 454
[2025-10-02 16:22:16,819][anemoi.training.data.dataset.singledataset][INFO] - Worker 2 (pid 1463981, global_rank 0, model comm group 0)  has low/high range 90 / 135
[2025-10-02 16:22:16,827][anemoi.training.data.dataset.singledataset][INFO] - Worker 2 (pid 1463983, global_rank 2, model comm group 2)  has low/high range 818 / 863
[2025-10-02 16:22:16,837][anemoi.training.data.dataset.singledataset][INFO] - Worker 1 (validation, pid 1463976, glob. rank 3, model comm group 3, group_rank 0, seed group id 3, base_seed 35295813, sanity rnd 0.616706)
[2025-10-02 16:22:16,837][anemoi.training.data.dataset.singledataset][INFO] - Worker 1 (validation, pid 1463979, glob. rank 1, model comm group 1, group_rank 0, seed group id 1, base_seed 35295813, sanity rnd 0.616706)
[2025-10-02 16:22:16,837][anemoi.training.data.dataset.singledataset][INFO] - Worker 0 (validation, pid 1463968, glob. rank 3, model comm group 3, group_rank 0, seed group id 3, base_seed 35295813, sanity rnd 0.616706)
[2025-10-02 16:22:16,837][anemoi.training.data.dataset.singledataset][INFO] - Worker 0 (validation, pid 1463970, glob. rank 1, model comm group 1, group_rank 0, seed group id 1, base_seed 35295813, sanity rnd 0.616706)
[2025-10-02 16:22:16,838][anemoi.training.data.dataset.singledataset][INFO] - Worker 0 (validation, pid 1463965, glob. rank 2, model comm group 2, group_rank 0, seed group id 2, base_seed 35295813, sanity rnd 0.616706)
[2025-10-02 16:22:16,838][anemoi.training.data.dataset.singledataset][INFO] - Worker 2 (validation, pid 1463981, glob. rank 0, model comm group 0, group_rank 0, seed group id 0, base_seed 35295813, sanity rnd 0.616706)
[2025-10-02 16:22:16,838][anemoi.training.data.dataset.singledataset][INFO] - Worker 1 (validation, pid 1463973, glob. rank 2, model comm group 2, group_rank 0, seed group id 2, base_seed 35295813, sanity rnd 0.616706)
[2025-10-02 16:22:16,838][anemoi.training.data.dataset.singledataset][INFO] - Worker 0 (validation, pid 1463966, glob. rank 0, model comm group 0, group_rank 0, seed group id 0, base_seed 35295813, sanity rnd 0.616706)
[2025-10-02 16:22:16,838][anemoi.training.data.dataset.singledataset][INFO] - Worker 1 (validation, pid 1463975, glob. rank 0, model comm group 0, group_rank 0, seed group id 0, base_seed 35295813, sanity rnd 0.616706)
[2025-10-02 16:22:16,838][anemoi.training.data.dataset.singledataset][INFO] - Worker 2 (validation, pid 1463983, glob. rank 2, model comm group 2, group_rank 0, seed group id 2, base_seed 35295813, sanity rnd 0.616706)
[2025-10-02 16:22:16,850][anemoi.training.data.dataset.singledataset][INFO] - Worker 3 (pid 1463985, global_rank 0, model comm group 0)  has low/high range 135 / 180
[2025-10-02 16:22:16,856][anemoi.training.data.dataset.singledataset][INFO] - Worker 3 (pid 1463987, global_rank 2, model comm group 2)  has low/high range 863 / 908
[2025-10-02 16:22:16,857][anemoi.training.data.dataset.singledataset][INFO] - Worker 3 (validation, pid 1463985, glob. rank 0, model comm group 0, group_rank 0, seed group id 0, base_seed 35295813, sanity rnd 0.616706)
[2025-10-02 16:22:16,863][anemoi.training.data.dataset.singledataset][INFO] - Worker 3 (validation, pid 1463987, glob. rank 2, model comm group 2, group_rank 0, seed group id 2, base_seed 35295813, sanity rnd 0.616706)
[2025-10-02 16:22:16,880][anemoi.training.data.dataset.singledataset][INFO] - Worker 4 (pid 1463989, global_rank 0, model comm group 0)  has low/high range 180 / 225
[2025-10-02 16:22:16,884][anemoi.training.data.dataset.singledataset][INFO] - Worker 4 (pid 1463991, global_rank 2, model comm group 2)  has low/high range 908 / 953
[2025-10-02 16:22:16,892][anemoi.training.data.dataset.singledataset][INFO] - Worker 4 (validation, pid 1463989, glob. rank 0, model comm group 0, group_rank 0, seed group id 0, base_seed 35295813, sanity rnd 0.616706)
[2025-10-02 16:22:16,893][anemoi.training.data.dataset.singledataset][INFO] - Worker 4 (validation, pid 1463991, glob. rank 2, model comm group 2, group_rank 0, seed group id 2, base_seed 35295813, sanity rnd 0.616706)
[2025-10-02 16:22:16,911][anemoi.training.data.dataset.singledataset][INFO] - Worker 5 (pid 1463993, global_rank 0, model comm group 0)  has low/high range 225 / 270
[2025-10-02 16:22:16,913][anemoi.training.data.dataset.singledataset][INFO] - Worker 5 (pid 1463995, global_rank 2, model comm group 2)  has low/high range 953 / 998
[2025-10-02 16:22:16,919][anemoi.training.data.dataset.singledataset][INFO] - Worker 5 (validation, pid 1463995, glob. rank 2, model comm group 2, group_rank 0, seed group id 2, base_seed 35295813, sanity rnd 0.616706)
[2025-10-02 16:22:16,928][anemoi.training.data.dataset.singledataset][INFO] - Worker 5 (validation, pid 1463993, glob. rank 0, model comm group 0, group_rank 0, seed group id 0, base_seed 35295813, sanity rnd 0.616706)
[2025-10-02 16:22:16,936][anemoi.training.data.dataset.singledataset][INFO] - Worker 2 (pid 1463997, global_rank 3, model comm group 3)  has low/high range 1182 / 1227
[2025-10-02 16:22:16,938][anemoi.training.data.dataset.singledataset][INFO] - Worker 2 (pid 1463998, global_rank 1, model comm group 1)  has low/high range 454 / 499
[2025-10-02 16:22:16,943][anemoi.training.data.dataset.singledataset][INFO] - Worker 6 (pid 1464002, global_rank 2, model comm group 2)  has low/high range 998 / 1043
[2025-10-02 16:22:16,943][anemoi.training.data.dataset.singledataset][INFO] - Worker 6 (pid 1464001, global_rank 0, model comm group 0)  has low/high range 270 / 315
[2025-10-02 16:22:16,945][anemoi.training.data.dataset.singledataset][INFO] - Worker 2 (validation, pid 1463998, glob. rank 1, model comm group 1, group_rank 0, seed group id 1, base_seed 35295813, sanity rnd 0.616706)
[2025-10-02 16:22:16,945][anemoi.training.data.dataset.singledataset][INFO] - Worker 2 (validation, pid 1463997, glob. rank 3, model comm group 3, group_rank 0, seed group id 3, base_seed 35295813, sanity rnd 0.616706)
[2025-10-02 16:22:16,950][anemoi.training.data.dataset.singledataset][INFO] - Worker 6 (validation, pid 1464001, glob. rank 0, model comm group 0, group_rank 0, seed group id 0, base_seed 35295813, sanity rnd 0.616706)
[2025-10-02 16:22:16,951][anemoi.training.data.dataset.singledataset][INFO] - Worker 6 (validation, pid 1464002, glob. rank 2, model comm group 2, group_rank 0, seed group id 2, base_seed 35295813, sanity rnd 0.616706)
[2025-10-02 16:22:16,968][anemoi.training.data.dataset.singledataset][INFO] - Worker 3 (pid 1464005, global_rank 3, model comm group 3)  has low/high range 1227 / 1272
[2025-10-02 16:22:16,971][anemoi.training.data.dataset.singledataset][INFO] - Worker 3 (pid 1464007, global_rank 1, model comm group 1)  has low/high range 499 / 544
[2025-10-02 16:22:16,973][anemoi.training.data.dataset.singledataset][INFO] - Worker 7 (pid 1464008, global_rank 2, model comm group 2)  has low/high range 1043 / 1088
[2025-10-02 16:22:16,975][anemoi.training.data.dataset.singledataset][INFO] - Worker 7 (pid 1464014, global_rank 0, model comm group 0)  has low/high range 315 / 360
[2025-10-02 16:22:16,975][anemoi.models.data_indices.collection][INFO] - The order of the variables in the model matches the order in the data.
[2025-10-02 16:22:16,976][anemoi.models.data_indices.collection][INFO] - The order of the variables in the model matches the order in the data.
[2025-10-02 16:22:16,976][anemoi.training.data.dataset.singledataset][INFO] - Worker 3 (validation, pid 1464005, glob. rank 3, model comm group 3, group_rank 0, seed group id 3, base_seed 35295813, sanity rnd 0.616706)
[2025-10-02 16:22:16,980][anemoi.training.data.dataset.singledataset][INFO] - Worker 7 (validation, pid 1464008, glob. rank 2, model comm group 2, group_rank 0, seed group id 2, base_seed 35295813, sanity rnd 0.616706)
[2025-10-02 16:22:16,984][anemoi.training.data.dataset.singledataset][INFO] - Worker 7 (validation, pid 1464014, glob. rank 0, model comm group 0, group_rank 0, seed group id 0, base_seed 35295813, sanity rnd 0.616706)
[2025-10-02 16:22:16,984][anemoi.training.data.dataset.singledataset][INFO] - Worker 3 (validation, pid 1464007, glob. rank 1, model comm group 1, group_rank 0, seed group id 1, base_seed 35295813, sanity rnd 0.616706)
[2025-10-02 16:22:17,004][anemoi.training.data.dataset.singledataset][INFO] - Worker 4 (pid 1464031, global_rank 3, model comm group 3)  has low/high range 1272 / 1317
[2025-10-02 16:22:17,005][anemoi.training.data.dataset.singledataset][INFO] - Worker 4 (pid 1464032, global_rank 1, model comm group 1)  has low/high range 544 / 589
[2025-10-02 16:22:17,013][anemoi.training.data.dataset.singledataset][INFO] - Worker 4 (validation, pid 1464032, glob. rank 1, model comm group 1, group_rank 0, seed group id 1, base_seed 35295813, sanity rnd 0.616706)
[2025-10-02 16:22:17,021][anemoi.training.data.dataset.singledataset][INFO] - Worker 4 (validation, pid 1464031, glob. rank 3, model comm group 3, group_rank 0, seed group id 3, base_seed 35295813, sanity rnd 0.616706)
[2025-10-02 16:22:17,034][anemoi.training.data.dataset.singledataset][INFO] - Worker 5 (pid 1464035, global_rank 3, model comm group 3)  has low/high range 1317 / 1362
[2025-10-02 16:22:17,035][anemoi.training.data.dataset.singledataset][INFO] - Worker 5 (pid 1464036, global_rank 1, model comm group 1)  has low/high range 589 / 634
[2025-10-02 16:22:17,040][anemoi.training.data.dataset.singledataset][INFO] - Worker 5 (validation, pid 1464036, glob. rank 1, model comm group 1, group_rank 0, seed group id 1, base_seed 35295813, sanity rnd 0.616706)
[2025-10-02 16:22:17,047][anemoi.training.data.dataset.singledataset][INFO] - Worker 5 (validation, pid 1464035, glob. rank 3, model comm group 3, group_rank 0, seed group id 3, base_seed 35295813, sanity rnd 0.616706)
[2025-10-02 16:22:17,065][anemoi.training.data.dataset.singledataset][INFO] - Worker 6 (pid 1464039, global_rank 3, model comm group 3)  has low/high range 1362 / 1407
[2025-10-02 16:22:17,068][anemoi.training.data.dataset.singledataset][INFO] - Worker 6 (pid 1464041, global_rank 1, model comm group 1)  has low/high range 634 / 679
[2025-10-02 16:22:17,073][anemoi.training.data.dataset.singledataset][INFO] - Worker 6 (validation, pid 1464041, glob. rank 1, model comm group 1, group_rank 0, seed group id 1, base_seed 35295813, sanity rnd 0.616706)
[2025-10-02 16:22:17,074][anemoi.training.data.dataset.singledataset][INFO] - Worker 6 (validation, pid 1464039, glob. rank 3, model comm group 3, group_rank 0, seed group id 3, base_seed 35295813, sanity rnd 0.616706)
[2025-10-02 16:22:17,098][anemoi.training.data.dataset.singledataset][INFO] - Worker 7 (pid 1464043, global_rank 3, model comm group 3)  has low/high range 1407 / 1452
[2025-10-02 16:22:17,100][anemoi.models.data_indices.collection][INFO] - The order of the variables in the model matches the order in the data.
[2025-10-02 16:22:17,102][anemoi.training.data.dataset.singledataset][INFO] - Worker 7 (pid 1464052, global_rank 1, model comm group 1)  has low/high range 679 / 724
[2025-10-02 16:22:17,102][anemoi.models.data_indices.collection][INFO] - The order of the variables in the model matches the order in the data.
[2025-10-02 16:22:17,106][anemoi.training.data.dataset.singledataset][INFO] - Worker 7 (validation, pid 1464043, glob. rank 3, model comm group 3, group_rank 0, seed group id 3, base_seed 35295813, sanity rnd 0.616706)
[2025-10-02 16:22:17,109][anemoi.training.data.dataset.singledataset][INFO] - Worker 7 (validation, pid 1464052, glob. rank 1, model comm group 1, group_rank 0, seed group id 1, base_seed 35295813, sanity rnd 0.616706)
[2025-10-02 16:22:23,147][anemoi.training.data.dataset.singledataset][INFO] - Worker 0 (pid 1464810, global_rank 2, model comm group 2)  has low/high range 30680 / 32597
[2025-10-02 16:22:23,149][anemoi.training.data.dataset.singledataset][INFO] - Worker 0 (pid 1464811, global_rank 3, model comm group 3)  has low/high range 46020 / 47937
[2025-10-02 16:22:23,150][anemoi.training.data.dataset.singledataset][INFO] - Worker 0 (train, pid 1464810, glob. rank 2, model comm group 2, group_rank 0, seed group id 2, base_seed 35295813, sanity rnd 0.616706)
[2025-10-02 16:22:23,152][anemoi.training.data.dataset.singledataset][INFO] - Worker 0 (pid 1464813, global_rank 1, model comm group 1)  has low/high range 15340 / 17257
[2025-10-02 16:22:23,153][anemoi.training.data.dataset.singledataset][INFO] - Worker 0 (pid 1464816, global_rank 0, model comm group 0)  has low/high range 0 / 1917
[2025-10-02 16:22:23,158][anemoi.training.data.dataset.singledataset][INFO] - Worker 0 (train, pid 1464811, glob. rank 3, model comm group 3, group_rank 0, seed group id 3, base_seed 35295813, sanity rnd 0.616706)
[2025-10-02 16:22:23,160][anemoi.training.data.dataset.singledataset][INFO] - Worker 0 (train, pid 1464813, glob. rank 1, model comm group 1, group_rank 0, seed group id 1, base_seed 35295813, sanity rnd 0.616706)
[2025-10-02 16:22:23,161][anemoi.training.data.dataset.singledataset][INFO] - Worker 0 (train, pid 1464816, glob. rank 0, model comm group 0, group_rank 0, seed group id 0, base_seed 35295813, sanity rnd 0.616706)
[2025-10-02 16:22:23,187][anemoi.training.data.dataset.singledataset][INFO] - Worker 1 (pid 1464818, global_rank 2, model comm group 2)  has low/high range 32597 / 34514
[2025-10-02 16:22:23,193][anemoi.training.data.dataset.singledataset][INFO] - Worker 1 (pid 1464820, global_rank 3, model comm group 3)  has low/high range 47937 / 49854
[2025-10-02 16:22:23,196][anemoi.training.data.dataset.singledataset][INFO] - Worker 1 (train, pid 1464818, glob. rank 2, model comm group 2, group_rank 0, seed group id 2, base_seed 35295813, sanity rnd 0.616706)
[2025-10-02 16:22:23,200][anemoi.training.data.dataset.singledataset][INFO] - Worker 1 (pid 1464822, global_rank 1, model comm group 1)  has low/high range 17257 / 19174
[2025-10-02 16:22:23,202][anemoi.training.data.dataset.singledataset][INFO] - Worker 1 (train, pid 1464820, glob. rank 3, model comm group 3, group_rank 0, seed group id 3, base_seed 35295813, sanity rnd 0.616706)
[2025-10-02 16:22:23,209][anemoi.training.data.dataset.singledataset][INFO] - Worker 1 (train, pid 1464822, glob. rank 1, model comm group 1, group_rank 0, seed group id 1, base_seed 35295813, sanity rnd 0.616706)
[2025-10-02 16:22:23,211][anemoi.training.data.dataset.singledataset][INFO] - Worker 1 (pid 1464824, global_rank 0, model comm group 0)  has low/high range 1917 / 3834
[2025-10-02 16:22:23,220][anemoi.training.data.dataset.singledataset][INFO] - Worker 1 (train, pid 1464824, glob. rank 0, model comm group 0, group_rank 0, seed group id 0, base_seed 35295813, sanity rnd 0.616706)
[2025-10-02 16:22:23,227][anemoi.training.data.dataset.singledataset][INFO] - Worker 2 (pid 1464826, global_rank 2, model comm group 2)  has low/high range 34514 / 36431
[2025-10-02 16:22:23,231][anemoi.training.data.dataset.singledataset][INFO] - Worker 2 (train, pid 1464826, glob. rank 2, model comm group 2, group_rank 0, seed group id 2, base_seed 35295813, sanity rnd 0.616706)
[2025-10-02 16:22:23,237][anemoi.training.data.dataset.singledataset][INFO] - Worker 2 (pid 1464828, global_rank 3, model comm group 3)  has low/high range 49854 / 51771
[2025-10-02 16:22:23,243][anemoi.training.data.dataset.singledataset][INFO] - Worker 2 (pid 1464830, global_rank 1, model comm group 1)  has low/high range 19174 / 21091
[2025-10-02 16:22:23,246][anemoi.training.data.dataset.singledataset][INFO] - Worker 2 (train, pid 1464828, glob. rank 3, model comm group 3, group_rank 0, seed group id 3, base_seed 35295813, sanity rnd 0.616706)
[2025-10-02 16:22:23,250][anemoi.training.data.dataset.singledataset][INFO] - Worker 2 (train, pid 1464830, glob. rank 1, model comm group 1, group_rank 0, seed group id 1, base_seed 35295813, sanity rnd 0.616706)
[2025-10-02 16:22:23,268][anemoi.training.data.dataset.singledataset][INFO] - Worker 3 (pid 1464833, global_rank 2, model comm group 2)  has low/high range 36431 / 38348
[2025-10-02 16:22:23,268][anemoi.training.data.dataset.singledataset][INFO] - Worker 2 (pid 1464832, global_rank 0, model comm group 0)  has low/high range 3834 / 5751
[2025-10-02 16:22:23,272][anemoi.training.data.dataset.singledataset][INFO] - Worker 2 (train, pid 1464832, glob. rank 0, model comm group 0, group_rank 0, seed group id 0, base_seed 35295813, sanity rnd 0.616706)
[2025-10-02 16:22:23,278][anemoi.training.data.dataset.singledataset][INFO] - Worker 3 (train, pid 1464833, glob. rank 2, model comm group 2, group_rank 0, seed group id 2, base_seed 35295813, sanity rnd 0.616706)
[2025-10-02 16:22:23,283][anemoi.training.data.dataset.singledataset][INFO] - Worker 3 (pid 1464836, global_rank 3, model comm group 3)  has low/high range 51771 / 53688
[2025-10-02 16:22:23,286][anemoi.training.data.dataset.singledataset][INFO] - Worker 3 (pid 1464838, global_rank 1, model comm group 1)  has low/high range 21091 / 23008
[2025-10-02 16:22:23,288][anemoi.training.data.dataset.singledataset][INFO] - Worker 3 (train, pid 1464836, glob. rank 3, model comm group 3, group_rank 0, seed group id 3, base_seed 35295813, sanity rnd 0.616706)
[2025-10-02 16:22:23,295][anemoi.training.data.dataset.singledataset][INFO] - Worker 3 (train, pid 1464838, glob. rank 1, model comm group 1, group_rank 0, seed group id 1, base_seed 35295813, sanity rnd 0.616706)
[2025-10-02 16:22:23,308][anemoi.training.data.dataset.singledataset][INFO] - Worker 4 (pid 1464840, global_rank 2, model comm group 2)  has low/high range 38348 / 40265
[2025-10-02 16:22:23,317][anemoi.training.data.dataset.singledataset][INFO] - Worker 4 (train, pid 1464840, glob. rank 2, model comm group 2, group_rank 0, seed group id 2, base_seed 35295813, sanity rnd 0.616706)
[2025-10-02 16:22:23,318][anemoi.training.data.dataset.singledataset][INFO] - Worker 3 (pid 1464842, global_rank 0, model comm group 0)  has low/high range 5751 / 7668
[2025-10-02 16:22:23,327][anemoi.training.data.dataset.singledataset][INFO] - Worker 4 (pid 1464844, global_rank 3, model comm group 3)  has low/high range 53688 / 55605
[2025-10-02 16:22:23,327][anemoi.training.data.dataset.singledataset][INFO] - Worker 3 (train, pid 1464842, glob. rank 0, model comm group 0, group_rank 0, seed group id 0, base_seed 35295813, sanity rnd 0.616706)
[2025-10-02 16:22:23,330][anemoi.training.data.dataset.singledataset][INFO] - Worker 4 (pid 1464846, global_rank 1, model comm group 1)  has low/high range 23008 / 24925
[2025-10-02 16:22:23,338][anemoi.training.data.dataset.singledataset][INFO] - Worker 4 (train, pid 1464844, glob. rank 3, model comm group 3, group_rank 0, seed group id 3, base_seed 35295813, sanity rnd 0.616706)
[2025-10-02 16:22:23,339][anemoi.training.data.dataset.singledataset][INFO] - Worker 4 (train, pid 1464846, glob. rank 1, model comm group 1, group_rank 0, seed group id 1, base_seed 35295813, sanity rnd 0.616706)
[2025-10-02 16:22:23,349][anemoi.training.data.dataset.singledataset][INFO] - Worker 5 (pid 1464848, global_rank 2, model comm group 2)  has low/high range 40265 / 42182
[2025-10-02 16:22:23,357][anemoi.training.data.dataset.singledataset][INFO] - Worker 5 (train, pid 1464848, glob. rank 2, model comm group 2, group_rank 0, seed group id 2, base_seed 35295813, sanity rnd 0.616706)
[2025-10-02 16:22:23,365][anemoi.training.data.dataset.singledataset][INFO] - Worker 4 (pid 1464850, global_rank 0, model comm group 0)  has low/high range 7668 / 9585
[2025-10-02 16:22:23,371][anemoi.training.data.dataset.singledataset][INFO] - Worker 5 (pid 1464852, global_rank 3, model comm group 3)  has low/high range 55605 / 57522
[2025-10-02 16:22:23,375][anemoi.training.data.dataset.singledataset][INFO] - Worker 4 (train, pid 1464850, glob. rank 0, model comm group 0, group_rank 0, seed group id 0, base_seed 35295813, sanity rnd 0.616706)
[2025-10-02 16:22:23,376][anemoi.training.data.dataset.singledataset][INFO] - Worker 5 (pid 1464854, global_rank 1, model comm group 1)  has low/high range 24925 / 26842
[2025-10-02 16:22:23,380][anemoi.training.data.dataset.singledataset][INFO] - Worker 5 (train, pid 1464852, glob. rank 3, model comm group 3, group_rank 0, seed group id 3, base_seed 35295813, sanity rnd 0.616706)
[2025-10-02 16:22:23,384][anemoi.training.data.dataset.singledataset][INFO] - Worker 5 (train, pid 1464854, glob. rank 1, model comm group 1, group_rank 0, seed group id 1, base_seed 35295813, sanity rnd 0.616706)
[2025-10-02 16:22:23,390][anemoi.training.data.dataset.singledataset][INFO] - Worker 6 (pid 1464856, global_rank 2, model comm group 2)  has low/high range 42182 / 44099
[2025-10-02 16:22:23,393][anemoi.training.data.dataset.singledataset][INFO] - Worker 6 (train, pid 1464856, glob. rank 2, model comm group 2, group_rank 0, seed group id 2, base_seed 35295813, sanity rnd 0.616706)
[2025-10-02 16:22:23,414][anemoi.training.data.dataset.singledataset][INFO] - Worker 5 (pid 1464858, global_rank 0, model comm group 0)  has low/high range 9585 / 11502
[2025-10-02 16:22:23,415][anemoi.training.data.dataset.singledataset][INFO] - Worker 6 (pid 1464859, global_rank 3, model comm group 3)  has low/high range 57522 / 59439
[2025-10-02 16:22:23,422][anemoi.training.data.dataset.singledataset][INFO] - Worker 5 (train, pid 1464858, glob. rank 0, model comm group 0, group_rank 0, seed group id 0, base_seed 35295813, sanity rnd 0.616706)
[2025-10-02 16:22:23,423][anemoi.training.data.dataset.singledataset][INFO] - Worker 6 (pid 1464862, global_rank 1, model comm group 1)  has low/high range 26842 / 28759
[2025-10-02 16:22:23,423][anemoi.training.data.dataset.singledataset][INFO] - Worker 6 (train, pid 1464859, glob. rank 3, model comm group 3, group_rank 0, seed group id 3, base_seed 35295813, sanity rnd 0.616706)
[2025-10-02 16:22:23,433][anemoi.training.data.dataset.singledataset][INFO] - Worker 6 (train, pid 1464862, glob. rank 1, model comm group 1, group_rank 0, seed group id 1, base_seed 35295813, sanity rnd 0.616706)
[2025-10-02 16:22:23,436][anemoi.training.data.dataset.singledataset][INFO] - Worker 7 (pid 1464864, global_rank 2, model comm group 2)  has low/high range 44099 / 46016
[2025-10-02 16:22:23,445][anemoi.training.data.dataset.singledataset][INFO] - Worker 7 (train, pid 1464864, glob. rank 2, model comm group 2, group_rank 0, seed group id 2, base_seed 35295813, sanity rnd 0.616706)
[2025-10-02 16:22:23,461][anemoi.training.data.dataset.singledataset][INFO] - Worker 7 (pid 1464875, global_rank 3, model comm group 3)  has low/high range 59439 / 61356
[2025-10-02 16:22:23,463][anemoi.training.data.dataset.singledataset][INFO] - Worker 6 (pid 1464880, global_rank 0, model comm group 0)  has low/high range 11502 / 13419
[2025-10-02 16:22:23,466][anemoi.training.data.dataset.singledataset][INFO] - Worker 7 (train, pid 1464875, glob. rank 3, model comm group 3, group_rank 0, seed group id 3, base_seed 35295813, sanity rnd 0.616706)
[2025-10-02 16:22:23,470][anemoi.training.data.dataset.singledataset][INFO] - Worker 7 (pid 1464888, global_rank 1, model comm group 1)  has low/high range 28759 / 30676
[2025-10-02 16:22:23,476][anemoi.training.data.dataset.singledataset][INFO] - Worker 6 (train, pid 1464880, glob. rank 0, model comm group 0, group_rank 0, seed group id 0, base_seed 35295813, sanity rnd 0.616706)
[2025-10-02 16:22:23,478][anemoi.training.data.dataset.singledataset][INFO] - Worker 7 (train, pid 1464888, glob. rank 1, model comm group 1, group_rank 0, seed group id 1, base_seed 35295813, sanity rnd 0.616706)
[2025-10-02 16:22:23,510][anemoi.training.data.dataset.singledataset][INFO] - Worker 7 (pid 1464899, global_rank 0, model comm group 0)  has low/high range 13419 / 15336
[2025-10-02 16:22:23,521][anemoi.training.data.dataset.singledataset][INFO] - Worker 7 (train, pid 1464899, glob. rank 0, model comm group 0, group_rank 0, seed group id 0, base_seed 35295813, sanity rnd 0.616706)
[2025-10-02 16:22:23,775][anemoi.models.data_indices.collection][INFO] - The order of the variables in the model matches the order in the data.
[2025-10-02 16:22:23,851][anemoi.models.data_indices.collection][INFO] - The order of the variables in the model matches the order in the data.
[2025-10-02 16:22:23,897][anemoi.models.data_indices.collection][INFO] - The order of the variables in the model matches the order in the data.
[2025-10-02 16:22:23,956][anemoi.models.data_indices.collection][INFO] - The order of the variables in the model matches the order in the data.
[2025-10-02 16:44:50,692][anemoi.models.data_indices.collection][INFO] - The order of the variables in the model matches the order in the data.
[2025-10-02 16:44:50,692][anemoi.models.data_indices.collection][INFO] - The order of the variables in the model matches the order in the data.
[2025-10-02 16:44:50,692][anemoi.models.data_indices.collection][INFO] - The order of the variables in the model matches the order in the data.
[2025-10-02 16:44:50,696][anemoi.models.data_indices.collection][INFO] - The order of the variables in the model matches the order in the data.
[2025-10-02 16:45:10,674][anemoi.utils.checkpoints][INFO] - Adding extra information to checkpoint /lus/h2resw01/scratch/momc/checkpoint/dbde19f6c791421ea8682147316edeb1/inference-last.ckpt
[2025-10-02 16:45:10,674][anemoi.utils.checkpoints][INFO] - Saving metadata to inference-last/anemoi-metadata/ai-models.json
[2025-10-02 16:45:10,676][anemoi.utils.checkpoints][INFO] - Saving supporting array `latitudes` to inference-last/anemoi-metadata/latitudes.numpy (shape=(10944,), dtype=float64)
[2025-10-02 16:45:10,676][anemoi.utils.checkpoints][INFO] - Saving supporting array `longitudes` to inference-last/anemoi-metadata/longitudes.numpy (shape=(10944,), dtype=float64)
[2025-10-02 16:45:11,358][anemoi.utils.checkpoints][INFO] - Adding extra information to checkpoint /lus/h2resw01/scratch/momc/checkpoint/dbde19f6c791421ea8682147316edeb1/last.ckpt
[2025-10-02 16:45:11,358][anemoi.utils.checkpoints][INFO] - Saving metadata to archive/anemoi-metadata/ai-models.json
[2025-10-02 16:45:11,359][anemoi.utils.checkpoints][INFO] - Saving supporting array `latitudes` to archive/anemoi-metadata/latitudes.numpy (shape=(10944,), dtype=float64)
[2025-10-02 16:45:11,359][anemoi.utils.checkpoints][INFO] - Saving supporting array `longitudes` to archive/anemoi-metadata/longitudes.numpy (shape=(10944,), dtype=float64)
[2025-10-02 16:45:11,762][anemoi.utils.checkpoints][INFO] - Adding extra information to checkpoint /lus/h2resw01/scratch/momc/checkpoint/dbde19f6c791421ea8682147316edeb1/inference-anemoi-by_epoch-epoch_000-step_003840.ckpt
[2025-10-02 16:45:11,762][anemoi.utils.checkpoints][INFO] - Saving metadata to inference-anemoi-by_epoch-epoch_000-step_003840/anemoi-metadata/ai-models.json
[2025-10-02 16:45:11,764][anemoi.utils.checkpoints][INFO] - Saving supporting array `latitudes` to inference-anemoi-by_epoch-epoch_000-step_003840/anemoi-metadata/latitudes.numpy (shape=(10944,), dtype=float64)
[2025-10-02 16:45:11,764][anemoi.utils.checkpoints][INFO] - Saving supporting array `longitudes` to inference-anemoi-by_epoch-epoch_000-step_003840/anemoi-metadata/longitudes.numpy (shape=(10944,), dtype=float64)
[2025-10-02 16:45:12,446][anemoi.utils.checkpoints][INFO] - Adding extra information to checkpoint /lus/h2resw01/scratch/momc/checkpoint/dbde19f6c791421ea8682147316edeb1/anemoi-by_epoch-epoch_000-step_003840.ckpt
[2025-10-02 16:45:12,446][anemoi.utils.checkpoints][INFO] - Saving metadata to archive/anemoi-metadata/ai-models.json
[2025-10-02 16:45:12,447][anemoi.utils.checkpoints][INFO] - Saving supporting array `latitudes` to archive/anemoi-metadata/latitudes.numpy (shape=(10944,), dtype=float64)
[2025-10-02 16:45:12,448][anemoi.utils.checkpoints][INFO] - Saving supporting array `longitudes` to archive/anemoi-metadata/longitudes.numpy (shape=(10944,), dtype=float64)
[2025-10-02 16:45:12,574][anemoi.utils.checkpoints][INFO] - Adding extra information to checkpoint /lus/h2resw01/scratch/momc/checkpoint/dbde19f6c791421ea8682147316edeb1/inference-last.ckpt
[2025-10-02 16:45:12,574][anemoi.utils.checkpoints][INFO] - Saving metadata to inference-last/anemoi-metadata/ai-models.json
[2025-10-02 16:45:12,575][anemoi.utils.checkpoints][INFO] - Saving supporting array `latitudes` to inference-last/anemoi-metadata/latitudes.numpy (shape=(10944,), dtype=float64)
[2025-10-02 16:45:12,576][anemoi.utils.checkpoints][INFO] - Saving supporting array `longitudes` to inference-last/anemoi-metadata/longitudes.numpy (shape=(10944,), dtype=float64)
[2025-10-02 16:45:13,300][anemoi.utils.checkpoints][INFO] - Adding extra information to checkpoint /lus/h2resw01/scratch/momc/checkpoint/dbde19f6c791421ea8682147316edeb1/last.ckpt
[2025-10-02 16:45:13,300][anemoi.utils.checkpoints][INFO] - Saving metadata to archive/anemoi-metadata/ai-models.json
[2025-10-02 16:45:13,301][anemoi.utils.checkpoints][INFO] - Saving supporting array `latitudes` to archive/anemoi-metadata/latitudes.numpy (shape=(10944,), dtype=float64)
[2025-10-02 16:45:13,301][anemoi.utils.checkpoints][INFO] - Saving supporting array `longitudes` to archive/anemoi-metadata/longitudes.numpy (shape=(10944,), dtype=float64)
[2025-10-02 17:07:45,287][anemoi.models.data_indices.collection][INFO] - The order of the variables in the model matches the order in the data.
[2025-10-02 17:07:45,288][anemoi.models.data_indices.collection][INFO] - The order of the variables in the model matches the order in the data.
[2025-10-02 17:07:45,288][anemoi.models.data_indices.collection][INFO] - The order of the variables in the model matches the order in the data.
[2025-10-02 17:07:45,288][anemoi.models.data_indices.collection][INFO] - The order of the variables in the model matches the order in the data.
[2025-10-02 17:08:05,083][anemoi.utils.checkpoints][INFO] - Adding extra information to checkpoint /lus/h2resw01/scratch/momc/checkpoint/dbde19f6c791421ea8682147316edeb1/inference-last.ckpt
[2025-10-02 17:08:05,084][anemoi.utils.checkpoints][INFO] - Saving metadata to inference-last/anemoi-metadata/ai-models.json
[2025-10-02 17:08:05,085][anemoi.utils.checkpoints][INFO] - Saving supporting array `latitudes` to inference-last/anemoi-metadata/latitudes.numpy (shape=(10944,), dtype=float64)
[2025-10-02 17:08:05,085][anemoi.utils.checkpoints][INFO] - Saving supporting array `longitudes` to inference-last/anemoi-metadata/longitudes.numpy (shape=(10944,), dtype=float64)
[2025-10-02 17:08:05,835][anemoi.utils.checkpoints][INFO] - Adding extra information to checkpoint /lus/h2resw01/scratch/momc/checkpoint/dbde19f6c791421ea8682147316edeb1/last.ckpt
[2025-10-02 17:08:05,835][anemoi.utils.checkpoints][INFO] - Saving metadata to archive/anemoi-metadata/ai-models.json
[2025-10-02 17:08:05,837][anemoi.utils.checkpoints][INFO] - Saving supporting array `latitudes` to archive/anemoi-metadata/latitudes.numpy (shape=(10944,), dtype=float64)
[2025-10-02 17:08:05,837][anemoi.utils.checkpoints][INFO] - Saving supporting array `longitudes` to archive/anemoi-metadata/longitudes.numpy (shape=(10944,), dtype=float64)
[2025-10-02 17:08:05,949][anemoi.utils.checkpoints][INFO] - Adding extra information to checkpoint /lus/h2resw01/scratch/momc/checkpoint/dbde19f6c791421ea8682147316edeb1/inference-anemoi-by_epoch-epoch_001-step_007680.ckpt
[2025-10-02 17:08:05,949][anemoi.utils.checkpoints][INFO] - Saving metadata to inference-anemoi-by_epoch-epoch_001-step_007680/anemoi-metadata/ai-models.json
[2025-10-02 17:08:05,951][anemoi.utils.checkpoints][INFO] - Saving supporting array `latitudes` to inference-anemoi-by_epoch-epoch_001-step_007680/anemoi-metadata/latitudes.numpy (shape=(10944,), dtype=float64)
[2025-10-02 17:08:05,951][anemoi.utils.checkpoints][INFO] - Saving supporting array `longitudes` to inference-anemoi-by_epoch-epoch_001-step_007680/anemoi-metadata/longitudes.numpy (shape=(10944,), dtype=float64)
[2025-10-02 17:08:06,639][anemoi.utils.checkpoints][INFO] - Adding extra information to checkpoint /lus/h2resw01/scratch/momc/checkpoint/dbde19f6c791421ea8682147316edeb1/anemoi-by_epoch-epoch_001-step_007680.ckpt
[2025-10-02 17:08:06,639][anemoi.utils.checkpoints][INFO] - Saving metadata to archive/anemoi-metadata/ai-models.json
[2025-10-02 17:08:06,641][anemoi.utils.checkpoints][INFO] - Saving supporting array `latitudes` to archive/anemoi-metadata/latitudes.numpy (shape=(10944,), dtype=float64)
[2025-10-02 17:08:06,641][anemoi.utils.checkpoints][INFO] - Saving supporting array `longitudes` to archive/anemoi-metadata/longitudes.numpy (shape=(10944,), dtype=float64)
[2025-10-02 17:08:06,767][anemoi.utils.checkpoints][INFO] - Adding extra information to checkpoint /lus/h2resw01/scratch/momc/checkpoint/dbde19f6c791421ea8682147316edeb1/inference-last.ckpt
[2025-10-02 17:08:06,767][anemoi.utils.checkpoints][INFO] - Saving metadata to inference-last/anemoi-metadata/ai-models.json
[2025-10-02 17:08:06,768][anemoi.utils.checkpoints][INFO] - Saving supporting array `latitudes` to inference-last/anemoi-metadata/latitudes.numpy (shape=(10944,), dtype=float64)
[2025-10-02 17:08:06,769][anemoi.utils.checkpoints][INFO] - Saving supporting array `longitudes` to inference-last/anemoi-metadata/longitudes.numpy (shape=(10944,), dtype=float64)
[2025-10-02 17:08:07,494][anemoi.utils.checkpoints][INFO] - Adding extra information to checkpoint /lus/h2resw01/scratch/momc/checkpoint/dbde19f6c791421ea8682147316edeb1/last.ckpt
[2025-10-02 17:08:07,494][anemoi.utils.checkpoints][INFO] - Saving metadata to archive/anemoi-metadata/ai-models.json
[2025-10-02 17:08:07,496][anemoi.utils.checkpoints][INFO] - Saving supporting array `latitudes` to archive/anemoi-metadata/latitudes.numpy (shape=(10944,), dtype=float64)
[2025-10-02 17:08:07,496][anemoi.utils.checkpoints][INFO] - Saving supporting array `longitudes` to archive/anemoi-metadata/longitudes.numpy (shape=(10944,), dtype=float64)
[2025-10-02 17:30:28,345][anemoi.models.data_indices.collection][INFO] - The order of the variables in the model matches the order in the data.
[2025-10-02 17:30:28,345][anemoi.models.data_indices.collection][INFO] - The order of the variables in the model matches the order in the data.
[2025-10-02 17:30:28,345][anemoi.models.data_indices.collection][INFO] - The order of the variables in the model matches the order in the data.
[2025-10-02 17:30:28,345][anemoi.models.data_indices.collection][INFO] - The order of the variables in the model matches the order in the data.
[2025-10-02 17:30:47,680][anemoi.utils.checkpoints][INFO] - Adding extra information to checkpoint /lus/h2resw01/scratch/momc/checkpoint/dbde19f6c791421ea8682147316edeb1/inference-last.ckpt
[2025-10-02 17:30:47,680][anemoi.utils.checkpoints][INFO] - Saving metadata to inference-last/anemoi-metadata/ai-models.json
[2025-10-02 17:30:47,681][anemoi.utils.checkpoints][INFO] - Saving supporting array `latitudes` to inference-last/anemoi-metadata/latitudes.numpy (shape=(10944,), dtype=float64)
[2025-10-02 17:30:47,682][anemoi.utils.checkpoints][INFO] - Saving supporting array `longitudes` to inference-last/anemoi-metadata/longitudes.numpy (shape=(10944,), dtype=float64)
[2025-10-02 17:30:48,421][anemoi.utils.checkpoints][INFO] - Adding extra information to checkpoint /lus/h2resw01/scratch/momc/checkpoint/dbde19f6c791421ea8682147316edeb1/last.ckpt
[2025-10-02 17:30:48,421][anemoi.utils.checkpoints][INFO] - Saving metadata to archive/anemoi-metadata/ai-models.json
[2025-10-02 17:30:48,422][anemoi.utils.checkpoints][INFO] - Saving supporting array `latitudes` to archive/anemoi-metadata/latitudes.numpy (shape=(10944,), dtype=float64)
[2025-10-02 17:30:48,422][anemoi.utils.checkpoints][INFO] - Saving supporting array `longitudes` to archive/anemoi-metadata/longitudes.numpy (shape=(10944,), dtype=float64)
[2025-10-02 17:30:48,534][anemoi.utils.checkpoints][INFO] - Adding extra information to checkpoint /lus/h2resw01/scratch/momc/checkpoint/dbde19f6c791421ea8682147316edeb1/inference-anemoi-by_epoch-epoch_002-step_011520.ckpt
[2025-10-02 17:30:48,534][anemoi.utils.checkpoints][INFO] - Saving metadata to inference-anemoi-by_epoch-epoch_002-step_011520/anemoi-metadata/ai-models.json
[2025-10-02 17:30:48,535][anemoi.utils.checkpoints][INFO] - Saving supporting array `latitudes` to inference-anemoi-by_epoch-epoch_002-step_011520/anemoi-metadata/latitudes.numpy (shape=(10944,), dtype=float64)
[2025-10-02 17:30:48,536][anemoi.utils.checkpoints][INFO] - Saving supporting array `longitudes` to inference-anemoi-by_epoch-epoch_002-step_011520/anemoi-metadata/longitudes.numpy (shape=(10944,), dtype=float64)
[2025-10-02 17:30:49,227][anemoi.utils.checkpoints][INFO] - Adding extra information to checkpoint /lus/h2resw01/scratch/momc/checkpoint/dbde19f6c791421ea8682147316edeb1/anemoi-by_epoch-epoch_002-step_011520.ckpt
[2025-10-02 17:30:49,227][anemoi.utils.checkpoints][INFO] - Saving metadata to archive/anemoi-metadata/ai-models.json
[2025-10-02 17:30:49,228][anemoi.utils.checkpoints][INFO] - Saving supporting array `latitudes` to archive/anemoi-metadata/latitudes.numpy (shape=(10944,), dtype=float64)
[2025-10-02 17:30:49,229][anemoi.utils.checkpoints][INFO] - Saving supporting array `longitudes` to archive/anemoi-metadata/longitudes.numpy (shape=(10944,), dtype=float64)
[2025-10-02 17:30:49,356][anemoi.utils.checkpoints][INFO] - Adding extra information to checkpoint /lus/h2resw01/scratch/momc/checkpoint/dbde19f6c791421ea8682147316edeb1/inference-last.ckpt
[2025-10-02 17:30:49,356][anemoi.utils.checkpoints][INFO] - Saving metadata to inference-last/anemoi-metadata/ai-models.json
[2025-10-02 17:30:49,357][anemoi.utils.checkpoints][INFO] - Saving supporting array `latitudes` to inference-last/anemoi-metadata/latitudes.numpy (shape=(10944,), dtype=float64)
[2025-10-02 17:30:49,357][anemoi.utils.checkpoints][INFO] - Saving supporting array `longitudes` to inference-last/anemoi-metadata/longitudes.numpy (shape=(10944,), dtype=float64)
[2025-10-02 17:30:50,088][anemoi.utils.checkpoints][INFO] - Adding extra information to checkpoint /lus/h2resw01/scratch/momc/checkpoint/dbde19f6c791421ea8682147316edeb1/last.ckpt
[2025-10-02 17:30:50,088][anemoi.utils.checkpoints][INFO] - Saving metadata to archive/anemoi-metadata/ai-models.json
[2025-10-02 17:30:50,090][anemoi.utils.checkpoints][INFO] - Saving supporting array `latitudes` to archive/anemoi-metadata/latitudes.numpy (shape=(10944,), dtype=float64)
[2025-10-02 17:30:50,090][anemoi.utils.checkpoints][INFO] - Saving supporting array `longitudes` to archive/anemoi-metadata/longitudes.numpy (shape=(10944,), dtype=float64)
[2025-10-02 17:53:21,562][anemoi.models.data_indices.collection][INFO] - The order of the variables in the model matches the order in the data.
[2025-10-02 17:53:21,562][anemoi.models.data_indices.collection][INFO] - The order of the variables in the model matches the order in the data.
[2025-10-02 17:53:21,562][anemoi.models.data_indices.collection][INFO] - The order of the variables in the model matches the order in the data.
[2025-10-02 17:53:21,562][anemoi.models.data_indices.collection][INFO] - The order of the variables in the model matches the order in the data.
[2025-10-02 17:53:41,404][anemoi.utils.checkpoints][INFO] - Adding extra information to checkpoint /lus/h2resw01/scratch/momc/checkpoint/dbde19f6c791421ea8682147316edeb1/inference-last.ckpt
[2025-10-02 17:53:41,404][anemoi.utils.checkpoints][INFO] - Saving metadata to inference-last/anemoi-metadata/ai-models.json
[2025-10-02 17:53:41,405][anemoi.utils.checkpoints][INFO] - Saving supporting array `latitudes` to inference-last/anemoi-metadata/latitudes.numpy (shape=(10944,), dtype=float64)
[2025-10-02 17:53:41,406][anemoi.utils.checkpoints][INFO] - Saving supporting array `longitudes` to inference-last/anemoi-metadata/longitudes.numpy (shape=(10944,), dtype=float64)
[2025-10-02 17:53:42,223][anemoi.utils.checkpoints][INFO] - Adding extra information to checkpoint /lus/h2resw01/scratch/momc/checkpoint/dbde19f6c791421ea8682147316edeb1/last.ckpt
[2025-10-02 17:53:42,223][anemoi.utils.checkpoints][INFO] - Saving metadata to archive/anemoi-metadata/ai-models.json
[2025-10-02 17:53:42,224][anemoi.utils.checkpoints][INFO] - Saving supporting array `latitudes` to archive/anemoi-metadata/latitudes.numpy (shape=(10944,), dtype=float64)
[2025-10-02 17:53:42,225][anemoi.utils.checkpoints][INFO] - Saving supporting array `longitudes` to archive/anemoi-metadata/longitudes.numpy (shape=(10944,), dtype=float64)
[2025-10-02 17:53:42,336][anemoi.utils.checkpoints][INFO] - Adding extra information to checkpoint /lus/h2resw01/scratch/momc/checkpoint/dbde19f6c791421ea8682147316edeb1/inference-anemoi-by_epoch-epoch_003-step_015360.ckpt
[2025-10-02 17:53:42,336][anemoi.utils.checkpoints][INFO] - Saving metadata to inference-anemoi-by_epoch-epoch_003-step_015360/anemoi-metadata/ai-models.json
[2025-10-02 17:53:42,338][anemoi.utils.checkpoints][INFO] - Saving supporting array `latitudes` to inference-anemoi-by_epoch-epoch_003-step_015360/anemoi-metadata/latitudes.numpy (shape=(10944,), dtype=float64)
[2025-10-02 17:53:42,338][anemoi.utils.checkpoints][INFO] - Saving supporting array `longitudes` to inference-anemoi-by_epoch-epoch_003-step_015360/anemoi-metadata/longitudes.numpy (shape=(10944,), dtype=float64)
[2025-10-02 17:53:43,026][anemoi.utils.checkpoints][INFO] - Adding extra information to checkpoint /lus/h2resw01/scratch/momc/checkpoint/dbde19f6c791421ea8682147316edeb1/anemoi-by_epoch-epoch_003-step_015360.ckpt
[2025-10-02 17:53:43,026][anemoi.utils.checkpoints][INFO] - Saving metadata to archive/anemoi-metadata/ai-models.json
[2025-10-02 17:53:43,027][anemoi.utils.checkpoints][INFO] - Saving supporting array `latitudes` to archive/anemoi-metadata/latitudes.numpy (shape=(10944,), dtype=float64)
[2025-10-02 17:53:43,027][anemoi.utils.checkpoints][INFO] - Saving supporting array `longitudes` to archive/anemoi-metadata/longitudes.numpy (shape=(10944,), dtype=float64)
[2025-10-02 17:53:43,210][anemoi.utils.checkpoints][INFO] - Adding extra information to checkpoint /lus/h2resw01/scratch/momc/checkpoint/dbde19f6c791421ea8682147316edeb1/inference-last.ckpt
[2025-10-02 17:53:43,210][anemoi.utils.checkpoints][INFO] - Saving metadata to inference-last/anemoi-metadata/ai-models.json
[2025-10-02 17:53:43,211][anemoi.utils.checkpoints][INFO] - Saving supporting array `latitudes` to inference-last/anemoi-metadata/latitudes.numpy (shape=(10944,), dtype=float64)
[2025-10-02 17:53:43,212][anemoi.utils.checkpoints][INFO] - Saving supporting array `longitudes` to inference-last/anemoi-metadata/longitudes.numpy (shape=(10944,), dtype=float64)
[2025-10-02 17:53:43,944][anemoi.utils.checkpoints][INFO] - Adding extra information to checkpoint /lus/h2resw01/scratch/momc/checkpoint/dbde19f6c791421ea8682147316edeb1/last.ckpt
[2025-10-02 17:53:43,944][anemoi.utils.checkpoints][INFO] - Saving metadata to archive/anemoi-metadata/ai-models.json
[2025-10-02 17:53:43,946][anemoi.utils.checkpoints][INFO] - Saving supporting array `latitudes` to archive/anemoi-metadata/latitudes.numpy (shape=(10944,), dtype=float64)
[2025-10-02 17:53:43,946][anemoi.utils.checkpoints][INFO] - Saving supporting array `longitudes` to archive/anemoi-metadata/longitudes.numpy (shape=(10944,), dtype=float64)
[2025-10-02 18:16:15,147][anemoi.models.data_indices.collection][INFO] - The order of the variables in the model matches the order in the data.
[2025-10-02 18:16:15,147][anemoi.models.data_indices.collection][INFO] - The order of the variables in the model matches the order in the data.
[2025-10-02 18:16:15,147][anemoi.models.data_indices.collection][INFO] - The order of the variables in the model matches the order in the data.
[2025-10-02 18:16:15,154][anemoi.models.data_indices.collection][INFO] - The order of the variables in the model matches the order in the data.
[2025-10-02 18:16:34,625][anemoi.utils.checkpoints][INFO] - Adding extra information to checkpoint /lus/h2resw01/scratch/momc/checkpoint/dbde19f6c791421ea8682147316edeb1/inference-last.ckpt
[2025-10-02 18:16:34,626][anemoi.utils.checkpoints][INFO] - Saving metadata to inference-last/anemoi-metadata/ai-models.json
[2025-10-02 18:16:34,627][anemoi.utils.checkpoints][INFO] - Saving supporting array `latitudes` to inference-last/anemoi-metadata/latitudes.numpy (shape=(10944,), dtype=float64)
[2025-10-02 18:16:34,627][anemoi.utils.checkpoints][INFO] - Saving supporting array `longitudes` to inference-last/anemoi-metadata/longitudes.numpy (shape=(10944,), dtype=float64)
[2025-10-02 18:16:35,353][anemoi.utils.checkpoints][INFO] - Adding extra information to checkpoint /lus/h2resw01/scratch/momc/checkpoint/dbde19f6c791421ea8682147316edeb1/last.ckpt
[2025-10-02 18:16:35,353][anemoi.utils.checkpoints][INFO] - Saving metadata to archive/anemoi-metadata/ai-models.json
[2025-10-02 18:16:35,354][anemoi.utils.checkpoints][INFO] - Saving supporting array `latitudes` to archive/anemoi-metadata/latitudes.numpy (shape=(10944,), dtype=float64)
[2025-10-02 18:16:35,354][anemoi.utils.checkpoints][INFO] - Saving supporting array `longitudes` to archive/anemoi-metadata/longitudes.numpy (shape=(10944,), dtype=float64)
[2025-10-02 18:16:35,477][anemoi.utils.checkpoints][INFO] - Adding extra information to checkpoint /lus/h2resw01/scratch/momc/checkpoint/dbde19f6c791421ea8682147316edeb1/inference-anemoi-by_epoch-epoch_004-step_019200.ckpt
[2025-10-02 18:16:35,477][anemoi.utils.checkpoints][INFO] - Saving metadata to inference-anemoi-by_epoch-epoch_004-step_019200/anemoi-metadata/ai-models.json
[2025-10-02 18:16:35,479][anemoi.utils.checkpoints][INFO] - Saving supporting array `latitudes` to inference-anemoi-by_epoch-epoch_004-step_019200/anemoi-metadata/latitudes.numpy (shape=(10944,), dtype=float64)
[2025-10-02 18:16:35,479][anemoi.utils.checkpoints][INFO] - Saving supporting array `longitudes` to inference-anemoi-by_epoch-epoch_004-step_019200/anemoi-metadata/longitudes.numpy (shape=(10944,), dtype=float64)
[2025-10-02 18:16:36,165][anemoi.utils.checkpoints][INFO] - Adding extra information to checkpoint /lus/h2resw01/scratch/momc/checkpoint/dbde19f6c791421ea8682147316edeb1/anemoi-by_epoch-epoch_004-step_019200.ckpt
[2025-10-02 18:16:36,165][anemoi.utils.checkpoints][INFO] - Saving metadata to archive/anemoi-metadata/ai-models.json
[2025-10-02 18:16:36,167][anemoi.utils.checkpoints][INFO] - Saving supporting array `latitudes` to archive/anemoi-metadata/latitudes.numpy (shape=(10944,), dtype=float64)
[2025-10-02 18:16:36,167][anemoi.utils.checkpoints][INFO] - Saving supporting array `longitudes` to archive/anemoi-metadata/longitudes.numpy (shape=(10944,), dtype=float64)
[2025-10-02 18:16:36,291][anemoi.utils.checkpoints][INFO] - Adding extra information to checkpoint /lus/h2resw01/scratch/momc/checkpoint/dbde19f6c791421ea8682147316edeb1/inference-last.ckpt
[2025-10-02 18:16:36,291][anemoi.utils.checkpoints][INFO] - Saving metadata to inference-last/anemoi-metadata/ai-models.json
[2025-10-02 18:16:36,292][anemoi.utils.checkpoints][INFO] - Saving supporting array `latitudes` to inference-last/anemoi-metadata/latitudes.numpy (shape=(10944,), dtype=float64)
[2025-10-02 18:16:36,293][anemoi.utils.checkpoints][INFO] - Saving supporting array `longitudes` to inference-last/anemoi-metadata/longitudes.numpy (shape=(10944,), dtype=float64)
[2025-10-02 18:16:37,012][anemoi.utils.checkpoints][INFO] - Adding extra information to checkpoint /lus/h2resw01/scratch/momc/checkpoint/dbde19f6c791421ea8682147316edeb1/last.ckpt
[2025-10-02 18:16:37,013][anemoi.utils.checkpoints][INFO] - Saving metadata to archive/anemoi-metadata/ai-models.json
[2025-10-02 18:16:37,014][anemoi.utils.checkpoints][INFO] - Saving supporting array `latitudes` to archive/anemoi-metadata/latitudes.numpy (shape=(10944,), dtype=float64)
[2025-10-02 18:16:37,014][anemoi.utils.checkpoints][INFO] - Saving supporting array `longitudes` to archive/anemoi-metadata/longitudes.numpy (shape=(10944,), dtype=float64)
[2025-10-02 18:39:11,931][anemoi.models.data_indices.collection][INFO] - The order of the variables in the model matches the order in the data.
[2025-10-02 18:39:11,932][anemoi.models.data_indices.collection][INFO] - The order of the variables in the model matches the order in the data.
[2025-10-02 18:39:11,932][anemoi.models.data_indices.collection][INFO] - The order of the variables in the model matches the order in the data.
[2025-10-02 18:39:11,932][anemoi.models.data_indices.collection][INFO] - The order of the variables in the model matches the order in the data.
[2025-10-02 18:39:32,105][anemoi.utils.checkpoints][INFO] - Adding extra information to checkpoint /lus/h2resw01/scratch/momc/checkpoint/dbde19f6c791421ea8682147316edeb1/inference-last.ckpt
[2025-10-02 18:39:32,105][anemoi.utils.checkpoints][INFO] - Saving metadata to inference-last/anemoi-metadata/ai-models.json
[2025-10-02 18:39:32,106][anemoi.utils.checkpoints][INFO] - Saving supporting array `latitudes` to inference-last/anemoi-metadata/latitudes.numpy (shape=(10944,), dtype=float64)
[2025-10-02 18:39:32,107][anemoi.utils.checkpoints][INFO] - Saving supporting array `longitudes` to inference-last/anemoi-metadata/longitudes.numpy (shape=(10944,), dtype=float64)
[2025-10-02 18:39:32,932][anemoi.utils.checkpoints][INFO] - Adding extra information to checkpoint /lus/h2resw01/scratch/momc/checkpoint/dbde19f6c791421ea8682147316edeb1/last.ckpt
[2025-10-02 18:39:32,933][anemoi.utils.checkpoints][INFO] - Saving metadata to archive/anemoi-metadata/ai-models.json
[2025-10-02 18:39:32,934][anemoi.utils.checkpoints][INFO] - Saving supporting array `latitudes` to archive/anemoi-metadata/latitudes.numpy (shape=(10944,), dtype=float64)
[2025-10-02 18:39:32,934][anemoi.utils.checkpoints][INFO] - Saving supporting array `longitudes` to archive/anemoi-metadata/longitudes.numpy (shape=(10944,), dtype=float64)
[2025-10-02 18:39:33,051][anemoi.utils.checkpoints][INFO] - Adding extra information to checkpoint /lus/h2resw01/scratch/momc/checkpoint/dbde19f6c791421ea8682147316edeb1/inference-anemoi-by_epoch-epoch_005-step_023040.ckpt
[2025-10-02 18:39:33,051][anemoi.utils.checkpoints][INFO] - Saving metadata to inference-anemoi-by_epoch-epoch_005-step_023040/anemoi-metadata/ai-models.json
[2025-10-02 18:39:33,053][anemoi.utils.checkpoints][INFO] - Saving supporting array `latitudes` to inference-anemoi-by_epoch-epoch_005-step_023040/anemoi-metadata/latitudes.numpy (shape=(10944,), dtype=float64)
[2025-10-02 18:39:33,053][anemoi.utils.checkpoints][INFO] - Saving supporting array `longitudes` to inference-anemoi-by_epoch-epoch_005-step_023040/anemoi-metadata/longitudes.numpy (shape=(10944,), dtype=float64)
[2025-10-02 18:39:33,761][anemoi.utils.checkpoints][INFO] - Adding extra information to checkpoint /lus/h2resw01/scratch/momc/checkpoint/dbde19f6c791421ea8682147316edeb1/anemoi-by_epoch-epoch_005-step_023040.ckpt
[2025-10-02 18:39:33,761][anemoi.utils.checkpoints][INFO] - Saving metadata to archive/anemoi-metadata/ai-models.json
[2025-10-02 18:39:33,762][anemoi.utils.checkpoints][INFO] - Saving supporting array `latitudes` to archive/anemoi-metadata/latitudes.numpy (shape=(10944,), dtype=float64)
[2025-10-02 18:39:33,762][anemoi.utils.checkpoints][INFO] - Saving supporting array `longitudes` to archive/anemoi-metadata/longitudes.numpy (shape=(10944,), dtype=float64)
[2025-10-02 18:39:33,892][anemoi.utils.checkpoints][INFO] - Adding extra information to checkpoint /lus/h2resw01/scratch/momc/checkpoint/dbde19f6c791421ea8682147316edeb1/inference-last.ckpt
[2025-10-02 18:39:33,892][anemoi.utils.checkpoints][INFO] - Saving metadata to inference-last/anemoi-metadata/ai-models.json
[2025-10-02 18:39:33,893][anemoi.utils.checkpoints][INFO] - Saving supporting array `latitudes` to inference-last/anemoi-metadata/latitudes.numpy (shape=(10944,), dtype=float64)
[2025-10-02 18:39:33,894][anemoi.utils.checkpoints][INFO] - Saving supporting array `longitudes` to inference-last/anemoi-metadata/longitudes.numpy (shape=(10944,), dtype=float64)
[2025-10-02 18:39:34,647][anemoi.utils.checkpoints][INFO] - Adding extra information to checkpoint /lus/h2resw01/scratch/momc/checkpoint/dbde19f6c791421ea8682147316edeb1/last.ckpt
[2025-10-02 18:39:34,648][anemoi.utils.checkpoints][INFO] - Saving metadata to archive/anemoi-metadata/ai-models.json
[2025-10-02 18:39:34,649][anemoi.utils.checkpoints][INFO] - Saving supporting array `latitudes` to archive/anemoi-metadata/latitudes.numpy (shape=(10944,), dtype=float64)
[2025-10-02 18:39:34,649][anemoi.utils.checkpoints][INFO] - Saving supporting array `longitudes` to archive/anemoi-metadata/longitudes.numpy (shape=(10944,), dtype=float64)
[2025-10-02 19:02:15,207][anemoi.models.data_indices.collection][INFO] - The order of the variables in the model matches the order in the data.
[2025-10-02 19:02:15,208][anemoi.models.data_indices.collection][INFO] - The order of the variables in the model matches the order in the data.
[2025-10-02 19:02:15,208][anemoi.models.data_indices.collection][INFO] - The order of the variables in the model matches the order in the data.
[2025-10-02 19:02:15,208][anemoi.models.data_indices.collection][INFO] - The order of the variables in the model matches the order in the data.
[2025-10-02 19:02:35,629][anemoi.utils.checkpoints][INFO] - Adding extra information to checkpoint /lus/h2resw01/scratch/momc/checkpoint/dbde19f6c791421ea8682147316edeb1/inference-last.ckpt
[2025-10-02 19:02:35,629][anemoi.utils.checkpoints][INFO] - Saving metadata to inference-last/anemoi-metadata/ai-models.json
[2025-10-02 19:02:35,631][anemoi.utils.checkpoints][INFO] - Saving supporting array `latitudes` to inference-last/anemoi-metadata/latitudes.numpy (shape=(10944,), dtype=float64)
[2025-10-02 19:02:35,631][anemoi.utils.checkpoints][INFO] - Saving supporting array `longitudes` to inference-last/anemoi-metadata/longitudes.numpy (shape=(10944,), dtype=float64)
[2025-10-02 19:02:36,356][anemoi.utils.checkpoints][INFO] - Adding extra information to checkpoint /lus/h2resw01/scratch/momc/checkpoint/dbde19f6c791421ea8682147316edeb1/last.ckpt
[2025-10-02 19:02:36,357][anemoi.utils.checkpoints][INFO] - Saving metadata to archive/anemoi-metadata/ai-models.json
[2025-10-02 19:02:36,358][anemoi.utils.checkpoints][INFO] - Saving supporting array `latitudes` to archive/anemoi-metadata/latitudes.numpy (shape=(10944,), dtype=float64)
[2025-10-02 19:02:36,358][anemoi.utils.checkpoints][INFO] - Saving supporting array `longitudes` to archive/anemoi-metadata/longitudes.numpy (shape=(10944,), dtype=float64)
[2025-10-02 19:02:36,469][anemoi.utils.checkpoints][INFO] - Adding extra information to checkpoint /lus/h2resw01/scratch/momc/checkpoint/dbde19f6c791421ea8682147316edeb1/inference-anemoi-by_epoch-epoch_006-step_026880.ckpt
[2025-10-02 19:02:36,469][anemoi.utils.checkpoints][INFO] - Saving metadata to inference-anemoi-by_epoch-epoch_006-step_026880/anemoi-metadata/ai-models.json
[2025-10-02 19:02:36,471][anemoi.utils.checkpoints][INFO] - Saving supporting array `latitudes` to inference-anemoi-by_epoch-epoch_006-step_026880/anemoi-metadata/latitudes.numpy (shape=(10944,), dtype=float64)
[2025-10-02 19:02:36,471][anemoi.utils.checkpoints][INFO] - Saving supporting array `longitudes` to inference-anemoi-by_epoch-epoch_006-step_026880/anemoi-metadata/longitudes.numpy (shape=(10944,), dtype=float64)
[2025-10-02 19:02:37,155][anemoi.utils.checkpoints][INFO] - Adding extra information to checkpoint /lus/h2resw01/scratch/momc/checkpoint/dbde19f6c791421ea8682147316edeb1/anemoi-by_epoch-epoch_006-step_026880.ckpt
[2025-10-02 19:02:37,155][anemoi.utils.checkpoints][INFO] - Saving metadata to archive/anemoi-metadata/ai-models.json
[2025-10-02 19:02:37,156][anemoi.utils.checkpoints][INFO] - Saving supporting array `latitudes` to archive/anemoi-metadata/latitudes.numpy (shape=(10944,), dtype=float64)
[2025-10-02 19:02:37,157][anemoi.utils.checkpoints][INFO] - Saving supporting array `longitudes` to archive/anemoi-metadata/longitudes.numpy (shape=(10944,), dtype=float64)
[2025-10-02 19:02:37,282][anemoi.utils.checkpoints][INFO] - Adding extra information to checkpoint /lus/h2resw01/scratch/momc/checkpoint/dbde19f6c791421ea8682147316edeb1/inference-last.ckpt
[2025-10-02 19:02:37,282][anemoi.utils.checkpoints][INFO] - Saving metadata to inference-last/anemoi-metadata/ai-models.json
[2025-10-02 19:02:37,283][anemoi.utils.checkpoints][INFO] - Saving supporting array `latitudes` to inference-last/anemoi-metadata/latitudes.numpy (shape=(10944,), dtype=float64)
[2025-10-02 19:02:37,283][anemoi.utils.checkpoints][INFO] - Saving supporting array `longitudes` to inference-last/anemoi-metadata/longitudes.numpy (shape=(10944,), dtype=float64)
[2025-10-02 19:02:38,005][anemoi.utils.checkpoints][INFO] - Adding extra information to checkpoint /lus/h2resw01/scratch/momc/checkpoint/dbde19f6c791421ea8682147316edeb1/last.ckpt
[2025-10-02 19:02:38,005][anemoi.utils.checkpoints][INFO] - Saving metadata to archive/anemoi-metadata/ai-models.json
[2025-10-02 19:02:38,007][anemoi.utils.checkpoints][INFO] - Saving supporting array `latitudes` to archive/anemoi-metadata/latitudes.numpy (shape=(10944,), dtype=float64)
[2025-10-02 19:02:38,007][anemoi.utils.checkpoints][INFO] - Saving supporting array `longitudes` to archive/anemoi-metadata/longitudes.numpy (shape=(10944,), dtype=float64)
[2025-10-02 19:25:27,013][anemoi.models.data_indices.collection][INFO] - The order of the variables in the model matches the order in the data.
[2025-10-02 19:25:27,013][anemoi.models.data_indices.collection][INFO] - The order of the variables in the model matches the order in the data.
[2025-10-02 19:25:27,014][anemoi.models.data_indices.collection][INFO] - The order of the variables in the model matches the order in the data.
[2025-10-02 19:25:27,014][anemoi.models.data_indices.collection][INFO] - The order of the variables in the model matches the order in the data.
[2025-10-02 19:25:46,510][anemoi.utils.checkpoints][INFO] - Adding extra information to checkpoint /lus/h2resw01/scratch/momc/checkpoint/dbde19f6c791421ea8682147316edeb1/inference-last.ckpt
[2025-10-02 19:25:46,510][anemoi.utils.checkpoints][INFO] - Saving metadata to inference-last/anemoi-metadata/ai-models.json
[2025-10-02 19:25:46,511][anemoi.utils.checkpoints][INFO] - Saving supporting array `latitudes` to inference-last/anemoi-metadata/latitudes.numpy (shape=(10944,), dtype=float64)
[2025-10-02 19:25:46,512][anemoi.utils.checkpoints][INFO] - Saving supporting array `longitudes` to inference-last/anemoi-metadata/longitudes.numpy (shape=(10944,), dtype=float64)
[2025-10-02 19:25:47,228][anemoi.utils.checkpoints][INFO] - Adding extra information to checkpoint /lus/h2resw01/scratch/momc/checkpoint/dbde19f6c791421ea8682147316edeb1/last.ckpt
[2025-10-02 19:25:47,228][anemoi.utils.checkpoints][INFO] - Saving metadata to archive/anemoi-metadata/ai-models.json
[2025-10-02 19:25:47,229][anemoi.utils.checkpoints][INFO] - Saving supporting array `latitudes` to archive/anemoi-metadata/latitudes.numpy (shape=(10944,), dtype=float64)
[2025-10-02 19:25:47,230][anemoi.utils.checkpoints][INFO] - Saving supporting array `longitudes` to archive/anemoi-metadata/longitudes.numpy (shape=(10944,), dtype=float64)
[2025-10-02 19:25:47,341][anemoi.utils.checkpoints][INFO] - Adding extra information to checkpoint /lus/h2resw01/scratch/momc/checkpoint/dbde19f6c791421ea8682147316edeb1/inference-anemoi-by_epoch-epoch_007-step_030720.ckpt
[2025-10-02 19:25:47,342][anemoi.utils.checkpoints][INFO] - Saving metadata to inference-anemoi-by_epoch-epoch_007-step_030720/anemoi-metadata/ai-models.json
[2025-10-02 19:25:47,343][anemoi.utils.checkpoints][INFO] - Saving supporting array `latitudes` to inference-anemoi-by_epoch-epoch_007-step_030720/anemoi-metadata/latitudes.numpy (shape=(10944,), dtype=float64)
[2025-10-02 19:25:47,343][anemoi.utils.checkpoints][INFO] - Saving supporting array `longitudes` to inference-anemoi-by_epoch-epoch_007-step_030720/anemoi-metadata/longitudes.numpy (shape=(10944,), dtype=float64)
[2025-10-02 19:25:48,018][anemoi.utils.checkpoints][INFO] - Adding extra information to checkpoint /lus/h2resw01/scratch/momc/checkpoint/dbde19f6c791421ea8682147316edeb1/anemoi-by_epoch-epoch_007-step_030720.ckpt
[2025-10-02 19:25:48,018][anemoi.utils.checkpoints][INFO] - Saving metadata to archive/anemoi-metadata/ai-models.json
[2025-10-02 19:25:48,019][anemoi.utils.checkpoints][INFO] - Saving supporting array `latitudes` to archive/anemoi-metadata/latitudes.numpy (shape=(10944,), dtype=float64)
[2025-10-02 19:25:48,020][anemoi.utils.checkpoints][INFO] - Saving supporting array `longitudes` to archive/anemoi-metadata/longitudes.numpy (shape=(10944,), dtype=float64)
[2025-10-02 19:25:48,143][anemoi.utils.checkpoints][INFO] - Adding extra information to checkpoint /lus/h2resw01/scratch/momc/checkpoint/dbde19f6c791421ea8682147316edeb1/inference-last.ckpt
[2025-10-02 19:25:48,143][anemoi.utils.checkpoints][INFO] - Saving metadata to inference-last/anemoi-metadata/ai-models.json
[2025-10-02 19:25:48,144][anemoi.utils.checkpoints][INFO] - Saving supporting array `latitudes` to inference-last/anemoi-metadata/latitudes.numpy (shape=(10944,), dtype=float64)
[2025-10-02 19:25:48,145][anemoi.utils.checkpoints][INFO] - Saving supporting array `longitudes` to inference-last/anemoi-metadata/longitudes.numpy (shape=(10944,), dtype=float64)
[2025-10-02 19:25:48,866][anemoi.utils.checkpoints][INFO] - Adding extra information to checkpoint /lus/h2resw01/scratch/momc/checkpoint/dbde19f6c791421ea8682147316edeb1/last.ckpt
[2025-10-02 19:25:48,866][anemoi.utils.checkpoints][INFO] - Saving metadata to archive/anemoi-metadata/ai-models.json
[2025-10-02 19:25:48,867][anemoi.utils.checkpoints][INFO] - Saving supporting array `latitudes` to archive/anemoi-metadata/latitudes.numpy (shape=(10944,), dtype=float64)
[2025-10-02 19:25:48,868][anemoi.utils.checkpoints][INFO] - Saving supporting array `longitudes` to archive/anemoi-metadata/longitudes.numpy (shape=(10944,), dtype=float64)
[2025-10-02 19:48:37,909][anemoi.models.data_indices.collection][INFO] - The order of the variables in the model matches the order in the data.
[2025-10-02 19:48:37,909][anemoi.models.data_indices.collection][INFO] - The order of the variables in the model matches the order in the data.
[2025-10-02 19:48:37,910][anemoi.models.data_indices.collection][INFO] - The order of the variables in the model matches the order in the data.
[2025-10-02 19:48:37,909][anemoi.models.data_indices.collection][INFO] - The order of the variables in the model matches the order in the data.
[2025-10-02 19:48:58,278][anemoi.utils.checkpoints][INFO] - Adding extra information to checkpoint /lus/h2resw01/scratch/momc/checkpoint/dbde19f6c791421ea8682147316edeb1/inference-last.ckpt
[2025-10-02 19:48:58,278][anemoi.utils.checkpoints][INFO] - Saving metadata to inference-last/anemoi-metadata/ai-models.json
[2025-10-02 19:48:58,279][anemoi.utils.checkpoints][INFO] - Saving supporting array `latitudes` to inference-last/anemoi-metadata/latitudes.numpy (shape=(10944,), dtype=float64)
[2025-10-02 19:48:58,280][anemoi.utils.checkpoints][INFO] - Saving supporting array `longitudes` to inference-last/anemoi-metadata/longitudes.numpy (shape=(10944,), dtype=float64)
[2025-10-02 19:49:00,424][anemoi.utils.checkpoints][INFO] - Adding extra information to checkpoint /lus/h2resw01/scratch/momc/checkpoint/dbde19f6c791421ea8682147316edeb1/last.ckpt
[2025-10-02 19:49:00,424][anemoi.utils.checkpoints][INFO] - Saving metadata to archive/anemoi-metadata/ai-models.json
[2025-10-02 19:49:00,425][anemoi.utils.checkpoints][INFO] - Saving supporting array `latitudes` to archive/anemoi-metadata/latitudes.numpy (shape=(10944,), dtype=float64)
[2025-10-02 19:49:00,426][anemoi.utils.checkpoints][INFO] - Saving supporting array `longitudes` to archive/anemoi-metadata/longitudes.numpy (shape=(10944,), dtype=float64)
[2025-10-02 19:49:00,541][anemoi.utils.checkpoints][INFO] - Adding extra information to checkpoint /lus/h2resw01/scratch/momc/checkpoint/dbde19f6c791421ea8682147316edeb1/inference-anemoi-by_epoch-epoch_008-step_034560.ckpt
[2025-10-02 19:49:00,542][anemoi.utils.checkpoints][INFO] - Saving metadata to inference-anemoi-by_epoch-epoch_008-step_034560/anemoi-metadata/ai-models.json
[2025-10-02 19:49:00,543][anemoi.utils.checkpoints][INFO] - Saving supporting array `latitudes` to inference-anemoi-by_epoch-epoch_008-step_034560/anemoi-metadata/latitudes.numpy (shape=(10944,), dtype=float64)
[2025-10-02 19:49:00,543][anemoi.utils.checkpoints][INFO] - Saving supporting array `longitudes` to inference-anemoi-by_epoch-epoch_008-step_034560/anemoi-metadata/longitudes.numpy (shape=(10944,), dtype=float64)
[2025-10-02 19:49:01,233][anemoi.utils.checkpoints][INFO] - Adding extra information to checkpoint /lus/h2resw01/scratch/momc/checkpoint/dbde19f6c791421ea8682147316edeb1/anemoi-by_epoch-epoch_008-step_034560.ckpt
[2025-10-02 19:49:01,234][anemoi.utils.checkpoints][INFO] - Saving metadata to archive/anemoi-metadata/ai-models.json
[2025-10-02 19:49:01,235][anemoi.utils.checkpoints][INFO] - Saving supporting array `latitudes` to archive/anemoi-metadata/latitudes.numpy (shape=(10944,), dtype=float64)
[2025-10-02 19:49:01,235][anemoi.utils.checkpoints][INFO] - Saving supporting array `longitudes` to archive/anemoi-metadata/longitudes.numpy (shape=(10944,), dtype=float64)
[2025-10-02 19:49:01,368][anemoi.utils.checkpoints][INFO] - Adding extra information to checkpoint /lus/h2resw01/scratch/momc/checkpoint/dbde19f6c791421ea8682147316edeb1/inference-last.ckpt
[2025-10-02 19:49:01,368][anemoi.utils.checkpoints][INFO] - Saving metadata to inference-last/anemoi-metadata/ai-models.json
[2025-10-02 19:49:01,369][anemoi.utils.checkpoints][INFO] - Saving supporting array `latitudes` to inference-last/anemoi-metadata/latitudes.numpy (shape=(10944,), dtype=float64)
[2025-10-02 19:49:01,370][anemoi.utils.checkpoints][INFO] - Saving supporting array `longitudes` to inference-last/anemoi-metadata/longitudes.numpy (shape=(10944,), dtype=float64)
[2025-10-02 19:49:02,117][anemoi.utils.checkpoints][INFO] - Adding extra information to checkpoint /lus/h2resw01/scratch/momc/checkpoint/dbde19f6c791421ea8682147316edeb1/last.ckpt
[2025-10-02 19:49:02,117][anemoi.utils.checkpoints][INFO] - Saving metadata to archive/anemoi-metadata/ai-models.json
[2025-10-02 19:49:02,118][anemoi.utils.checkpoints][INFO] - Saving supporting array `latitudes` to archive/anemoi-metadata/latitudes.numpy (shape=(10944,), dtype=float64)
[2025-10-02 19:49:02,118][anemoi.utils.checkpoints][INFO] - Saving supporting array `longitudes` to archive/anemoi-metadata/longitudes.numpy (shape=(10944,), dtype=float64)
[2025-10-02 20:11:50,861][anemoi.models.data_indices.collection][INFO] - The order of the variables in the model matches the order in the data.
[2025-10-02 20:11:50,862][anemoi.models.data_indices.collection][INFO] - The order of the variables in the model matches the order in the data.
[2025-10-02 20:11:50,862][anemoi.models.data_indices.collection][INFO] - The order of the variables in the model matches the order in the data.
[2025-10-02 20:11:50,869][anemoi.models.data_indices.collection][INFO] - The order of the variables in the model matches the order in the data.
[2025-10-02 20:12:10,816][anemoi.utils.checkpoints][INFO] - Adding extra information to checkpoint /lus/h2resw01/scratch/momc/checkpoint/dbde19f6c791421ea8682147316edeb1/inference-last.ckpt
[2025-10-02 20:12:10,816][anemoi.utils.checkpoints][INFO] - Saving metadata to inference-last/anemoi-metadata/ai-models.json
[2025-10-02 20:12:10,818][anemoi.utils.checkpoints][INFO] - Saving supporting array `latitudes` to inference-last/anemoi-metadata/latitudes.numpy (shape=(10944,), dtype=float64)
[2025-10-02 20:12:10,818][anemoi.utils.checkpoints][INFO] - Saving supporting array `longitudes` to inference-last/anemoi-metadata/longitudes.numpy (shape=(10944,), dtype=float64)
[2025-10-02 20:12:11,573][anemoi.utils.checkpoints][INFO] - Adding extra information to checkpoint /lus/h2resw01/scratch/momc/checkpoint/dbde19f6c791421ea8682147316edeb1/last.ckpt
[2025-10-02 20:12:11,573][anemoi.utils.checkpoints][INFO] - Saving metadata to archive/anemoi-metadata/ai-models.json
[2025-10-02 20:12:11,574][anemoi.utils.checkpoints][INFO] - Saving supporting array `latitudes` to archive/anemoi-metadata/latitudes.numpy (shape=(10944,), dtype=float64)
[2025-10-02 20:12:11,574][anemoi.utils.checkpoints][INFO] - Saving supporting array `longitudes` to archive/anemoi-metadata/longitudes.numpy (shape=(10944,), dtype=float64)
[2025-10-02 20:12:11,689][anemoi.utils.checkpoints][INFO] - Adding extra information to checkpoint /lus/h2resw01/scratch/momc/checkpoint/dbde19f6c791421ea8682147316edeb1/inference-anemoi-by_epoch-epoch_009-step_038400.ckpt
[2025-10-02 20:12:11,689][anemoi.utils.checkpoints][INFO] - Saving metadata to inference-anemoi-by_epoch-epoch_009-step_038400/anemoi-metadata/ai-models.json
[2025-10-02 20:12:11,690][anemoi.utils.checkpoints][INFO] - Saving supporting array `latitudes` to inference-anemoi-by_epoch-epoch_009-step_038400/anemoi-metadata/latitudes.numpy (shape=(10944,), dtype=float64)
[2025-10-02 20:12:11,691][anemoi.utils.checkpoints][INFO] - Saving supporting array `longitudes` to inference-anemoi-by_epoch-epoch_009-step_038400/anemoi-metadata/longitudes.numpy (shape=(10944,), dtype=float64)
[2025-10-02 20:12:12,372][anemoi.utils.checkpoints][INFO] - Adding extra information to checkpoint /lus/h2resw01/scratch/momc/checkpoint/dbde19f6c791421ea8682147316edeb1/anemoi-by_epoch-epoch_009-step_038400.ckpt
[2025-10-02 20:12:12,372][anemoi.utils.checkpoints][INFO] - Saving metadata to archive/anemoi-metadata/ai-models.json
[2025-10-02 20:12:12,374][anemoi.utils.checkpoints][INFO] - Saving supporting array `latitudes` to archive/anemoi-metadata/latitudes.numpy (shape=(10944,), dtype=float64)
[2025-10-02 20:12:12,374][anemoi.utils.checkpoints][INFO] - Saving supporting array `longitudes` to archive/anemoi-metadata/longitudes.numpy (shape=(10944,), dtype=float64)
[2025-10-02 20:12:12,499][anemoi.utils.checkpoints][INFO] - Adding extra information to checkpoint /lus/h2resw01/scratch/momc/checkpoint/dbde19f6c791421ea8682147316edeb1/inference-last.ckpt
[2025-10-02 20:12:12,499][anemoi.utils.checkpoints][INFO] - Saving metadata to inference-last/anemoi-metadata/ai-models.json
[2025-10-02 20:12:12,500][anemoi.utils.checkpoints][INFO] - Saving supporting array `latitudes` to inference-last/anemoi-metadata/latitudes.numpy (shape=(10944,), dtype=float64)
[2025-10-02 20:12:12,501][anemoi.utils.checkpoints][INFO] - Saving supporting array `longitudes` to inference-last/anemoi-metadata/longitudes.numpy (shape=(10944,), dtype=float64)
[2025-10-02 20:12:13,219][anemoi.utils.checkpoints][INFO] - Adding extra information to checkpoint /lus/h2resw01/scratch/momc/checkpoint/dbde19f6c791421ea8682147316edeb1/last.ckpt
[2025-10-02 20:12:13,219][anemoi.utils.checkpoints][INFO] - Saving metadata to archive/anemoi-metadata/ai-models.json
[2025-10-02 20:12:13,220][anemoi.utils.checkpoints][INFO] - Saving supporting array `latitudes` to archive/anemoi-metadata/latitudes.numpy (shape=(10944,), dtype=float64)
[2025-10-02 20:12:13,221][anemoi.utils.checkpoints][INFO] - Saving supporting array `longitudes` to archive/anemoi-metadata/longitudes.numpy (shape=(10944,), dtype=float64)
[2025-10-02 20:35:23,999][anemoi.models.data_indices.collection][INFO] - The order of the variables in the model matches the order in the data.
[2025-10-02 20:35:23,999][anemoi.models.data_indices.collection][INFO] - The order of the variables in the model matches the order in the data.
[2025-10-02 20:35:23,999][anemoi.models.data_indices.collection][INFO] - The order of the variables in the model matches the order in the data.
[2025-10-02 20:35:23,999][anemoi.models.data_indices.collection][INFO] - The order of the variables in the model matches the order in the data.
[2025-10-02 20:35:46,139][anemoi.utils.checkpoints][INFO] - Adding extra information to checkpoint /lus/h2resw01/scratch/momc/checkpoint/dbde19f6c791421ea8682147316edeb1/inference-last.ckpt
[2025-10-02 20:35:46,139][anemoi.utils.checkpoints][INFO] - Saving metadata to inference-last/anemoi-metadata/ai-models.json
[2025-10-02 20:35:46,140][anemoi.utils.checkpoints][INFO] - Saving supporting array `latitudes` to inference-last/anemoi-metadata/latitudes.numpy (shape=(10944,), dtype=float64)
[2025-10-02 20:35:46,141][anemoi.utils.checkpoints][INFO] - Saving supporting array `longitudes` to inference-last/anemoi-metadata/longitudes.numpy (shape=(10944,), dtype=float64)
[2025-10-02 20:35:47,128][anemoi.utils.checkpoints][INFO] - Adding extra information to checkpoint /lus/h2resw01/scratch/momc/checkpoint/dbde19f6c791421ea8682147316edeb1/last.ckpt
[2025-10-02 20:35:47,128][anemoi.utils.checkpoints][INFO] - Saving metadata to archive/anemoi-metadata/ai-models.json
[2025-10-02 20:35:47,129][anemoi.utils.checkpoints][INFO] - Saving supporting array `latitudes` to archive/anemoi-metadata/latitudes.numpy (shape=(10944,), dtype=float64)
[2025-10-02 20:35:47,130][anemoi.utils.checkpoints][INFO] - Saving supporting array `longitudes` to archive/anemoi-metadata/longitudes.numpy (shape=(10944,), dtype=float64)
[2025-10-02 20:35:47,259][anemoi.utils.checkpoints][INFO] - Adding extra information to checkpoint /lus/h2resw01/scratch/momc/checkpoint/dbde19f6c791421ea8682147316edeb1/inference-anemoi-by_epoch-epoch_010-step_042240.ckpt
[2025-10-02 20:35:47,259][anemoi.utils.checkpoints][INFO] - Saving metadata to inference-anemoi-by_epoch-epoch_010-step_042240/anemoi-metadata/ai-models.json
[2025-10-02 20:35:47,261][anemoi.utils.checkpoints][INFO] - Saving supporting array `latitudes` to inference-anemoi-by_epoch-epoch_010-step_042240/anemoi-metadata/latitudes.numpy (shape=(10944,), dtype=float64)
[2025-10-02 20:35:47,261][anemoi.utils.checkpoints][INFO] - Saving supporting array `longitudes` to inference-anemoi-by_epoch-epoch_010-step_042240/anemoi-metadata/longitudes.numpy (shape=(10944,), dtype=float64)
[2025-10-02 20:35:47,936][anemoi.utils.checkpoints][INFO] - Adding extra information to checkpoint /lus/h2resw01/scratch/momc/checkpoint/dbde19f6c791421ea8682147316edeb1/anemoi-by_epoch-epoch_010-step_042240.ckpt
[2025-10-02 20:35:47,936][anemoi.utils.checkpoints][INFO] - Saving metadata to archive/anemoi-metadata/ai-models.json
[2025-10-02 20:35:47,938][anemoi.utils.checkpoints][INFO] - Saving supporting array `latitudes` to archive/anemoi-metadata/latitudes.numpy (shape=(10944,), dtype=float64)
[2025-10-02 20:35:47,938][anemoi.utils.checkpoints][INFO] - Saving supporting array `longitudes` to archive/anemoi-metadata/longitudes.numpy (shape=(10944,), dtype=float64)
[2025-10-02 20:35:48,066][anemoi.utils.checkpoints][INFO] - Adding extra information to checkpoint /lus/h2resw01/scratch/momc/checkpoint/dbde19f6c791421ea8682147316edeb1/inference-last.ckpt
[2025-10-02 20:35:48,066][anemoi.utils.checkpoints][INFO] - Saving metadata to inference-last/anemoi-metadata/ai-models.json
[2025-10-02 20:35:48,067][anemoi.utils.checkpoints][INFO] - Saving supporting array `latitudes` to inference-last/anemoi-metadata/latitudes.numpy (shape=(10944,), dtype=float64)
[2025-10-02 20:35:48,067][anemoi.utils.checkpoints][INFO] - Saving supporting array `longitudes` to inference-last/anemoi-metadata/longitudes.numpy (shape=(10944,), dtype=float64)
[2025-10-02 20:35:48,780][anemoi.utils.checkpoints][INFO] - Adding extra information to checkpoint /lus/h2resw01/scratch/momc/checkpoint/dbde19f6c791421ea8682147316edeb1/last.ckpt
[2025-10-02 20:35:48,780][anemoi.utils.checkpoints][INFO] - Saving metadata to archive/anemoi-metadata/ai-models.json
[2025-10-02 20:35:48,781][anemoi.utils.checkpoints][INFO] - Saving supporting array `latitudes` to archive/anemoi-metadata/latitudes.numpy (shape=(10944,), dtype=float64)
[2025-10-02 20:35:48,782][anemoi.utils.checkpoints][INFO] - Saving supporting array `longitudes` to archive/anemoi-metadata/longitudes.numpy (shape=(10944,), dtype=float64)
[2025-10-02 20:58:44,849][anemoi.models.data_indices.collection][INFO] - The order of the variables in the model matches the order in the data.
[2025-10-02 20:58:44,849][anemoi.models.data_indices.collection][INFO] - The order of the variables in the model matches the order in the data.
[2025-10-02 20:58:44,849][anemoi.models.data_indices.collection][INFO] - The order of the variables in the model matches the order in the data.
[2025-10-02 20:58:44,850][anemoi.models.data_indices.collection][INFO] - The order of the variables in the model matches the order in the data.
[2025-10-02 20:59:05,085][anemoi.utils.checkpoints][INFO] - Adding extra information to checkpoint /lus/h2resw01/scratch/momc/checkpoint/dbde19f6c791421ea8682147316edeb1/inference-last.ckpt
[2025-10-02 20:59:05,085][anemoi.utils.checkpoints][INFO] - Saving metadata to inference-last/anemoi-metadata/ai-models.json
[2025-10-02 20:59:05,086][anemoi.utils.checkpoints][INFO] - Saving supporting array `latitudes` to inference-last/anemoi-metadata/latitudes.numpy (shape=(10944,), dtype=float64)
[2025-10-02 20:59:05,087][anemoi.utils.checkpoints][INFO] - Saving supporting array `longitudes` to inference-last/anemoi-metadata/longitudes.numpy (shape=(10944,), dtype=float64)
[2025-10-02 20:59:05,832][anemoi.utils.checkpoints][INFO] - Adding extra information to checkpoint /lus/h2resw01/scratch/momc/checkpoint/dbde19f6c791421ea8682147316edeb1/last.ckpt
[2025-10-02 20:59:05,833][anemoi.utils.checkpoints][INFO] - Saving metadata to archive/anemoi-metadata/ai-models.json
[2025-10-02 20:59:05,834][anemoi.utils.checkpoints][INFO] - Saving supporting array `latitudes` to archive/anemoi-metadata/latitudes.numpy (shape=(10944,), dtype=float64)
[2025-10-02 20:59:05,834][anemoi.utils.checkpoints][INFO] - Saving supporting array `longitudes` to archive/anemoi-metadata/longitudes.numpy (shape=(10944,), dtype=float64)
[2025-10-02 20:59:05,947][anemoi.utils.checkpoints][INFO] - Adding extra information to checkpoint /lus/h2resw01/scratch/momc/checkpoint/dbde19f6c791421ea8682147316edeb1/inference-anemoi-by_epoch-epoch_011-step_046080.ckpt
[2025-10-02 20:59:05,947][anemoi.utils.checkpoints][INFO] - Saving metadata to inference-anemoi-by_epoch-epoch_011-step_046080/anemoi-metadata/ai-models.json
[2025-10-02 20:59:05,948][anemoi.utils.checkpoints][INFO] - Saving supporting array `latitudes` to inference-anemoi-by_epoch-epoch_011-step_046080/anemoi-metadata/latitudes.numpy (shape=(10944,), dtype=float64)
[2025-10-02 20:59:05,949][anemoi.utils.checkpoints][INFO] - Saving supporting array `longitudes` to inference-anemoi-by_epoch-epoch_011-step_046080/anemoi-metadata/longitudes.numpy (shape=(10944,), dtype=float64)
[2025-10-02 20:59:06,630][anemoi.utils.checkpoints][INFO] - Adding extra information to checkpoint /lus/h2resw01/scratch/momc/checkpoint/dbde19f6c791421ea8682147316edeb1/anemoi-by_epoch-epoch_011-step_046080.ckpt
[2025-10-02 20:59:06,630][anemoi.utils.checkpoints][INFO] - Saving metadata to archive/anemoi-metadata/ai-models.json
[2025-10-02 20:59:06,631][anemoi.utils.checkpoints][INFO] - Saving supporting array `latitudes` to archive/anemoi-metadata/latitudes.numpy (shape=(10944,), dtype=float64)
[2025-10-02 20:59:06,632][anemoi.utils.checkpoints][INFO] - Saving supporting array `longitudes` to archive/anemoi-metadata/longitudes.numpy (shape=(10944,), dtype=float64)
[2025-10-02 20:59:06,756][anemoi.utils.checkpoints][INFO] - Adding extra information to checkpoint /lus/h2resw01/scratch/momc/checkpoint/dbde19f6c791421ea8682147316edeb1/inference-last.ckpt
[2025-10-02 20:59:06,756][anemoi.utils.checkpoints][INFO] - Saving metadata to inference-last/anemoi-metadata/ai-models.json
[2025-10-02 20:59:06,758][anemoi.utils.checkpoints][INFO] - Saving supporting array `latitudes` to inference-last/anemoi-metadata/latitudes.numpy (shape=(10944,), dtype=float64)
[2025-10-02 20:59:06,758][anemoi.utils.checkpoints][INFO] - Saving supporting array `longitudes` to inference-last/anemoi-metadata/longitudes.numpy (shape=(10944,), dtype=float64)
[2025-10-02 20:59:07,477][anemoi.utils.checkpoints][INFO] - Adding extra information to checkpoint /lus/h2resw01/scratch/momc/checkpoint/dbde19f6c791421ea8682147316edeb1/last.ckpt
[2025-10-02 20:59:07,477][anemoi.utils.checkpoints][INFO] - Saving metadata to archive/anemoi-metadata/ai-models.json
[2025-10-02 20:59:07,479][anemoi.utils.checkpoints][INFO] - Saving supporting array `latitudes` to archive/anemoi-metadata/latitudes.numpy (shape=(10944,), dtype=float64)
[2025-10-02 20:59:07,479][anemoi.utils.checkpoints][INFO] - Saving supporting array `longitudes` to archive/anemoi-metadata/longitudes.numpy (shape=(10944,), dtype=float64)
[2025-10-02 21:21:56,274][anemoi.models.data_indices.collection][INFO] - The order of the variables in the model matches the order in the data.
[2025-10-02 21:21:56,274][anemoi.models.data_indices.collection][INFO] - The order of the variables in the model matches the order in the data.
[2025-10-02 21:21:56,274][anemoi.models.data_indices.collection][INFO] - The order of the variables in the model matches the order in the data.
[2025-10-02 21:21:56,275][anemoi.models.data_indices.collection][INFO] - The order of the variables in the model matches the order in the data.
[2025-10-02 21:22:16,094][anemoi.utils.checkpoints][INFO] - Adding extra information to checkpoint /lus/h2resw01/scratch/momc/checkpoint/dbde19f6c791421ea8682147316edeb1/inference-last.ckpt
[2025-10-02 21:22:16,094][anemoi.utils.checkpoints][INFO] - Saving metadata to inference-last/anemoi-metadata/ai-models.json
[2025-10-02 21:22:16,096][anemoi.utils.checkpoints][INFO] - Saving supporting array `latitudes` to inference-last/anemoi-metadata/latitudes.numpy (shape=(10944,), dtype=float64)
[2025-10-02 21:22:16,096][anemoi.utils.checkpoints][INFO] - Saving supporting array `longitudes` to inference-last/anemoi-metadata/longitudes.numpy (shape=(10944,), dtype=float64)
[2025-10-02 21:22:16,870][anemoi.utils.checkpoints][INFO] - Adding extra information to checkpoint /lus/h2resw01/scratch/momc/checkpoint/dbde19f6c791421ea8682147316edeb1/last.ckpt
[2025-10-02 21:22:16,870][anemoi.utils.checkpoints][INFO] - Saving metadata to archive/anemoi-metadata/ai-models.json
[2025-10-02 21:22:16,871][anemoi.utils.checkpoints][INFO] - Saving supporting array `latitudes` to archive/anemoi-metadata/latitudes.numpy (shape=(10944,), dtype=float64)
[2025-10-02 21:22:16,871][anemoi.utils.checkpoints][INFO] - Saving supporting array `longitudes` to archive/anemoi-metadata/longitudes.numpy (shape=(10944,), dtype=float64)
[2025-10-02 21:22:16,984][anemoi.utils.checkpoints][INFO] - Adding extra information to checkpoint /lus/h2resw01/scratch/momc/checkpoint/dbde19f6c791421ea8682147316edeb1/inference-anemoi-by_epoch-epoch_012-step_049920.ckpt
[2025-10-02 21:22:16,985][anemoi.utils.checkpoints][INFO] - Saving metadata to inference-anemoi-by_epoch-epoch_012-step_049920/anemoi-metadata/ai-models.json
[2025-10-02 21:22:16,986][anemoi.utils.checkpoints][INFO] - Saving supporting array `latitudes` to inference-anemoi-by_epoch-epoch_012-step_049920/anemoi-metadata/latitudes.numpy (shape=(10944,), dtype=float64)
[2025-10-02 21:22:16,986][anemoi.utils.checkpoints][INFO] - Saving supporting array `longitudes` to inference-anemoi-by_epoch-epoch_012-step_049920/anemoi-metadata/longitudes.numpy (shape=(10944,), dtype=float64)
[2025-10-02 21:22:17,671][anemoi.utils.checkpoints][INFO] - Adding extra information to checkpoint /lus/h2resw01/scratch/momc/checkpoint/dbde19f6c791421ea8682147316edeb1/anemoi-by_epoch-epoch_012-step_049920.ckpt
[2025-10-02 21:22:17,671][anemoi.utils.checkpoints][INFO] - Saving metadata to archive/anemoi-metadata/ai-models.json
[2025-10-02 21:22:17,672][anemoi.utils.checkpoints][INFO] - Saving supporting array `latitudes` to archive/anemoi-metadata/latitudes.numpy (shape=(10944,), dtype=float64)
[2025-10-02 21:22:17,673][anemoi.utils.checkpoints][INFO] - Saving supporting array `longitudes` to archive/anemoi-metadata/longitudes.numpy (shape=(10944,), dtype=float64)
[2025-10-02 21:22:17,798][anemoi.utils.checkpoints][INFO] - Adding extra information to checkpoint /lus/h2resw01/scratch/momc/checkpoint/dbde19f6c791421ea8682147316edeb1/inference-last.ckpt
[2025-10-02 21:22:17,798][anemoi.utils.checkpoints][INFO] - Saving metadata to inference-last/anemoi-metadata/ai-models.json
[2025-10-02 21:22:17,799][anemoi.utils.checkpoints][INFO] - Saving supporting array `latitudes` to inference-last/anemoi-metadata/latitudes.numpy (shape=(10944,), dtype=float64)
[2025-10-02 21:22:17,800][anemoi.utils.checkpoints][INFO] - Saving supporting array `longitudes` to inference-last/anemoi-metadata/longitudes.numpy (shape=(10944,), dtype=float64)
[2025-10-02 21:22:18,536][anemoi.utils.checkpoints][INFO] - Adding extra information to checkpoint /lus/h2resw01/scratch/momc/checkpoint/dbde19f6c791421ea8682147316edeb1/last.ckpt
[2025-10-02 21:22:18,537][anemoi.utils.checkpoints][INFO] - Saving metadata to archive/anemoi-metadata/ai-models.json
[2025-10-02 21:22:18,538][anemoi.utils.checkpoints][INFO] - Saving supporting array `latitudes` to archive/anemoi-metadata/latitudes.numpy (shape=(10944,), dtype=float64)
[2025-10-02 21:22:18,538][anemoi.utils.checkpoints][INFO] - Saving supporting array `longitudes` to archive/anemoi-metadata/longitudes.numpy (shape=(10944,), dtype=float64)
[2025-10-02 21:45:58,283][anemoi.models.data_indices.collection][INFO] - The order of the variables in the model matches the order in the data.
[2025-10-02 21:45:58,283][anemoi.models.data_indices.collection][INFO] - The order of the variables in the model matches the order in the data.
[2025-10-02 21:45:58,283][anemoi.models.data_indices.collection][INFO] - The order of the variables in the model matches the order in the data.
[2025-10-02 21:45:58,283][anemoi.models.data_indices.collection][INFO] - The order of the variables in the model matches the order in the data.
[2025-10-02 21:46:20,852][anemoi.utils.checkpoints][INFO] - Adding extra information to checkpoint /lus/h2resw01/scratch/momc/checkpoint/dbde19f6c791421ea8682147316edeb1/inference-last.ckpt
[2025-10-02 21:46:20,852][anemoi.utils.checkpoints][INFO] - Saving metadata to inference-last/anemoi-metadata/ai-models.json
[2025-10-02 21:46:20,854][anemoi.utils.checkpoints][INFO] - Saving supporting array `latitudes` to inference-last/anemoi-metadata/latitudes.numpy (shape=(10944,), dtype=float64)
[2025-10-02 21:46:20,854][anemoi.utils.checkpoints][INFO] - Saving supporting array `longitudes` to inference-last/anemoi-metadata/longitudes.numpy (shape=(10944,), dtype=float64)
[2025-10-02 21:46:21,538][anemoi.utils.checkpoints][INFO] - Adding extra information to checkpoint /lus/h2resw01/scratch/momc/checkpoint/dbde19f6c791421ea8682147316edeb1/last.ckpt
[2025-10-02 21:46:21,538][anemoi.utils.checkpoints][INFO] - Saving metadata to archive/anemoi-metadata/ai-models.json
[2025-10-02 21:46:21,539][anemoi.utils.checkpoints][INFO] - Saving supporting array `latitudes` to archive/anemoi-metadata/latitudes.numpy (shape=(10944,), dtype=float64)
[2025-10-02 21:46:21,539][anemoi.utils.checkpoints][INFO] - Saving supporting array `longitudes` to archive/anemoi-metadata/longitudes.numpy (shape=(10944,), dtype=float64)
[2025-10-02 21:46:21,651][anemoi.utils.checkpoints][INFO] - Adding extra information to checkpoint /lus/h2resw01/scratch/momc/checkpoint/dbde19f6c791421ea8682147316edeb1/inference-anemoi-by_epoch-epoch_013-step_053760.ckpt
[2025-10-02 21:46:21,651][anemoi.utils.checkpoints][INFO] - Saving metadata to inference-anemoi-by_epoch-epoch_013-step_053760/anemoi-metadata/ai-models.json
[2025-10-02 21:46:21,652][anemoi.utils.checkpoints][INFO] - Saving supporting array `latitudes` to inference-anemoi-by_epoch-epoch_013-step_053760/anemoi-metadata/latitudes.numpy (shape=(10944,), dtype=float64)
[2025-10-02 21:46:21,653][anemoi.utils.checkpoints][INFO] - Saving supporting array `longitudes` to inference-anemoi-by_epoch-epoch_013-step_053760/anemoi-metadata/longitudes.numpy (shape=(10944,), dtype=float64)
[2025-10-02 21:46:22,324][anemoi.utils.checkpoints][INFO] - Adding extra information to checkpoint /lus/h2resw01/scratch/momc/checkpoint/dbde19f6c791421ea8682147316edeb1/anemoi-by_epoch-epoch_013-step_053760.ckpt
[2025-10-02 21:46:22,324][anemoi.utils.checkpoints][INFO] - Saving metadata to archive/anemoi-metadata/ai-models.json
[2025-10-02 21:46:22,325][anemoi.utils.checkpoints][INFO] - Saving supporting array `latitudes` to archive/anemoi-metadata/latitudes.numpy (shape=(10944,), dtype=float64)
[2025-10-02 21:46:22,325][anemoi.utils.checkpoints][INFO] - Saving supporting array `longitudes` to archive/anemoi-metadata/longitudes.numpy (shape=(10944,), dtype=float64)
[2025-10-02 21:46:22,448][anemoi.utils.checkpoints][INFO] - Adding extra information to checkpoint /lus/h2resw01/scratch/momc/checkpoint/dbde19f6c791421ea8682147316edeb1/inference-last.ckpt
[2025-10-02 21:46:22,448][anemoi.utils.checkpoints][INFO] - Saving metadata to inference-last/anemoi-metadata/ai-models.json
[2025-10-02 21:46:22,449][anemoi.utils.checkpoints][INFO] - Saving supporting array `latitudes` to inference-last/anemoi-metadata/latitudes.numpy (shape=(10944,), dtype=float64)
[2025-10-02 21:46:22,449][anemoi.utils.checkpoints][INFO] - Saving supporting array `longitudes` to inference-last/anemoi-metadata/longitudes.numpy (shape=(10944,), dtype=float64)
[2025-10-02 21:46:23,164][anemoi.utils.checkpoints][INFO] - Adding extra information to checkpoint /lus/h2resw01/scratch/momc/checkpoint/dbde19f6c791421ea8682147316edeb1/last.ckpt
[2025-10-02 21:46:23,164][anemoi.utils.checkpoints][INFO] - Saving metadata to archive/anemoi-metadata/ai-models.json
[2025-10-02 21:46:23,165][anemoi.utils.checkpoints][INFO] - Saving supporting array `latitudes` to archive/anemoi-metadata/latitudes.numpy (shape=(10944,), dtype=float64)
[2025-10-02 21:46:23,166][anemoi.utils.checkpoints][INFO] - Saving supporting array `longitudes` to archive/anemoi-metadata/longitudes.numpy (shape=(10944,), dtype=float64)
[2025-10-02 22:09:16,648][anemoi.models.data_indices.collection][INFO] - The order of the variables in the model matches the order in the data.
[2025-10-02 22:09:16,648][anemoi.models.data_indices.collection][INFO] - The order of the variables in the model matches the order in the data.
[2025-10-02 22:09:16,648][anemoi.models.data_indices.collection][INFO] - The order of the variables in the model matches the order in the data.
[2025-10-02 22:09:16,654][anemoi.models.data_indices.collection][INFO] - The order of the variables in the model matches the order in the data.
[2025-10-02 22:09:36,189][anemoi.utils.checkpoints][INFO] - Adding extra information to checkpoint /lus/h2resw01/scratch/momc/checkpoint/dbde19f6c791421ea8682147316edeb1/inference-last.ckpt
[2025-10-02 22:09:36,189][anemoi.utils.checkpoints][INFO] - Saving metadata to inference-last/anemoi-metadata/ai-models.json
[2025-10-02 22:09:36,190][anemoi.utils.checkpoints][INFO] - Saving supporting array `latitudes` to inference-last/anemoi-metadata/latitudes.numpy (shape=(10944,), dtype=float64)
[2025-10-02 22:09:36,190][anemoi.utils.checkpoints][INFO] - Saving supporting array `longitudes` to inference-last/anemoi-metadata/longitudes.numpy (shape=(10944,), dtype=float64)
[2025-10-02 22:09:36,935][anemoi.utils.checkpoints][INFO] - Adding extra information to checkpoint /lus/h2resw01/scratch/momc/checkpoint/dbde19f6c791421ea8682147316edeb1/last.ckpt
[2025-10-02 22:09:36,935][anemoi.utils.checkpoints][INFO] - Saving metadata to archive/anemoi-metadata/ai-models.json
[2025-10-02 22:09:36,937][anemoi.utils.checkpoints][INFO] - Saving supporting array `latitudes` to archive/anemoi-metadata/latitudes.numpy (shape=(10944,), dtype=float64)
[2025-10-02 22:09:36,937][anemoi.utils.checkpoints][INFO] - Saving supporting array `longitudes` to archive/anemoi-metadata/longitudes.numpy (shape=(10944,), dtype=float64)
[2025-10-02 22:09:37,049][anemoi.utils.checkpoints][INFO] - Adding extra information to checkpoint /lus/h2resw01/scratch/momc/checkpoint/dbde19f6c791421ea8682147316edeb1/inference-anemoi-by_epoch-epoch_014-step_057600.ckpt
[2025-10-02 22:09:37,050][anemoi.utils.checkpoints][INFO] - Saving metadata to inference-anemoi-by_epoch-epoch_014-step_057600/anemoi-metadata/ai-models.json
[2025-10-02 22:09:37,051][anemoi.utils.checkpoints][INFO] - Saving supporting array `latitudes` to inference-anemoi-by_epoch-epoch_014-step_057600/anemoi-metadata/latitudes.numpy (shape=(10944,), dtype=float64)
[2025-10-02 22:09:37,051][anemoi.utils.checkpoints][INFO] - Saving supporting array `longitudes` to inference-anemoi-by_epoch-epoch_014-step_057600/anemoi-metadata/longitudes.numpy (shape=(10944,), dtype=float64)
[2025-10-02 22:09:37,748][anemoi.utils.checkpoints][INFO] - Adding extra information to checkpoint /lus/h2resw01/scratch/momc/checkpoint/dbde19f6c791421ea8682147316edeb1/anemoi-by_epoch-epoch_014-step_057600.ckpt
[2025-10-02 22:09:37,748][anemoi.utils.checkpoints][INFO] - Saving metadata to archive/anemoi-metadata/ai-models.json
[2025-10-02 22:09:37,749][anemoi.utils.checkpoints][INFO] - Saving supporting array `latitudes` to archive/anemoi-metadata/latitudes.numpy (shape=(10944,), dtype=float64)
[2025-10-02 22:09:37,750][anemoi.utils.checkpoints][INFO] - Saving supporting array `longitudes` to archive/anemoi-metadata/longitudes.numpy (shape=(10944,), dtype=float64)
[2025-10-02 22:09:37,877][anemoi.utils.checkpoints][INFO] - Adding extra information to checkpoint /lus/h2resw01/scratch/momc/checkpoint/dbde19f6c791421ea8682147316edeb1/inference-last.ckpt
[2025-10-02 22:09:37,877][anemoi.utils.checkpoints][INFO] - Saving metadata to inference-last/anemoi-metadata/ai-models.json
[2025-10-02 22:09:37,878][anemoi.utils.checkpoints][INFO] - Saving supporting array `latitudes` to inference-last/anemoi-metadata/latitudes.numpy (shape=(10944,), dtype=float64)
[2025-10-02 22:09:37,879][anemoi.utils.checkpoints][INFO] - Saving supporting array `longitudes` to inference-last/anemoi-metadata/longitudes.numpy (shape=(10944,), dtype=float64)
[2025-10-02 22:09:38,632][anemoi.utils.checkpoints][INFO] - Adding extra information to checkpoint /lus/h2resw01/scratch/momc/checkpoint/dbde19f6c791421ea8682147316edeb1/last.ckpt
[2025-10-02 22:09:38,632][anemoi.utils.checkpoints][INFO] - Saving metadata to archive/anemoi-metadata/ai-models.json
[2025-10-02 22:09:38,634][anemoi.utils.checkpoints][INFO] - Saving supporting array `latitudes` to archive/anemoi-metadata/latitudes.numpy (shape=(10944,), dtype=float64)
[2025-10-02 22:09:38,634][anemoi.utils.checkpoints][INFO] - Saving supporting array `longitudes` to archive/anemoi-metadata/longitudes.numpy (shape=(10944,), dtype=float64)
[2025-10-02 22:32:28,652][anemoi.models.data_indices.collection][INFO] - The order of the variables in the model matches the order in the data.
[2025-10-02 22:32:28,653][anemoi.models.data_indices.collection][INFO] - The order of the variables in the model matches the order in the data.
[2025-10-02 22:32:28,653][anemoi.models.data_indices.collection][INFO] - The order of the variables in the model matches the order in the data.
[2025-10-02 22:32:28,653][anemoi.models.data_indices.collection][INFO] - The order of the variables in the model matches the order in the data.
[2025-10-02 22:32:48,511][anemoi.utils.checkpoints][INFO] - Adding extra information to checkpoint /lus/h2resw01/scratch/momc/checkpoint/dbde19f6c791421ea8682147316edeb1/inference-last.ckpt
[2025-10-02 22:32:48,511][anemoi.utils.checkpoints][INFO] - Saving metadata to inference-last/anemoi-metadata/ai-models.json
[2025-10-02 22:32:48,513][anemoi.utils.checkpoints][INFO] - Saving supporting array `latitudes` to inference-last/anemoi-metadata/latitudes.numpy (shape=(10944,), dtype=float64)
[2025-10-02 22:32:48,513][anemoi.utils.checkpoints][INFO] - Saving supporting array `longitudes` to inference-last/anemoi-metadata/longitudes.numpy (shape=(10944,), dtype=float64)
[2025-10-02 22:32:49,433][anemoi.utils.checkpoints][INFO] - Adding extra information to checkpoint /lus/h2resw01/scratch/momc/checkpoint/dbde19f6c791421ea8682147316edeb1/last.ckpt
[2025-10-02 22:32:49,433][anemoi.utils.checkpoints][INFO] - Saving metadata to archive/anemoi-metadata/ai-models.json
[2025-10-02 22:32:49,434][anemoi.utils.checkpoints][INFO] - Saving supporting array `latitudes` to archive/anemoi-metadata/latitudes.numpy (shape=(10944,), dtype=float64)
[2025-10-02 22:32:49,434][anemoi.utils.checkpoints][INFO] - Saving supporting array `longitudes` to archive/anemoi-metadata/longitudes.numpy (shape=(10944,), dtype=float64)
[2025-10-02 22:32:49,548][anemoi.utils.checkpoints][INFO] - Adding extra information to checkpoint /lus/h2resw01/scratch/momc/checkpoint/dbde19f6c791421ea8682147316edeb1/inference-anemoi-by_epoch-epoch_015-step_061440.ckpt
[2025-10-02 22:32:49,548][anemoi.utils.checkpoints][INFO] - Saving metadata to inference-anemoi-by_epoch-epoch_015-step_061440/anemoi-metadata/ai-models.json
[2025-10-02 22:32:49,550][anemoi.utils.checkpoints][INFO] - Saving supporting array `latitudes` to inference-anemoi-by_epoch-epoch_015-step_061440/anemoi-metadata/latitudes.numpy (shape=(10944,), dtype=float64)
[2025-10-02 22:32:49,550][anemoi.utils.checkpoints][INFO] - Saving supporting array `longitudes` to inference-anemoi-by_epoch-epoch_015-step_061440/anemoi-metadata/longitudes.numpy (shape=(10944,), dtype=float64)
[2025-10-02 22:32:50,261][anemoi.utils.checkpoints][INFO] - Adding extra information to checkpoint /lus/h2resw01/scratch/momc/checkpoint/dbde19f6c791421ea8682147316edeb1/anemoi-by_epoch-epoch_015-step_061440.ckpt
[2025-10-02 22:32:50,261][anemoi.utils.checkpoints][INFO] - Saving metadata to archive/anemoi-metadata/ai-models.json
[2025-10-02 22:32:50,262][anemoi.utils.checkpoints][INFO] - Saving supporting array `latitudes` to archive/anemoi-metadata/latitudes.numpy (shape=(10944,), dtype=float64)
[2025-10-02 22:32:50,262][anemoi.utils.checkpoints][INFO] - Saving supporting array `longitudes` to archive/anemoi-metadata/longitudes.numpy (shape=(10944,), dtype=float64)
[2025-10-02 22:32:50,387][anemoi.utils.checkpoints][INFO] - Adding extra information to checkpoint /lus/h2resw01/scratch/momc/checkpoint/dbde19f6c791421ea8682147316edeb1/inference-last.ckpt
[2025-10-02 22:32:50,387][anemoi.utils.checkpoints][INFO] - Saving metadata to inference-last/anemoi-metadata/ai-models.json
[2025-10-02 22:32:50,389][anemoi.utils.checkpoints][INFO] - Saving supporting array `latitudes` to inference-last/anemoi-metadata/latitudes.numpy (shape=(10944,), dtype=float64)
[2025-10-02 22:32:50,389][anemoi.utils.checkpoints][INFO] - Saving supporting array `longitudes` to inference-last/anemoi-metadata/longitudes.numpy (shape=(10944,), dtype=float64)
[2025-10-02 22:32:51,127][anemoi.utils.checkpoints][INFO] - Adding extra information to checkpoint /lus/h2resw01/scratch/momc/checkpoint/dbde19f6c791421ea8682147316edeb1/last.ckpt
[2025-10-02 22:32:51,127][anemoi.utils.checkpoints][INFO] - Saving metadata to archive/anemoi-metadata/ai-models.json
[2025-10-02 22:32:51,128][anemoi.utils.checkpoints][INFO] - Saving supporting array `latitudes` to archive/anemoi-metadata/latitudes.numpy (shape=(10944,), dtype=float64)
[2025-10-02 22:32:51,129][anemoi.utils.checkpoints][INFO] - Saving supporting array `longitudes` to archive/anemoi-metadata/longitudes.numpy (shape=(10944,), dtype=float64)
[2025-10-02 22:56:09,305][anemoi.models.data_indices.collection][INFO] - The order of the variables in the model matches the order in the data.
[2025-10-02 22:56:09,306][anemoi.models.data_indices.collection][INFO] - The order of the variables in the model matches the order in the data.
[2025-10-02 22:56:09,306][anemoi.models.data_indices.collection][INFO] - The order of the variables in the model matches the order in the data.
[2025-10-02 22:56:09,306][anemoi.models.data_indices.collection][INFO] - The order of the variables in the model matches the order in the data.
[2025-10-02 22:56:28,730][anemoi.utils.checkpoints][INFO] - Adding extra information to checkpoint /lus/h2resw01/scratch/momc/checkpoint/dbde19f6c791421ea8682147316edeb1/inference-last.ckpt
[2025-10-02 22:56:28,731][anemoi.utils.checkpoints][INFO] - Saving metadata to inference-last/anemoi-metadata/ai-models.json
[2025-10-02 22:56:28,732][anemoi.utils.checkpoints][INFO] - Saving supporting array `latitudes` to inference-last/anemoi-metadata/latitudes.numpy (shape=(10944,), dtype=float64)
[2025-10-02 22:56:28,732][anemoi.utils.checkpoints][INFO] - Saving supporting array `longitudes` to inference-last/anemoi-metadata/longitudes.numpy (shape=(10944,), dtype=float64)
[2025-10-02 22:56:29,468][anemoi.utils.checkpoints][INFO] - Adding extra information to checkpoint /lus/h2resw01/scratch/momc/checkpoint/dbde19f6c791421ea8682147316edeb1/last.ckpt
[2025-10-02 22:56:29,468][anemoi.utils.checkpoints][INFO] - Saving metadata to archive/anemoi-metadata/ai-models.json
[2025-10-02 22:56:29,469][anemoi.utils.checkpoints][INFO] - Saving supporting array `latitudes` to archive/anemoi-metadata/latitudes.numpy (shape=(10944,), dtype=float64)
[2025-10-02 22:56:29,470][anemoi.utils.checkpoints][INFO] - Saving supporting array `longitudes` to archive/anemoi-metadata/longitudes.numpy (shape=(10944,), dtype=float64)
[2025-10-02 22:56:29,595][anemoi.utils.checkpoints][INFO] - Adding extra information to checkpoint /lus/h2resw01/scratch/momc/checkpoint/dbde19f6c791421ea8682147316edeb1/inference-anemoi-by_epoch-epoch_016-step_065280.ckpt
[2025-10-02 22:56:29,595][anemoi.utils.checkpoints][INFO] - Saving metadata to inference-anemoi-by_epoch-epoch_016-step_065280/anemoi-metadata/ai-models.json
[2025-10-02 22:56:29,597][anemoi.utils.checkpoints][INFO] - Saving supporting array `latitudes` to inference-anemoi-by_epoch-epoch_016-step_065280/anemoi-metadata/latitudes.numpy (shape=(10944,), dtype=float64)
[2025-10-02 22:56:29,597][anemoi.utils.checkpoints][INFO] - Saving supporting array `longitudes` to inference-anemoi-by_epoch-epoch_016-step_065280/anemoi-metadata/longitudes.numpy (shape=(10944,), dtype=float64)
[2025-10-02 22:56:30,274][anemoi.utils.checkpoints][INFO] - Adding extra information to checkpoint /lus/h2resw01/scratch/momc/checkpoint/dbde19f6c791421ea8682147316edeb1/anemoi-by_epoch-epoch_016-step_065280.ckpt
[2025-10-02 22:56:30,274][anemoi.utils.checkpoints][INFO] - Saving metadata to archive/anemoi-metadata/ai-models.json
[2025-10-02 22:56:30,276][anemoi.utils.checkpoints][INFO] - Saving supporting array `latitudes` to archive/anemoi-metadata/latitudes.numpy (shape=(10944,), dtype=float64)
[2025-10-02 22:56:30,276][anemoi.utils.checkpoints][INFO] - Saving supporting array `longitudes` to archive/anemoi-metadata/longitudes.numpy (shape=(10944,), dtype=float64)
[2025-10-02 22:56:30,402][anemoi.utils.checkpoints][INFO] - Adding extra information to checkpoint /lus/h2resw01/scratch/momc/checkpoint/dbde19f6c791421ea8682147316edeb1/inference-last.ckpt
[2025-10-02 22:56:30,402][anemoi.utils.checkpoints][INFO] - Saving metadata to inference-last/anemoi-metadata/ai-models.json
[2025-10-02 22:56:30,403][anemoi.utils.checkpoints][INFO] - Saving supporting array `latitudes` to inference-last/anemoi-metadata/latitudes.numpy (shape=(10944,), dtype=float64)
[2025-10-02 22:56:30,404][anemoi.utils.checkpoints][INFO] - Saving supporting array `longitudes` to inference-last/anemoi-metadata/longitudes.numpy (shape=(10944,), dtype=float64)
[2025-10-02 22:56:31,124][anemoi.utils.checkpoints][INFO] - Adding extra information to checkpoint /lus/h2resw01/scratch/momc/checkpoint/dbde19f6c791421ea8682147316edeb1/last.ckpt
[2025-10-02 22:56:31,124][anemoi.utils.checkpoints][INFO] - Saving metadata to archive/anemoi-metadata/ai-models.json
[2025-10-02 22:56:31,125][anemoi.utils.checkpoints][INFO] - Saving supporting array `latitudes` to archive/anemoi-metadata/latitudes.numpy (shape=(10944,), dtype=float64)
[2025-10-02 22:56:31,126][anemoi.utils.checkpoints][INFO] - Saving supporting array `longitudes` to archive/anemoi-metadata/longitudes.numpy (shape=(10944,), dtype=float64)
[2025-10-02 23:19:20,226][anemoi.models.data_indices.collection][INFO] - The order of the variables in the model matches the order in the data.
[2025-10-02 23:19:20,226][anemoi.models.data_indices.collection][INFO] - The order of the variables in the model matches the order in the data.
[2025-10-02 23:19:20,226][anemoi.models.data_indices.collection][INFO] - The order of the variables in the model matches the order in the data.
[2025-10-02 23:19:20,226][anemoi.models.data_indices.collection][INFO] - The order of the variables in the model matches the order in the data.
[2025-10-02 23:19:40,128][anemoi.utils.checkpoints][INFO] - Adding extra information to checkpoint /lus/h2resw01/scratch/momc/checkpoint/dbde19f6c791421ea8682147316edeb1/inference-last.ckpt
[2025-10-02 23:19:40,129][anemoi.utils.checkpoints][INFO] - Saving metadata to inference-last/anemoi-metadata/ai-models.json
[2025-10-02 23:19:40,130][anemoi.utils.checkpoints][INFO] - Saving supporting array `latitudes` to inference-last/anemoi-metadata/latitudes.numpy (shape=(10944,), dtype=float64)
[2025-10-02 23:19:40,130][anemoi.utils.checkpoints][INFO] - Saving supporting array `longitudes` to inference-last/anemoi-metadata/longitudes.numpy (shape=(10944,), dtype=float64)
[2025-10-02 23:19:41,525][anemoi.utils.checkpoints][INFO] - Adding extra information to checkpoint /lus/h2resw01/scratch/momc/checkpoint/dbde19f6c791421ea8682147316edeb1/last.ckpt
[2025-10-02 23:19:41,525][anemoi.utils.checkpoints][INFO] - Saving metadata to archive/anemoi-metadata/ai-models.json
[2025-10-02 23:19:41,527][anemoi.utils.checkpoints][INFO] - Saving supporting array `latitudes` to archive/anemoi-metadata/latitudes.numpy (shape=(10944,), dtype=float64)
[2025-10-02 23:19:41,527][anemoi.utils.checkpoints][INFO] - Saving supporting array `longitudes` to archive/anemoi-metadata/longitudes.numpy (shape=(10944,), dtype=float64)
[2025-10-02 23:19:41,639][anemoi.utils.checkpoints][INFO] - Adding extra information to checkpoint /lus/h2resw01/scratch/momc/checkpoint/dbde19f6c791421ea8682147316edeb1/inference-anemoi-by_epoch-epoch_017-step_069120.ckpt
[2025-10-02 23:19:41,639][anemoi.utils.checkpoints][INFO] - Saving metadata to inference-anemoi-by_epoch-epoch_017-step_069120/anemoi-metadata/ai-models.json
[2025-10-02 23:19:41,640][anemoi.utils.checkpoints][INFO] - Saving supporting array `latitudes` to inference-anemoi-by_epoch-epoch_017-step_069120/anemoi-metadata/latitudes.numpy (shape=(10944,), dtype=float64)
[2025-10-02 23:19:41,641][anemoi.utils.checkpoints][INFO] - Saving supporting array `longitudes` to inference-anemoi-by_epoch-epoch_017-step_069120/anemoi-metadata/longitudes.numpy (shape=(10944,), dtype=float64)
[2025-10-02 23:19:42,314][anemoi.utils.checkpoints][INFO] - Adding extra information to checkpoint /lus/h2resw01/scratch/momc/checkpoint/dbde19f6c791421ea8682147316edeb1/anemoi-by_epoch-epoch_017-step_069120.ckpt
[2025-10-02 23:19:42,314][anemoi.utils.checkpoints][INFO] - Saving metadata to archive/anemoi-metadata/ai-models.json
[2025-10-02 23:19:42,315][anemoi.utils.checkpoints][INFO] - Saving supporting array `latitudes` to archive/anemoi-metadata/latitudes.numpy (shape=(10944,), dtype=float64)
[2025-10-02 23:19:42,315][anemoi.utils.checkpoints][INFO] - Saving supporting array `longitudes` to archive/anemoi-metadata/longitudes.numpy (shape=(10944,), dtype=float64)
[2025-10-02 23:19:42,439][anemoi.utils.checkpoints][INFO] - Adding extra information to checkpoint /lus/h2resw01/scratch/momc/checkpoint/dbde19f6c791421ea8682147316edeb1/inference-last.ckpt
[2025-10-02 23:19:42,439][anemoi.utils.checkpoints][INFO] - Saving metadata to inference-last/anemoi-metadata/ai-models.json
[2025-10-02 23:19:42,441][anemoi.utils.checkpoints][INFO] - Saving supporting array `latitudes` to inference-last/anemoi-metadata/latitudes.numpy (shape=(10944,), dtype=float64)
[2025-10-02 23:19:42,441][anemoi.utils.checkpoints][INFO] - Saving supporting array `longitudes` to inference-last/anemoi-metadata/longitudes.numpy (shape=(10944,), dtype=float64)
[2025-10-02 23:19:43,302][anemoi.utils.checkpoints][INFO] - Adding extra information to checkpoint /lus/h2resw01/scratch/momc/checkpoint/dbde19f6c791421ea8682147316edeb1/last.ckpt
[2025-10-02 23:19:43,302][anemoi.utils.checkpoints][INFO] - Saving metadata to archive/anemoi-metadata/ai-models.json
[2025-10-02 23:19:43,304][anemoi.utils.checkpoints][INFO] - Saving supporting array `latitudes` to archive/anemoi-metadata/latitudes.numpy (shape=(10944,), dtype=float64)
[2025-10-02 23:19:43,304][anemoi.utils.checkpoints][INFO] - Saving supporting array `longitudes` to archive/anemoi-metadata/longitudes.numpy (shape=(10944,), dtype=float64)
[2025-10-02 23:46:09,219][anemoi.models.data_indices.collection][INFO] - The order of the variables in the model matches the order in the data.
[2025-10-02 23:46:09,219][anemoi.models.data_indices.collection][INFO] - The order of the variables in the model matches the order in the data.
[2025-10-02 23:46:09,219][anemoi.models.data_indices.collection][INFO] - The order of the variables in the model matches the order in the data.
[2025-10-02 23:46:09,220][anemoi.models.data_indices.collection][INFO] - The order of the variables in the model matches the order in the data.
[2025-10-02 23:46:29,085][anemoi.utils.checkpoints][INFO] - Adding extra information to checkpoint /lus/h2resw01/scratch/momc/checkpoint/dbde19f6c791421ea8682147316edeb1/inference-last.ckpt
[2025-10-02 23:46:29,085][anemoi.utils.checkpoints][INFO] - Saving metadata to inference-last/anemoi-metadata/ai-models.json
[2025-10-02 23:46:29,086][anemoi.utils.checkpoints][INFO] - Saving supporting array `latitudes` to inference-last/anemoi-metadata/latitudes.numpy (shape=(10944,), dtype=float64)
[2025-10-02 23:46:29,086][anemoi.utils.checkpoints][INFO] - Saving supporting array `longitudes` to inference-last/anemoi-metadata/longitudes.numpy (shape=(10944,), dtype=float64)
[2025-10-02 23:46:29,821][anemoi.utils.checkpoints][INFO] - Adding extra information to checkpoint /lus/h2resw01/scratch/momc/checkpoint/dbde19f6c791421ea8682147316edeb1/last.ckpt
[2025-10-02 23:46:29,821][anemoi.utils.checkpoints][INFO] - Saving metadata to archive/anemoi-metadata/ai-models.json
[2025-10-02 23:46:29,822][anemoi.utils.checkpoints][INFO] - Saving supporting array `latitudes` to archive/anemoi-metadata/latitudes.numpy (shape=(10944,), dtype=float64)
[2025-10-02 23:46:29,823][anemoi.utils.checkpoints][INFO] - Saving supporting array `longitudes` to archive/anemoi-metadata/longitudes.numpy (shape=(10944,), dtype=float64)
[2025-10-02 23:46:29,934][anemoi.utils.checkpoints][INFO] - Adding extra information to checkpoint /lus/h2resw01/scratch/momc/checkpoint/dbde19f6c791421ea8682147316edeb1/inference-anemoi-by_epoch-epoch_018-step_072960.ckpt
[2025-10-02 23:46:29,934][anemoi.utils.checkpoints][INFO] - Saving metadata to inference-anemoi-by_epoch-epoch_018-step_072960/anemoi-metadata/ai-models.json
[2025-10-02 23:46:29,935][anemoi.utils.checkpoints][INFO] - Saving supporting array `latitudes` to inference-anemoi-by_epoch-epoch_018-step_072960/anemoi-metadata/latitudes.numpy (shape=(10944,), dtype=float64)
[2025-10-02 23:46:29,936][anemoi.utils.checkpoints][INFO] - Saving supporting array `longitudes` to inference-anemoi-by_epoch-epoch_018-step_072960/anemoi-metadata/longitudes.numpy (shape=(10944,), dtype=float64)
[2025-10-02 23:46:30,616][anemoi.utils.checkpoints][INFO] - Adding extra information to checkpoint /lus/h2resw01/scratch/momc/checkpoint/dbde19f6c791421ea8682147316edeb1/anemoi-by_epoch-epoch_018-step_072960.ckpt
[2025-10-02 23:46:30,617][anemoi.utils.checkpoints][INFO] - Saving metadata to archive/anemoi-metadata/ai-models.json
[2025-10-02 23:46:30,618][anemoi.utils.checkpoints][INFO] - Saving supporting array `latitudes` to archive/anemoi-metadata/latitudes.numpy (shape=(10944,), dtype=float64)
[2025-10-02 23:46:30,618][anemoi.utils.checkpoints][INFO] - Saving supporting array `longitudes` to archive/anemoi-metadata/longitudes.numpy (shape=(10944,), dtype=float64)
[2025-10-02 23:46:30,743][anemoi.utils.checkpoints][INFO] - Adding extra information to checkpoint /lus/h2resw01/scratch/momc/checkpoint/dbde19f6c791421ea8682147316edeb1/inference-last.ckpt
[2025-10-02 23:46:30,743][anemoi.utils.checkpoints][INFO] - Saving metadata to inference-last/anemoi-metadata/ai-models.json
[2025-10-02 23:46:30,744][anemoi.utils.checkpoints][INFO] - Saving supporting array `latitudes` to inference-last/anemoi-metadata/latitudes.numpy (shape=(10944,), dtype=float64)
[2025-10-02 23:46:30,744][anemoi.utils.checkpoints][INFO] - Saving supporting array `longitudes` to inference-last/anemoi-metadata/longitudes.numpy (shape=(10944,), dtype=float64)
[2025-10-02 23:46:31,458][anemoi.utils.checkpoints][INFO] - Adding extra information to checkpoint /lus/h2resw01/scratch/momc/checkpoint/dbde19f6c791421ea8682147316edeb1/last.ckpt
[2025-10-02 23:46:31,459][anemoi.utils.checkpoints][INFO] - Saving metadata to archive/anemoi-metadata/ai-models.json
[2025-10-02 23:46:31,460][anemoi.utils.checkpoints][INFO] - Saving supporting array `latitudes` to archive/anemoi-metadata/latitudes.numpy (shape=(10944,), dtype=float64)
[2025-10-02 23:46:31,460][anemoi.utils.checkpoints][INFO] - Saving supporting array `longitudes` to archive/anemoi-metadata/longitudes.numpy (shape=(10944,), dtype=float64)
[2025-10-03 00:09:26,781][anemoi.models.data_indices.collection][INFO] - The order of the variables in the model matches the order in the data.
[2025-10-03 00:09:26,781][anemoi.models.data_indices.collection][INFO] - The order of the variables in the model matches the order in the data.
[2025-10-03 00:09:26,781][anemoi.models.data_indices.collection][INFO] - The order of the variables in the model matches the order in the data.
[2025-10-03 00:09:26,788][anemoi.models.data_indices.collection][INFO] - The order of the variables in the model matches the order in the data.
[2025-10-03 00:09:47,895][anemoi.utils.checkpoints][INFO] - Adding extra information to checkpoint /lus/h2resw01/scratch/momc/checkpoint/dbde19f6c791421ea8682147316edeb1/inference-last.ckpt
[2025-10-03 00:09:47,895][anemoi.utils.checkpoints][INFO] - Saving metadata to inference-last/anemoi-metadata/ai-models.json
[2025-10-03 00:09:47,896][anemoi.utils.checkpoints][INFO] - Saving supporting array `latitudes` to inference-last/anemoi-metadata/latitudes.numpy (shape=(10944,), dtype=float64)
[2025-10-03 00:09:47,896][anemoi.utils.checkpoints][INFO] - Saving supporting array `longitudes` to inference-last/anemoi-metadata/longitudes.numpy (shape=(10944,), dtype=float64)
[2025-10-03 00:09:48,618][anemoi.utils.checkpoints][INFO] - Adding extra information to checkpoint /lus/h2resw01/scratch/momc/checkpoint/dbde19f6c791421ea8682147316edeb1/last.ckpt
[2025-10-03 00:09:48,618][anemoi.utils.checkpoints][INFO] - Saving metadata to archive/anemoi-metadata/ai-models.json
[2025-10-03 00:09:48,619][anemoi.utils.checkpoints][INFO] - Saving supporting array `latitudes` to archive/anemoi-metadata/latitudes.numpy (shape=(10944,), dtype=float64)
[2025-10-03 00:09:48,619][anemoi.utils.checkpoints][INFO] - Saving supporting array `longitudes` to archive/anemoi-metadata/longitudes.numpy (shape=(10944,), dtype=float64)
[2025-10-03 00:09:48,732][anemoi.utils.checkpoints][INFO] - Adding extra information to checkpoint /lus/h2resw01/scratch/momc/checkpoint/dbde19f6c791421ea8682147316edeb1/inference-anemoi-by_epoch-epoch_019-step_076800.ckpt
[2025-10-03 00:09:48,732][anemoi.utils.checkpoints][INFO] - Saving metadata to inference-anemoi-by_epoch-epoch_019-step_076800/anemoi-metadata/ai-models.json
[2025-10-03 00:09:48,733][anemoi.utils.checkpoints][INFO] - Saving supporting array `latitudes` to inference-anemoi-by_epoch-epoch_019-step_076800/anemoi-metadata/latitudes.numpy (shape=(10944,), dtype=float64)
[2025-10-03 00:09:48,733][anemoi.utils.checkpoints][INFO] - Saving supporting array `longitudes` to inference-anemoi-by_epoch-epoch_019-step_076800/anemoi-metadata/longitudes.numpy (shape=(10944,), dtype=float64)
[2025-10-03 00:09:49,405][anemoi.utils.checkpoints][INFO] - Adding extra information to checkpoint /lus/h2resw01/scratch/momc/checkpoint/dbde19f6c791421ea8682147316edeb1/anemoi-by_epoch-epoch_019-step_076800.ckpt
[2025-10-03 00:09:49,405][anemoi.utils.checkpoints][INFO] - Saving metadata to archive/anemoi-metadata/ai-models.json
[2025-10-03 00:09:49,406][anemoi.utils.checkpoints][INFO] - Saving supporting array `latitudes` to archive/anemoi-metadata/latitudes.numpy (shape=(10944,), dtype=float64)
[2025-10-03 00:09:49,407][anemoi.utils.checkpoints][INFO] - Saving supporting array `longitudes` to archive/anemoi-metadata/longitudes.numpy (shape=(10944,), dtype=float64)
[2025-10-03 00:09:49,530][anemoi.utils.checkpoints][INFO] - Adding extra information to checkpoint /lus/h2resw01/scratch/momc/checkpoint/dbde19f6c791421ea8682147316edeb1/inference-last.ckpt
[2025-10-03 00:09:49,530][anemoi.utils.checkpoints][INFO] - Saving metadata to inference-last/anemoi-metadata/ai-models.json
[2025-10-03 00:09:49,531][anemoi.utils.checkpoints][INFO] - Saving supporting array `latitudes` to inference-last/anemoi-metadata/latitudes.numpy (shape=(10944,), dtype=float64)
[2025-10-03 00:09:49,531][anemoi.utils.checkpoints][INFO] - Saving supporting array `longitudes` to inference-last/anemoi-metadata/longitudes.numpy (shape=(10944,), dtype=float64)
[2025-10-03 00:09:50,252][anemoi.utils.checkpoints][INFO] - Adding extra information to checkpoint /lus/h2resw01/scratch/momc/checkpoint/dbde19f6c791421ea8682147316edeb1/last.ckpt
[2025-10-03 00:09:50,252][anemoi.utils.checkpoints][INFO] - Saving metadata to archive/anemoi-metadata/ai-models.json
[2025-10-03 00:09:50,254][anemoi.utils.checkpoints][INFO] - Saving supporting array `latitudes` to archive/anemoi-metadata/latitudes.numpy (shape=(10944,), dtype=float64)
[2025-10-03 00:09:50,254][anemoi.utils.checkpoints][INFO] - Saving supporting array `longitudes` to archive/anemoi-metadata/longitudes.numpy (shape=(10944,), dtype=float64)
[2025-10-03 00:33:04,904][anemoi.models.data_indices.collection][INFO] - The order of the variables in the model matches the order in the data.
[2025-10-03 00:33:04,904][anemoi.models.data_indices.collection][INFO] - The order of the variables in the model matches the order in the data.
[2025-10-03 00:33:04,904][anemoi.models.data_indices.collection][INFO] - The order of the variables in the model matches the order in the data.
[2025-10-03 00:33:04,904][anemoi.models.data_indices.collection][INFO] - The order of the variables in the model matches the order in the data.
[2025-10-03 00:33:26,248][anemoi.utils.checkpoints][INFO] - Adding extra information to checkpoint /lus/h2resw01/scratch/momc/checkpoint/dbde19f6c791421ea8682147316edeb1/inference-last.ckpt
[2025-10-03 00:33:26,249][anemoi.utils.checkpoints][INFO] - Saving metadata to inference-last/anemoi-metadata/ai-models.json
[2025-10-03 00:33:26,250][anemoi.utils.checkpoints][INFO] - Saving supporting array `latitudes` to inference-last/anemoi-metadata/latitudes.numpy (shape=(10944,), dtype=float64)
[2025-10-03 00:33:26,250][anemoi.utils.checkpoints][INFO] - Saving supporting array `longitudes` to inference-last/anemoi-metadata/longitudes.numpy (shape=(10944,), dtype=float64)
[2025-10-03 00:33:26,984][anemoi.utils.checkpoints][INFO] - Adding extra information to checkpoint /lus/h2resw01/scratch/momc/checkpoint/dbde19f6c791421ea8682147316edeb1/last.ckpt
[2025-10-03 00:33:26,984][anemoi.utils.checkpoints][INFO] - Saving metadata to archive/anemoi-metadata/ai-models.json
[2025-10-03 00:33:26,985][anemoi.utils.checkpoints][INFO] - Saving supporting array `latitudes` to archive/anemoi-metadata/latitudes.numpy (shape=(10944,), dtype=float64)
[2025-10-03 00:33:26,986][anemoi.utils.checkpoints][INFO] - Saving supporting array `longitudes` to archive/anemoi-metadata/longitudes.numpy (shape=(10944,), dtype=float64)
[2025-10-03 00:33:27,098][anemoi.utils.checkpoints][INFO] - Adding extra information to checkpoint /lus/h2resw01/scratch/momc/checkpoint/dbde19f6c791421ea8682147316edeb1/inference-anemoi-by_epoch-epoch_020-step_080640.ckpt
[2025-10-03 00:33:27,098][anemoi.utils.checkpoints][INFO] - Saving metadata to inference-anemoi-by_epoch-epoch_020-step_080640/anemoi-metadata/ai-models.json
[2025-10-03 00:33:27,100][anemoi.utils.checkpoints][INFO] - Saving supporting array `latitudes` to inference-anemoi-by_epoch-epoch_020-step_080640/anemoi-metadata/latitudes.numpy (shape=(10944,), dtype=float64)
[2025-10-03 00:33:27,100][anemoi.utils.checkpoints][INFO] - Saving supporting array `longitudes` to inference-anemoi-by_epoch-epoch_020-step_080640/anemoi-metadata/longitudes.numpy (shape=(10944,), dtype=float64)
[2025-10-03 00:33:27,796][anemoi.utils.checkpoints][INFO] - Adding extra information to checkpoint /lus/h2resw01/scratch/momc/checkpoint/dbde19f6c791421ea8682147316edeb1/anemoi-by_epoch-epoch_020-step_080640.ckpt
[2025-10-03 00:33:27,796][anemoi.utils.checkpoints][INFO] - Saving metadata to archive/anemoi-metadata/ai-models.json
[2025-10-03 00:33:27,797][anemoi.utils.checkpoints][INFO] - Saving supporting array `latitudes` to archive/anemoi-metadata/latitudes.numpy (shape=(10944,), dtype=float64)
[2025-10-03 00:33:27,798][anemoi.utils.checkpoints][INFO] - Saving supporting array `longitudes` to archive/anemoi-metadata/longitudes.numpy (shape=(10944,), dtype=float64)
[2025-10-03 00:33:27,925][anemoi.utils.checkpoints][INFO] - Adding extra information to checkpoint /lus/h2resw01/scratch/momc/checkpoint/dbde19f6c791421ea8682147316edeb1/inference-last.ckpt
[2025-10-03 00:33:27,925][anemoi.utils.checkpoints][INFO] - Saving metadata to inference-last/anemoi-metadata/ai-models.json
[2025-10-03 00:33:27,926][anemoi.utils.checkpoints][INFO] - Saving supporting array `latitudes` to inference-last/anemoi-metadata/latitudes.numpy (shape=(10944,), dtype=float64)
[2025-10-03 00:33:27,926][anemoi.utils.checkpoints][INFO] - Saving supporting array `longitudes` to inference-last/anemoi-metadata/longitudes.numpy (shape=(10944,), dtype=float64)
[2025-10-03 00:33:28,655][anemoi.utils.checkpoints][INFO] - Adding extra information to checkpoint /lus/h2resw01/scratch/momc/checkpoint/dbde19f6c791421ea8682147316edeb1/last.ckpt
[2025-10-03 00:33:28,655][anemoi.utils.checkpoints][INFO] - Saving metadata to archive/anemoi-metadata/ai-models.json
[2025-10-03 00:33:28,656][anemoi.utils.checkpoints][INFO] - Saving supporting array `latitudes` to archive/anemoi-metadata/latitudes.numpy (shape=(10944,), dtype=float64)
[2025-10-03 00:33:28,656][anemoi.utils.checkpoints][INFO] - Saving supporting array `longitudes` to archive/anemoi-metadata/longitudes.numpy (shape=(10944,), dtype=float64)
[2025-10-03 00:56:21,353][anemoi.models.data_indices.collection][INFO] - The order of the variables in the model matches the order in the data.
[2025-10-03 00:56:21,353][anemoi.models.data_indices.collection][INFO] - The order of the variables in the model matches the order in the data.
[2025-10-03 00:56:21,353][anemoi.models.data_indices.collection][INFO] - The order of the variables in the model matches the order in the data.
[2025-10-03 00:56:21,353][anemoi.models.data_indices.collection][INFO] - The order of the variables in the model matches the order in the data.
[2025-10-03 00:56:42,784][anemoi.utils.checkpoints][INFO] - Adding extra information to checkpoint /lus/h2resw01/scratch/momc/checkpoint/dbde19f6c791421ea8682147316edeb1/inference-last.ckpt
[2025-10-03 00:56:42,784][anemoi.utils.checkpoints][INFO] - Saving metadata to inference-last/anemoi-metadata/ai-models.json
[2025-10-03 00:56:42,786][anemoi.utils.checkpoints][INFO] - Saving supporting array `latitudes` to inference-last/anemoi-metadata/latitudes.numpy (shape=(10944,), dtype=float64)
[2025-10-03 00:56:42,786][anemoi.utils.checkpoints][INFO] - Saving supporting array `longitudes` to inference-last/anemoi-metadata/longitudes.numpy (shape=(10944,), dtype=float64)
[2025-10-03 00:56:43,699][anemoi.utils.checkpoints][INFO] - Adding extra information to checkpoint /lus/h2resw01/scratch/momc/checkpoint/dbde19f6c791421ea8682147316edeb1/last.ckpt
[2025-10-03 00:56:43,699][anemoi.utils.checkpoints][INFO] - Saving metadata to archive/anemoi-metadata/ai-models.json
[2025-10-03 00:56:43,701][anemoi.utils.checkpoints][INFO] - Saving supporting array `latitudes` to archive/anemoi-metadata/latitudes.numpy (shape=(10944,), dtype=float64)
[2025-10-03 00:56:43,701][anemoi.utils.checkpoints][INFO] - Saving supporting array `longitudes` to archive/anemoi-metadata/longitudes.numpy (shape=(10944,), dtype=float64)
[2025-10-03 00:56:43,824][anemoi.utils.checkpoints][INFO] - Adding extra information to checkpoint /lus/h2resw01/scratch/momc/checkpoint/dbde19f6c791421ea8682147316edeb1/inference-anemoi-by_epoch-epoch_021-step_084480.ckpt
[2025-10-03 00:56:43,824][anemoi.utils.checkpoints][INFO] - Saving metadata to inference-anemoi-by_epoch-epoch_021-step_084480/anemoi-metadata/ai-models.json
[2025-10-03 00:56:43,826][anemoi.utils.checkpoints][INFO] - Saving supporting array `latitudes` to inference-anemoi-by_epoch-epoch_021-step_084480/anemoi-metadata/latitudes.numpy (shape=(10944,), dtype=float64)
[2025-10-03 00:56:43,826][anemoi.utils.checkpoints][INFO] - Saving supporting array `longitudes` to inference-anemoi-by_epoch-epoch_021-step_084480/anemoi-metadata/longitudes.numpy (shape=(10944,), dtype=float64)
[2025-10-03 00:56:44,500][anemoi.utils.checkpoints][INFO] - Adding extra information to checkpoint /lus/h2resw01/scratch/momc/checkpoint/dbde19f6c791421ea8682147316edeb1/anemoi-by_epoch-epoch_021-step_084480.ckpt
[2025-10-03 00:56:44,500][anemoi.utils.checkpoints][INFO] - Saving metadata to archive/anemoi-metadata/ai-models.json
[2025-10-03 00:56:44,502][anemoi.utils.checkpoints][INFO] - Saving supporting array `latitudes` to archive/anemoi-metadata/latitudes.numpy (shape=(10944,), dtype=float64)
[2025-10-03 00:56:44,502][anemoi.utils.checkpoints][INFO] - Saving supporting array `longitudes` to archive/anemoi-metadata/longitudes.numpy (shape=(10944,), dtype=float64)
[2025-10-03 00:56:44,625][anemoi.utils.checkpoints][INFO] - Adding extra information to checkpoint /lus/h2resw01/scratch/momc/checkpoint/dbde19f6c791421ea8682147316edeb1/inference-last.ckpt
[2025-10-03 00:56:44,625][anemoi.utils.checkpoints][INFO] - Saving metadata to inference-last/anemoi-metadata/ai-models.json
[2025-10-03 00:56:44,626][anemoi.utils.checkpoints][INFO] - Saving supporting array `latitudes` to inference-last/anemoi-metadata/latitudes.numpy (shape=(10944,), dtype=float64)
[2025-10-03 00:56:44,627][anemoi.utils.checkpoints][INFO] - Saving supporting array `longitudes` to inference-last/anemoi-metadata/longitudes.numpy (shape=(10944,), dtype=float64)
[2025-10-03 00:56:45,362][anemoi.utils.checkpoints][INFO] - Adding extra information to checkpoint /lus/h2resw01/scratch/momc/checkpoint/dbde19f6c791421ea8682147316edeb1/last.ckpt
[2025-10-03 00:56:45,362][anemoi.utils.checkpoints][INFO] - Saving metadata to archive/anemoi-metadata/ai-models.json
[2025-10-03 00:56:45,364][anemoi.utils.checkpoints][INFO] - Saving supporting array `latitudes` to archive/anemoi-metadata/latitudes.numpy (shape=(10944,), dtype=float64)
[2025-10-03 00:56:45,364][anemoi.utils.checkpoints][INFO] - Saving supporting array `longitudes` to archive/anemoi-metadata/longitudes.numpy (shape=(10944,), dtype=float64)
[2025-10-03 01:19:44,585][anemoi.models.data_indices.collection][INFO] - The order of the variables in the model matches the order in the data.
[2025-10-03 01:19:44,585][anemoi.models.data_indices.collection][INFO] - The order of the variables in the model matches the order in the data.
[2025-10-03 01:19:44,585][anemoi.models.data_indices.collection][INFO] - The order of the variables in the model matches the order in the data.
[2025-10-03 01:19:44,585][anemoi.models.data_indices.collection][INFO] - The order of the variables in the model matches the order in the data.
[2025-10-03 01:20:04,351][anemoi.utils.checkpoints][INFO] - Adding extra information to checkpoint /lus/h2resw01/scratch/momc/checkpoint/dbde19f6c791421ea8682147316edeb1/inference-last.ckpt
[2025-10-03 01:20:04,351][anemoi.utils.checkpoints][INFO] - Saving metadata to inference-last/anemoi-metadata/ai-models.json
[2025-10-03 01:20:04,352][anemoi.utils.checkpoints][INFO] - Saving supporting array `latitudes` to inference-last/anemoi-metadata/latitudes.numpy (shape=(10944,), dtype=float64)
[2025-10-03 01:20:04,352][anemoi.utils.checkpoints][INFO] - Saving supporting array `longitudes` to inference-last/anemoi-metadata/longitudes.numpy (shape=(10944,), dtype=float64)
[2025-10-03 01:20:05,081][anemoi.utils.checkpoints][INFO] - Adding extra information to checkpoint /lus/h2resw01/scratch/momc/checkpoint/dbde19f6c791421ea8682147316edeb1/last.ckpt
[2025-10-03 01:20:05,081][anemoi.utils.checkpoints][INFO] - Saving metadata to archive/anemoi-metadata/ai-models.json
[2025-10-03 01:20:05,083][anemoi.utils.checkpoints][INFO] - Saving supporting array `latitudes` to archive/anemoi-metadata/latitudes.numpy (shape=(10944,), dtype=float64)
[2025-10-03 01:20:05,083][anemoi.utils.checkpoints][INFO] - Saving supporting array `longitudes` to archive/anemoi-metadata/longitudes.numpy (shape=(10944,), dtype=float64)
[2025-10-03 01:20:05,199][anemoi.utils.checkpoints][INFO] - Adding extra information to checkpoint /lus/h2resw01/scratch/momc/checkpoint/dbde19f6c791421ea8682147316edeb1/inference-anemoi-by_epoch-epoch_022-step_088320.ckpt
[2025-10-03 01:20:05,199][anemoi.utils.checkpoints][INFO] - Saving metadata to inference-anemoi-by_epoch-epoch_022-step_088320/anemoi-metadata/ai-models.json
[2025-10-03 01:20:05,201][anemoi.utils.checkpoints][INFO] - Saving supporting array `latitudes` to inference-anemoi-by_epoch-epoch_022-step_088320/anemoi-metadata/latitudes.numpy (shape=(10944,), dtype=float64)
[2025-10-03 01:20:05,201][anemoi.utils.checkpoints][INFO] - Saving supporting array `longitudes` to inference-anemoi-by_epoch-epoch_022-step_088320/anemoi-metadata/longitudes.numpy (shape=(10944,), dtype=float64)
[2025-10-03 01:20:05,888][anemoi.utils.checkpoints][INFO] - Adding extra information to checkpoint /lus/h2resw01/scratch/momc/checkpoint/dbde19f6c791421ea8682147316edeb1/anemoi-by_epoch-epoch_022-step_088320.ckpt
[2025-10-03 01:20:05,888][anemoi.utils.checkpoints][INFO] - Saving metadata to archive/anemoi-metadata/ai-models.json
[2025-10-03 01:20:05,889][anemoi.utils.checkpoints][INFO] - Saving supporting array `latitudes` to archive/anemoi-metadata/latitudes.numpy (shape=(10944,), dtype=float64)
[2025-10-03 01:20:05,890][anemoi.utils.checkpoints][INFO] - Saving supporting array `longitudes` to archive/anemoi-metadata/longitudes.numpy (shape=(10944,), dtype=float64)
[2025-10-03 01:20:06,014][anemoi.utils.checkpoints][INFO] - Adding extra information to checkpoint /lus/h2resw01/scratch/momc/checkpoint/dbde19f6c791421ea8682147316edeb1/inference-last.ckpt
[2025-10-03 01:20:06,014][anemoi.utils.checkpoints][INFO] - Saving metadata to inference-last/anemoi-metadata/ai-models.json
[2025-10-03 01:20:06,016][anemoi.utils.checkpoints][INFO] - Saving supporting array `latitudes` to inference-last/anemoi-metadata/latitudes.numpy (shape=(10944,), dtype=float64)
[2025-10-03 01:20:06,016][anemoi.utils.checkpoints][INFO] - Saving supporting array `longitudes` to inference-last/anemoi-metadata/longitudes.numpy (shape=(10944,), dtype=float64)
[2025-10-03 01:20:06,733][anemoi.utils.checkpoints][INFO] - Adding extra information to checkpoint /lus/h2resw01/scratch/momc/checkpoint/dbde19f6c791421ea8682147316edeb1/last.ckpt
[2025-10-03 01:20:06,733][anemoi.utils.checkpoints][INFO] - Saving metadata to archive/anemoi-metadata/ai-models.json
[2025-10-03 01:20:06,735][anemoi.utils.checkpoints][INFO] - Saving supporting array `latitudes` to archive/anemoi-metadata/latitudes.numpy (shape=(10944,), dtype=float64)
[2025-10-03 01:20:06,735][anemoi.utils.checkpoints][INFO] - Saving supporting array `longitudes` to archive/anemoi-metadata/longitudes.numpy (shape=(10944,), dtype=float64)
[2025-10-03 01:43:20,016][anemoi.models.data_indices.collection][INFO] - The order of the variables in the model matches the order in the data.
[2025-10-03 01:43:20,018][anemoi.models.data_indices.collection][INFO] - The order of the variables in the model matches the order in the data.
[2025-10-03 01:43:20,018][anemoi.models.data_indices.collection][INFO] - The order of the variables in the model matches the order in the data.
[2025-10-03 01:43:20,018][anemoi.models.data_indices.collection][INFO] - The order of the variables in the model matches the order in the data.
[2025-10-03 01:43:39,714][anemoi.utils.checkpoints][INFO] - Adding extra information to checkpoint /lus/h2resw01/scratch/momc/checkpoint/dbde19f6c791421ea8682147316edeb1/inference-last.ckpt
[2025-10-03 01:43:39,714][anemoi.utils.checkpoints][INFO] - Saving metadata to inference-last/anemoi-metadata/ai-models.json
[2025-10-03 01:43:39,715][anemoi.utils.checkpoints][INFO] - Saving supporting array `latitudes` to inference-last/anemoi-metadata/latitudes.numpy (shape=(10944,), dtype=float64)
[2025-10-03 01:43:39,715][anemoi.utils.checkpoints][INFO] - Saving supporting array `longitudes` to inference-last/anemoi-metadata/longitudes.numpy (shape=(10944,), dtype=float64)
[2025-10-03 01:43:40,476][anemoi.utils.checkpoints][INFO] - Adding extra information to checkpoint /lus/h2resw01/scratch/momc/checkpoint/dbde19f6c791421ea8682147316edeb1/last.ckpt
[2025-10-03 01:43:40,476][anemoi.utils.checkpoints][INFO] - Saving metadata to archive/anemoi-metadata/ai-models.json
[2025-10-03 01:43:40,477][anemoi.utils.checkpoints][INFO] - Saving supporting array `latitudes` to archive/anemoi-metadata/latitudes.numpy (shape=(10944,), dtype=float64)
[2025-10-03 01:43:40,477][anemoi.utils.checkpoints][INFO] - Saving supporting array `longitudes` to archive/anemoi-metadata/longitudes.numpy (shape=(10944,), dtype=float64)
[2025-10-03 01:43:40,591][anemoi.utils.checkpoints][INFO] - Adding extra information to checkpoint /lus/h2resw01/scratch/momc/checkpoint/dbde19f6c791421ea8682147316edeb1/inference-anemoi-by_epoch-epoch_023-step_092160.ckpt
[2025-10-03 01:43:40,591][anemoi.utils.checkpoints][INFO] - Saving metadata to inference-anemoi-by_epoch-epoch_023-step_092160/anemoi-metadata/ai-models.json
[2025-10-03 01:43:40,593][anemoi.utils.checkpoints][INFO] - Saving supporting array `latitudes` to inference-anemoi-by_epoch-epoch_023-step_092160/anemoi-metadata/latitudes.numpy (shape=(10944,), dtype=float64)
[2025-10-03 01:43:40,593][anemoi.utils.checkpoints][INFO] - Saving supporting array `longitudes` to inference-anemoi-by_epoch-epoch_023-step_092160/anemoi-metadata/longitudes.numpy (shape=(10944,), dtype=float64)
[2025-10-03 01:43:41,341][anemoi.utils.checkpoints][INFO] - Adding extra information to checkpoint /lus/h2resw01/scratch/momc/checkpoint/dbde19f6c791421ea8682147316edeb1/anemoi-by_epoch-epoch_023-step_092160.ckpt
[2025-10-03 01:43:41,341][anemoi.utils.checkpoints][INFO] - Saving metadata to archive/anemoi-metadata/ai-models.json
[2025-10-03 01:43:41,342][anemoi.utils.checkpoints][INFO] - Saving supporting array `latitudes` to archive/anemoi-metadata/latitudes.numpy (shape=(10944,), dtype=float64)
[2025-10-03 01:43:41,343][anemoi.utils.checkpoints][INFO] - Saving supporting array `longitudes` to archive/anemoi-metadata/longitudes.numpy (shape=(10944,), dtype=float64)
[2025-10-03 01:43:41,470][anemoi.utils.checkpoints][INFO] - Adding extra information to checkpoint /lus/h2resw01/scratch/momc/checkpoint/dbde19f6c791421ea8682147316edeb1/inference-last.ckpt
[2025-10-03 01:43:41,470][anemoi.utils.checkpoints][INFO] - Saving metadata to inference-last/anemoi-metadata/ai-models.json
[2025-10-03 01:43:41,471][anemoi.utils.checkpoints][INFO] - Saving supporting array `latitudes` to inference-last/anemoi-metadata/latitudes.numpy (shape=(10944,), dtype=float64)
[2025-10-03 01:43:41,472][anemoi.utils.checkpoints][INFO] - Saving supporting array `longitudes` to inference-last/anemoi-metadata/longitudes.numpy (shape=(10944,), dtype=float64)
[2025-10-03 01:43:42,254][anemoi.utils.checkpoints][INFO] - Adding extra information to checkpoint /lus/h2resw01/scratch/momc/checkpoint/dbde19f6c791421ea8682147316edeb1/last.ckpt
[2025-10-03 01:43:42,254][anemoi.utils.checkpoints][INFO] - Saving metadata to archive/anemoi-metadata/ai-models.json
[2025-10-03 01:43:42,256][anemoi.utils.checkpoints][INFO] - Saving supporting array `latitudes` to archive/anemoi-metadata/latitudes.numpy (shape=(10944,), dtype=float64)
[2025-10-03 01:43:42,256][anemoi.utils.checkpoints][INFO] - Saving supporting array `longitudes` to archive/anemoi-metadata/longitudes.numpy (shape=(10944,), dtype=float64)
[2025-10-03 02:06:31,329][anemoi.models.data_indices.collection][INFO] - The order of the variables in the model matches the order in the data.
[2025-10-03 02:06:31,329][anemoi.models.data_indices.collection][INFO] - The order of the variables in the model matches the order in the data.
[2025-10-03 02:06:31,329][anemoi.models.data_indices.collection][INFO] - The order of the variables in the model matches the order in the data.
[2025-10-03 02:06:31,337][anemoi.models.data_indices.collection][INFO] - The order of the variables in the model matches the order in the data.
[2025-10-03 02:06:50,901][anemoi.utils.checkpoints][INFO] - Adding extra information to checkpoint /lus/h2resw01/scratch/momc/checkpoint/dbde19f6c791421ea8682147316edeb1/inference-last.ckpt
[2025-10-03 02:06:50,901][anemoi.utils.checkpoints][INFO] - Saving metadata to inference-last/anemoi-metadata/ai-models.json
[2025-10-03 02:06:50,903][anemoi.utils.checkpoints][INFO] - Saving supporting array `latitudes` to inference-last/anemoi-metadata/latitudes.numpy (shape=(10944,), dtype=float64)
[2025-10-03 02:06:50,903][anemoi.utils.checkpoints][INFO] - Saving supporting array `longitudes` to inference-last/anemoi-metadata/longitudes.numpy (shape=(10944,), dtype=float64)
[2025-10-03 02:06:51,623][anemoi.utils.checkpoints][INFO] - Adding extra information to checkpoint /lus/h2resw01/scratch/momc/checkpoint/dbde19f6c791421ea8682147316edeb1/last.ckpt
[2025-10-03 02:06:51,623][anemoi.utils.checkpoints][INFO] - Saving metadata to archive/anemoi-metadata/ai-models.json
[2025-10-03 02:06:51,624][anemoi.utils.checkpoints][INFO] - Saving supporting array `latitudes` to archive/anemoi-metadata/latitudes.numpy (shape=(10944,), dtype=float64)
[2025-10-03 02:06:51,625][anemoi.utils.checkpoints][INFO] - Saving supporting array `longitudes` to archive/anemoi-metadata/longitudes.numpy (shape=(10944,), dtype=float64)
[2025-10-03 02:06:51,737][anemoi.utils.checkpoints][INFO] - Adding extra information to checkpoint /lus/h2resw01/scratch/momc/checkpoint/dbde19f6c791421ea8682147316edeb1/inference-anemoi-by_epoch-epoch_024-step_096000.ckpt
[2025-10-03 02:06:51,737][anemoi.utils.checkpoints][INFO] - Saving metadata to inference-anemoi-by_epoch-epoch_024-step_096000/anemoi-metadata/ai-models.json
[2025-10-03 02:06:51,739][anemoi.utils.checkpoints][INFO] - Saving supporting array `latitudes` to inference-anemoi-by_epoch-epoch_024-step_096000/anemoi-metadata/latitudes.numpy (shape=(10944,), dtype=float64)
[2025-10-03 02:06:51,739][anemoi.utils.checkpoints][INFO] - Saving supporting array `longitudes` to inference-anemoi-by_epoch-epoch_024-step_096000/anemoi-metadata/longitudes.numpy (shape=(10944,), dtype=float64)
[2025-10-03 02:06:52,419][anemoi.utils.checkpoints][INFO] - Adding extra information to checkpoint /lus/h2resw01/scratch/momc/checkpoint/dbde19f6c791421ea8682147316edeb1/anemoi-by_epoch-epoch_024-step_096000.ckpt
[2025-10-03 02:06:52,419][anemoi.utils.checkpoints][INFO] - Saving metadata to archive/anemoi-metadata/ai-models.json
[2025-10-03 02:06:52,421][anemoi.utils.checkpoints][INFO] - Saving supporting array `latitudes` to archive/anemoi-metadata/latitudes.numpy (shape=(10944,), dtype=float64)
[2025-10-03 02:06:52,421][anemoi.utils.checkpoints][INFO] - Saving supporting array `longitudes` to archive/anemoi-metadata/longitudes.numpy (shape=(10944,), dtype=float64)
[2025-10-03 02:06:52,548][anemoi.utils.checkpoints][INFO] - Adding extra information to checkpoint /lus/h2resw01/scratch/momc/checkpoint/dbde19f6c791421ea8682147316edeb1/inference-last.ckpt
[2025-10-03 02:06:52,549][anemoi.utils.checkpoints][INFO] - Saving metadata to inference-last/anemoi-metadata/ai-models.json
[2025-10-03 02:06:52,550][anemoi.utils.checkpoints][INFO] - Saving supporting array `latitudes` to inference-last/anemoi-metadata/latitudes.numpy (shape=(10944,), dtype=float64)
[2025-10-03 02:06:52,550][anemoi.utils.checkpoints][INFO] - Saving supporting array `longitudes` to inference-last/anemoi-metadata/longitudes.numpy (shape=(10944,), dtype=float64)
[2025-10-03 02:06:53,274][anemoi.utils.checkpoints][INFO] - Adding extra information to checkpoint /lus/h2resw01/scratch/momc/checkpoint/dbde19f6c791421ea8682147316edeb1/last.ckpt
[2025-10-03 02:06:53,274][anemoi.utils.checkpoints][INFO] - Saving metadata to archive/anemoi-metadata/ai-models.json
[2025-10-03 02:06:53,275][anemoi.utils.checkpoints][INFO] - Saving supporting array `latitudes` to archive/anemoi-metadata/latitudes.numpy (shape=(10944,), dtype=float64)
[2025-10-03 02:06:53,275][anemoi.utils.checkpoints][INFO] - Saving supporting array `longitudes` to archive/anemoi-metadata/longitudes.numpy (shape=(10944,), dtype=float64)
[2025-10-03 02:29:40,030][anemoi.models.data_indices.collection][INFO] - The order of the variables in the model matches the order in the data.
[2025-10-03 02:29:40,031][anemoi.models.data_indices.collection][INFO] - The order of the variables in the model matches the order in the data.
[2025-10-03 02:29:40,031][anemoi.models.data_indices.collection][INFO] - The order of the variables in the model matches the order in the data.
[2025-10-03 02:29:40,031][anemoi.models.data_indices.collection][INFO] - The order of the variables in the model matches the order in the data.
[2025-10-03 02:30:00,110][anemoi.utils.checkpoints][INFO] - Adding extra information to checkpoint /lus/h2resw01/scratch/momc/checkpoint/dbde19f6c791421ea8682147316edeb1/inference-last.ckpt
[2025-10-03 02:30:00,110][anemoi.utils.checkpoints][INFO] - Saving metadata to inference-last/anemoi-metadata/ai-models.json
[2025-10-03 02:30:00,111][anemoi.utils.checkpoints][INFO] - Saving supporting array `latitudes` to inference-last/anemoi-metadata/latitudes.numpy (shape=(10944,), dtype=float64)
[2025-10-03 02:30:00,111][anemoi.utils.checkpoints][INFO] - Saving supporting array `longitudes` to inference-last/anemoi-metadata/longitudes.numpy (shape=(10944,), dtype=float64)
[2025-10-03 02:30:00,836][anemoi.utils.checkpoints][INFO] - Adding extra information to checkpoint /lus/h2resw01/scratch/momc/checkpoint/dbde19f6c791421ea8682147316edeb1/last.ckpt
[2025-10-03 02:30:00,836][anemoi.utils.checkpoints][INFO] - Saving metadata to archive/anemoi-metadata/ai-models.json
[2025-10-03 02:30:00,837][anemoi.utils.checkpoints][INFO] - Saving supporting array `latitudes` to archive/anemoi-metadata/latitudes.numpy (shape=(10944,), dtype=float64)
[2025-10-03 02:30:00,837][anemoi.utils.checkpoints][INFO] - Saving supporting array `longitudes` to archive/anemoi-metadata/longitudes.numpy (shape=(10944,), dtype=float64)
[2025-10-03 02:30:00,952][anemoi.utils.checkpoints][INFO] - Adding extra information to checkpoint /lus/h2resw01/scratch/momc/checkpoint/dbde19f6c791421ea8682147316edeb1/inference-anemoi-by_epoch-epoch_025-step_099840.ckpt
[2025-10-03 02:30:00,952][anemoi.utils.checkpoints][INFO] - Saving metadata to inference-anemoi-by_epoch-epoch_025-step_099840/anemoi-metadata/ai-models.json
[2025-10-03 02:30:00,953][anemoi.utils.checkpoints][INFO] - Saving supporting array `latitudes` to inference-anemoi-by_epoch-epoch_025-step_099840/anemoi-metadata/latitudes.numpy (shape=(10944,), dtype=float64)
[2025-10-03 02:30:00,953][anemoi.utils.checkpoints][INFO] - Saving supporting array `longitudes` to inference-anemoi-by_epoch-epoch_025-step_099840/anemoi-metadata/longitudes.numpy (shape=(10944,), dtype=float64)
[2025-10-03 02:30:01,647][anemoi.utils.checkpoints][INFO] - Adding extra information to checkpoint /lus/h2resw01/scratch/momc/checkpoint/dbde19f6c791421ea8682147316edeb1/anemoi-by_epoch-epoch_025-step_099840.ckpt
[2025-10-03 02:30:01,647][anemoi.utils.checkpoints][INFO] - Saving metadata to archive/anemoi-metadata/ai-models.json
[2025-10-03 02:30:01,649][anemoi.utils.checkpoints][INFO] - Saving supporting array `latitudes` to archive/anemoi-metadata/latitudes.numpy (shape=(10944,), dtype=float64)
[2025-10-03 02:30:01,649][anemoi.utils.checkpoints][INFO] - Saving supporting array `longitudes` to archive/anemoi-metadata/longitudes.numpy (shape=(10944,), dtype=float64)
[2025-10-03 02:30:01,778][anemoi.utils.checkpoints][INFO] - Adding extra information to checkpoint /lus/h2resw01/scratch/momc/checkpoint/dbde19f6c791421ea8682147316edeb1/inference-last.ckpt
[2025-10-03 02:30:01,778][anemoi.utils.checkpoints][INFO] - Saving metadata to inference-last/anemoi-metadata/ai-models.json
[2025-10-03 02:30:01,779][anemoi.utils.checkpoints][INFO] - Saving supporting array `latitudes` to inference-last/anemoi-metadata/latitudes.numpy (shape=(10944,), dtype=float64)
[2025-10-03 02:30:01,780][anemoi.utils.checkpoints][INFO] - Saving supporting array `longitudes` to inference-last/anemoi-metadata/longitudes.numpy (shape=(10944,), dtype=float64)
[2025-10-03 02:30:02,509][anemoi.utils.checkpoints][INFO] - Adding extra information to checkpoint /lus/h2resw01/scratch/momc/checkpoint/dbde19f6c791421ea8682147316edeb1/last.ckpt
[2025-10-03 02:30:02,509][anemoi.utils.checkpoints][INFO] - Saving metadata to archive/anemoi-metadata/ai-models.json
[2025-10-03 02:30:02,510][anemoi.utils.checkpoints][INFO] - Saving supporting array `latitudes` to archive/anemoi-metadata/latitudes.numpy (shape=(10944,), dtype=float64)
[2025-10-03 02:30:02,510][anemoi.utils.checkpoints][INFO] - Saving supporting array `longitudes` to archive/anemoi-metadata/longitudes.numpy (shape=(10944,), dtype=float64)
[2025-10-03 02:31:00,672][pytorch_lightning.utilities.rank_zero][INFO] - `Trainer.fit` stopped: `max_steps=100000` reached.
[2025-10-03 02:31:00,782][anemoi.utils.checkpoints][INFO] - Adding extra information to checkpoint /lus/h2resw01/scratch/momc/checkpoint/dbde19f6c791421ea8682147316edeb1/inference-anemoi-by_time-epoch_026-step_100000.ckpt
[2025-10-03 02:31:00,782][anemoi.utils.checkpoints][INFO] - Saving metadata to inference-anemoi-by_time-epoch_026-step_100000/anemoi-metadata/ai-models.json
[2025-10-03 02:31:00,784][anemoi.utils.checkpoints][INFO] - Saving supporting array `latitudes` to inference-anemoi-by_time-epoch_026-step_100000/anemoi-metadata/latitudes.numpy (shape=(10944,), dtype=float64)
[2025-10-03 02:31:00,784][anemoi.utils.checkpoints][INFO] - Saving supporting array `longitudes` to inference-anemoi-by_time-epoch_026-step_100000/anemoi-metadata/longitudes.numpy (shape=(10944,), dtype=float64)
[2025-10-03 02:31:01,504][anemoi.utils.checkpoints][INFO] - Adding extra information to checkpoint /lus/h2resw01/scratch/momc/checkpoint/dbde19f6c791421ea8682147316edeb1/anemoi-by_time-epoch_026-step_100000.ckpt
[2025-10-03 02:31:01,504][anemoi.utils.checkpoints][INFO] - Saving metadata to archive/anemoi-metadata/ai-models.json
[2025-10-03 02:31:01,506][anemoi.utils.checkpoints][INFO] - Saving supporting array `latitudes` to archive/anemoi-metadata/latitudes.numpy (shape=(10944,), dtype=float64)
[2025-10-03 02:31:01,506][anemoi.utils.checkpoints][INFO] - Saving supporting array `longitudes` to archive/anemoi-metadata/longitudes.numpy (shape=(10944,), dtype=float64)
[2025-10-03 02:31:01,632][anemoi.utils.checkpoints][INFO] - Adding extra information to checkpoint /lus/h2resw01/scratch/momc/checkpoint/dbde19f6c791421ea8682147316edeb1/inference-last.ckpt
[2025-10-03 02:31:01,632][anemoi.utils.checkpoints][INFO] - Saving metadata to inference-last/anemoi-metadata/ai-models.json
[2025-10-03 02:31:01,633][anemoi.utils.checkpoints][INFO] - Saving supporting array `latitudes` to inference-last/anemoi-metadata/latitudes.numpy (shape=(10944,), dtype=float64)
[2025-10-03 02:31:01,634][anemoi.utils.checkpoints][INFO] - Saving supporting array `longitudes` to inference-last/anemoi-metadata/longitudes.numpy (shape=(10944,), dtype=float64)
[2025-10-03 02:31:02,373][anemoi.utils.checkpoints][INFO] - Adding extra information to checkpoint /lus/h2resw01/scratch/momc/checkpoint/dbde19f6c791421ea8682147316edeb1/last.ckpt
[2025-10-03 02:31:02,373][anemoi.utils.checkpoints][INFO] - Saving metadata to archive/anemoi-metadata/ai-models.json
[2025-10-03 02:31:02,375][anemoi.utils.checkpoints][INFO] - Saving supporting array `latitudes` to archive/anemoi-metadata/latitudes.numpy (shape=(10944,), dtype=float64)
[2025-10-03 02:31:02,375][anemoi.utils.checkpoints][INFO] - Saving supporting array `longitudes` to archive/anemoi-metadata/longitudes.numpy (shape=(10944,), dtype=float64)
[2025-10-03 02:31:02,488][anemoi.utils.checkpoints][INFO] - Adding extra information to checkpoint /lus/h2resw01/scratch/momc/checkpoint/dbde19f6c791421ea8682147316edeb1/inference-anemoi-by_epoch-epoch_026-step_100000.ckpt
[2025-10-03 02:31:02,488][anemoi.utils.checkpoints][INFO] - Saving metadata to inference-anemoi-by_epoch-epoch_026-step_100000/anemoi-metadata/ai-models.json
[2025-10-03 02:31:02,490][anemoi.utils.checkpoints][INFO] - Saving supporting array `latitudes` to inference-anemoi-by_epoch-epoch_026-step_100000/anemoi-metadata/latitudes.numpy (shape=(10944,), dtype=float64)
[2025-10-03 02:31:02,490][anemoi.utils.checkpoints][INFO] - Saving supporting array `longitudes` to inference-anemoi-by_epoch-epoch_026-step_100000/anemoi-metadata/longitudes.numpy (shape=(10944,), dtype=float64)
[2025-10-03 02:31:03,176][anemoi.utils.checkpoints][INFO] - Adding extra information to checkpoint /lus/h2resw01/scratch/momc/checkpoint/dbde19f6c791421ea8682147316edeb1/anemoi-by_epoch-epoch_026-step_100000.ckpt
[2025-10-03 02:31:03,177][anemoi.utils.checkpoints][INFO] - Saving metadata to archive/anemoi-metadata/ai-models.json
[2025-10-03 02:31:03,178][anemoi.utils.checkpoints][INFO] - Saving supporting array `latitudes` to archive/anemoi-metadata/latitudes.numpy (shape=(10944,), dtype=float64)
[2025-10-03 02:31:03,178][anemoi.utils.checkpoints][INFO] - Saving supporting array `longitudes` to archive/anemoi-metadata/longitudes.numpy (shape=(10944,), dtype=float64)
[2025-10-03 02:31:03,306][anemoi.utils.checkpoints][INFO] - Adding extra information to checkpoint /lus/h2resw01/scratch/momc/checkpoint/dbde19f6c791421ea8682147316edeb1/inference-last.ckpt
[2025-10-03 02:31:03,306][anemoi.utils.checkpoints][INFO] - Saving metadata to inference-last/anemoi-metadata/ai-models.json
[2025-10-03 02:31:03,307][anemoi.utils.checkpoints][INFO] - Saving supporting array `latitudes` to inference-last/anemoi-metadata/latitudes.numpy (shape=(10944,), dtype=float64)
[2025-10-03 02:31:03,307][anemoi.utils.checkpoints][INFO] - Saving supporting array `longitudes` to inference-last/anemoi-metadata/longitudes.numpy (shape=(10944,), dtype=float64)
[2025-10-03 02:31:04,042][anemoi.utils.checkpoints][INFO] - Adding extra information to checkpoint /lus/h2resw01/scratch/momc/checkpoint/dbde19f6c791421ea8682147316edeb1/last.ckpt
[2025-10-03 02:31:04,042][anemoi.utils.checkpoints][INFO] - Saving metadata to archive/anemoi-metadata/ai-models.json
[2025-10-03 02:31:04,043][anemoi.utils.checkpoints][INFO] - Saving supporting array `latitudes` to archive/anemoi-metadata/latitudes.numpy (shape=(10944,), dtype=float64)
[2025-10-03 02:31:04,044][anemoi.utils.checkpoints][INFO] - Saving supporting array `longitudes` to archive/anemoi-metadata/longitudes.numpy (shape=(10944,), dtype=float64)
[2025-10-03 02:31:04,390][anemoi.training.diagnostics.callbacks.plot][INFO] - Teardown of the Plot Callback ...
[2025-10-03 02:31:04,390][anemoi.training.diagnostics.callbacks.plot][INFO] - waiting and shutting down the executor ...
[2025-10-03 02:31:04,391][anemoi.training.diagnostics.callbacks.plot][INFO] - Teardown of the Plot Callback ...
[2025-10-03 02:31:04,391][anemoi.training.diagnostics.callbacks.plot][INFO] - waiting and shutting down the executor ...
[2025-10-03 02:31:04,391][anemoi.training.diagnostics.mlflow.logger][INFO] - Stopping terminal log monitoring and saving buffered terminal outputs. Final status: SUCCESS
[2025-10-03 02:31:04,396][anemoi.training.diagnostics.callbacks.plot][INFO] - Teardown of the Plot Callback ...
[2025-10-03 02:31:04,396][anemoi.training.diagnostics.callbacks.plot][INFO] - waiting and shutting down the executor ...
[2025-10-03 02:31:04,396][anemoi.training.diagnostics.callbacks.plot][INFO] - Teardown of the Plot Callback ...
[2025-10-03 02:31:04,396][anemoi.training.diagnostics.callbacks.plot][INFO] - waiting and shutting down the executor ...
[2025-10-03 02:31:04,405][anemoi.training.diagnostics.callbacks.plot][INFO] - Teardown of the Plot Callback ...
[2025-10-03 02:31:04,405][anemoi.training.diagnostics.callbacks.plot][INFO] - waiting and shutting down the executor ...
[2025-10-03 02:31:04,405][anemoi.training.diagnostics.callbacks.plot][INFO] - Teardown of the Plot Callback ...
[2025-10-03 02:31:04,405][anemoi.training.diagnostics.callbacks.plot][INFO] - waiting and shutting down the executor ...
[2025-10-03 02:31:04,411][anemoi.training.diagnostics.callbacks.plot][INFO] - Teardown of the Plot Callback ...
[2025-10-03 02:31:04,411][anemoi.training.diagnostics.callbacks.plot][INFO] - waiting and shutting down the executor ...
[2025-10-03 02:31:04,411][anemoi.training.diagnostics.callbacks.plot][INFO] - Teardown of the Plot Callback ...
[2025-10-03 02:31:04,411][anemoi.training.diagnostics.callbacks.plot][INFO] - waiting and shutting down the executor ...
