[2025-10-02 11:22:28,118][anemoi.training.train.train][INFO] - Skipping config validation.
[2025-10-02 11:22:28,119][anemoi.training.train.train][INFO] - Starting from checkpoint: False
[2025-10-02 11:22:28,119][anemoi.training.train.train][INFO] - Skipping config validation.
[2025-10-02 11:22:28,119][anemoi.training.train.train][INFO] - Starting from checkpoint: False
[2025-10-02 11:22:28,119][anemoi.training.train.train][INFO] - Run id: None
[2025-10-02 11:22:28,120][anemoi.training.train.train][INFO] - Skipping config validation.
[2025-10-02 11:22:28,120][anemoi.training.train.train][INFO] - Starting from checkpoint: False
[2025-10-02 11:22:28,120][anemoi.training.train.train][INFO] - Run id: None
[2025-10-02 11:22:28,122][anemoi.training.train.train][INFO] - Skipping config validation.
[2025-10-02 11:22:28,122][anemoi.training.train.train][INFO] - Starting from checkpoint: False
[2025-10-02 11:22:28,123][anemoi.training.train.train][INFO] - Run id: None
[2025-10-02 11:22:30,121][anemoi.training.diagnostics.logger][INFO] - Maximum number of params allowed to be logged is: 2000
[2025-10-02 11:22:30,121][anemoi.training.diagnostics.logger][INFO] - Maximum number of params allowed to be logged is: 2000
[2025-10-02 11:22:30,121][anemoi.training.diagnostics.logger][INFO] - Maximum number of params allowed to be logged is: 2000
[2025-10-02 11:22:30,121][anemoi.training.diagnostics.logger][INFO] - Maximum number of params allowed to be logged is: 2000
[2025-10-02 11:22:30,128][anemoi.training.diagnostics.mlflow.logger][INFO] - MLflow is logging offline.
[2025-10-02 11:22:30,168][anemoi.training.train.train][INFO] - Parent run server2server: None
[2025-10-02 11:22:30,168][anemoi.training.train.train][INFO] - Fork run server2server: None
[2025-10-02 11:22:30,168][anemoi.training.train.train][INFO] - Parent run server2server: None
[2025-10-02 11:22:30,169][anemoi.training.train.train][INFO] - Fork run server2server: None
[2025-10-02 11:22:30,169][anemoi.training.train.train][INFO] - Checkpoints path: /scratch/momc/checkpoint
[2025-10-02 11:22:30,169][anemoi.training.train.train][INFO] - Plots path: /scratch/momc/plots
[2025-10-02 11:22:30,169][anemoi.training.train.train][INFO] - Checkpoints path: /scratch/momc/checkpoint
[2025-10-02 11:22:30,169][anemoi.training.train.train][INFO] - Plots path: /scratch/momc/plots
[2025-10-02 11:22:30,169][anemoi.training.train.train][INFO] - Parent run server2server: None
[2025-10-02 11:22:30,169][anemoi.training.train.train][INFO] - Fork run server2server: None
[2025-10-02 11:22:30,169][anemoi.training.train.train][INFO] - Checkpoints path: /scratch/momc/checkpoint
[2025-10-02 11:22:30,170][anemoi.training.train.train][INFO] - Plots path: /scratch/momc/plots
[2025-10-02 11:22:30,414][anemoi.training.diagnostics.mlflow.logger][INFO] - Logging 1 parameters
[2025-10-02 11:22:30,427][anemoi.training.diagnostics.mlflow.logger][INFO] - Terminal Log Path: /scratch/momc/plots/9839970354dc47b6be9cfb99c42740d2/plots/terminal_log.txt
[2025-10-02 11:22:30,427][anemoi.training.diagnostics.mlflow.logger][INFO] - SLURM job id: 35216358
[2025-10-02 11:22:30,428][anemoi.training.train.train][INFO] - Mlflow Run id: 9839970354dc47b6be9cfb99c42740d2
[2025-10-02 11:22:30,428][anemoi.training.train.train][INFO] - Run id: 9839970354dc47b6be9cfb99c42740d2
[2025-10-02 11:22:30,428][anemoi.training.train.train][INFO] - Parent run server2server: None
[2025-10-02 11:22:30,428][anemoi.training.train.train][INFO] - Fork run server2server: None
[2025-10-02 11:22:30,428][anemoi.training.train.train][INFO] - Checkpoints path: /scratch/momc/checkpoint/9839970354dc47b6be9cfb99c42740d2
[2025-10-02 11:22:30,428][anemoi.training.train.train][INFO] - Plots path: /scratch/momc/plots/9839970354dc47b6be9cfb99c42740d2
[2025-10-02 11:22:30,428][anemoi.training.train.train][INFO] - Dry run: False
[2025-10-02 11:22:31,298][anemoi.graphs.nodes.builders.from_file][INFO] - Reading the dataset from /home/mlx/ai-ml/datasets//aifs-ea-an-oper-0001-mars-o48-1979-2022-6h-v6.zarr.
[2025-10-02 11:22:31,298][anemoi.graphs.nodes.builders.from_file][INFO] - Reading the dataset from /home/mlx/ai-ml/datasets//aifs-ea-an-oper-0001-mars-o48-1979-2022-6h-v6.zarr.
[2025-10-02 11:22:31,298][anemoi.graphs.nodes.builders.from_file][INFO] - Reading the dataset from /home/mlx/ai-ml/datasets//aifs-ea-an-oper-0001-mars-o48-1979-2022-6h-v6.zarr.
[2025-10-02 11:22:31,298][anemoi.graphs.nodes.builders.from_file][INFO] - Reading the dataset from /home/mlx/ai-ml/datasets//aifs-ea-an-oper-0001-mars-o48-1979-2022-6h-v6.zarr.
[2025-10-02 11:22:32,239][anemoi.graphs.edges.builders.cutoff][INFO] - Using CutOff-Edges (with radius = 208.3 km) between data and hidden.
[2025-10-02 11:22:32,239][anemoi.graphs.edges.builders.cutoff][INFO] - Using CutOff-Edges (with radius = 208.3 km) between data and hidden.
[2025-10-02 11:22:32,239][anemoi.graphs.edges.builders.cutoff][INFO] - Using CutOff-Edges (with radius = 208.3 km) between data and hidden.
[2025-10-02 11:22:32,239][anemoi.graphs.edges.builders.cutoff][INFO] - Using CutOff-Edges (with radius = 208.3 km) between data and hidden.
[2025-10-02 11:22:32,273][anemoi.graphs.edges.builders.base][WARNING] - The 'torch-cluster' library is not installed. Installing 'torch-cluster' can significantly improve performance for graph creation. You can install it using 'pip install torch-cluster'.
[2025-10-02 11:22:32,273][anemoi.graphs.edges.builders.base][WARNING] - The 'torch-cluster' library is not installed. Installing 'torch-cluster' can significantly improve performance for graph creation. You can install it using 'pip install torch-cluster'.
[2025-10-02 11:22:32,273][anemoi.graphs.edges.builders.base][WARNING] - The 'torch-cluster' library is not installed. Installing 'torch-cluster' can significantly improve performance for graph creation. You can install it using 'pip install torch-cluster'.
[2025-10-02 11:22:32,273][anemoi.graphs.edges.builders.base][WARNING] - The 'torch-cluster' library is not installed. Installing 'torch-cluster' can significantly improve performance for graph creation. You can install it using 'pip install torch-cluster'.
[2025-10-02 11:22:32,771][anemoi.graphs.edges.builders.knn][INFO] - Using KNN-Edges (with 3 nearest neighbours) between hidden and data.
[2025-10-02 11:22:32,771][anemoi.graphs.edges.builders.knn][INFO] - Using KNN-Edges (with 3 nearest neighbours) between hidden and data.
[2025-10-02 11:22:32,771][anemoi.graphs.edges.builders.knn][INFO] - Using KNN-Edges (with 3 nearest neighbours) between hidden and data.
[2025-10-02 11:22:32,771][anemoi.graphs.edges.builders.knn][INFO] - Using KNN-Edges (with 3 nearest neighbours) between hidden and data.
[2025-10-02 11:22:32,787][anemoi.graphs.edges.builders.base][WARNING] - The 'torch-cluster' library is not installed. Installing 'torch-cluster' can significantly improve performance for graph creation. You can install it using 'pip install torch-cluster'.
[2025-10-02 11:22:32,787][anemoi.graphs.edges.builders.base][WARNING] - The 'torch-cluster' library is not installed. Installing 'torch-cluster' can significantly improve performance for graph creation. You can install it using 'pip install torch-cluster'.
[2025-10-02 11:22:32,787][anemoi.graphs.edges.builders.base][WARNING] - The 'torch-cluster' library is not installed. Installing 'torch-cluster' can significantly improve performance for graph creation. You can install it using 'pip install torch-cluster'.
[2025-10-02 11:22:32,787][anemoi.graphs.edges.builders.base][WARNING] - The 'torch-cluster' library is not installed. Installing 'torch-cluster' can significantly improve performance for graph creation. You can install it using 'pip install torch-cluster'.
[2025-10-02 11:22:32,817][anemoi.graphs.create][INFO] - Cleaning graph.
[2025-10-02 11:22:32,817][anemoi.graphs.create][INFO] - _grid_reference_distance deleted from graph.
[2025-10-02 11:22:32,817][anemoi.graphs.create][INFO] - _dataset deleted from graph.
[2025-10-02 11:22:32,817][anemoi.graphs.create][INFO] - _grid_reference_distance deleted from graph.
[2025-10-02 11:22:32,817][anemoi.graphs.create][INFO] - Cleaning graph.
[2025-10-02 11:22:32,817][anemoi.graphs.create][INFO] - _grid_reference_distance deleted from graph.
[2025-10-02 11:22:32,817][anemoi.graphs.create][INFO] - Cleaning graph.
[2025-10-02 11:22:32,817][anemoi.graphs.create][INFO] - _dataset deleted from graph.
[2025-10-02 11:22:32,817][anemoi.graphs.create][INFO] - _grid_reference_distance deleted from graph.
[2025-10-02 11:22:32,817][anemoi.graphs.create][INFO] - _grid_reference_distance deleted from graph.
[2025-10-02 11:22:32,817][anemoi.graphs.create][INFO] - Cleaning graph.
[2025-10-02 11:22:32,818][anemoi.graphs.create][INFO] - _dataset deleted from graph.
[2025-10-02 11:22:32,818][anemoi.graphs.create][INFO] - _grid_reference_distance deleted from graph.
[2025-10-02 11:22:32,818][anemoi.graphs.create][INFO] - _grid_reference_distance deleted from graph.
[2025-10-02 11:22:32,818][anemoi.graphs.create][INFO] - _dataset deleted from graph.
[2025-10-02 11:22:32,818][anemoi.graphs.create][INFO] - _grid_reference_distance deleted from graph.
[2025-10-02 11:22:32,830][anemoi.graphs.create][INFO] - Graph saved at /scratch/momc/graphs/graph_o32.pt.
[2025-10-02 11:22:32,830][anemoi.graphs.create][INFO] - Graph saved at /scratch/momc/graphs/graph_o32.pt.
[2025-10-02 11:22:32,830][anemoi.graphs.create][INFO] - Graph saved at /scratch/momc/graphs/graph_o32.pt.
[2025-10-02 11:22:32,830][anemoi.graphs.create][INFO] - Graph saved at /scratch/momc/graphs/graph_o32.pt.
[2025-10-02 11:22:33,362][anemoi.training.data.datamodule.singledatamodule][WARNING] - Falling back rollout to: 1
[2025-10-02 11:22:33,362][anemoi.training.data.datamodule.singledatamodule][WARNING] - Falling back rollout to: 1
[2025-10-02 11:22:33,362][anemoi.training.data.datamodule.singledatamodule][WARNING] - Falling back rollout to: 1
[2025-10-02 11:22:33,362][anemoi.training.data.datamodule.singledatamodule][WARNING] - Falling back rollout to: 1
[2025-10-02 11:22:33,363][anemoi.training.data.datamodule.singledatamodule][INFO] - Timeincrement set to 1 for data with frequency, 21600, and timestep, 21600
[2025-10-02 11:22:33,363][anemoi.training.data.datamodule.singledatamodule][INFO] - Timeincrement set to 1 for data with frequency, 21600, and timestep, 21600
[2025-10-02 11:22:33,363][anemoi.training.data.datamodule.singledatamodule][INFO] - Timeincrement set to 1 for data with frequency, 21600, and timestep, 21600
[2025-10-02 11:22:33,363][anemoi.training.data.datamodule.singledatamodule][INFO] - Timeincrement set to 1 for data with frequency, 21600, and timestep, 21600
[2025-10-02 11:22:33,364][anemoi.training.train.train][INFO] - Number of data variables: 25
[2025-10-02 11:22:33,364][anemoi.training.train.train][INFO] - Number of data variables: 25
[2025-10-02 11:22:33,364][anemoi.training.train.train][INFO] - Variables: ['z_1000', 'z_500', 'z_700', 'z_300', '2t', 't_850', 'tcw', 'z_250', 'lsm', 'z', 'cp', 'tp', 'cos_latitude', 'cos_longitude', 'sin_latitude', 'sin_longitude', 'cos_julian_day', 'cos_local_time', 'sin_julian_day', 'sin_local_time', 'insolation', 'lsm', 'sdor', 'slor', 'z']
[2025-10-02 11:22:33,364][anemoi.training.train.train][INFO] - Variables: ['z_1000', 'z_500', 'z_700', 'z_300', '2t', 't_850', 'tcw', 'z_250', 'lsm', 'z', 'cp', 'tp', 'cos_latitude', 'cos_longitude', 'sin_latitude', 'sin_longitude', 'cos_julian_day', 'cos_local_time', 'sin_julian_day', 'sin_local_time', 'insolation', 'lsm', 'sdor', 'slor', 'z']
[2025-10-02 11:22:33,364][anemoi.training.train.train][INFO] - Number of data variables: 25
[2025-10-02 11:22:33,364][anemoi.training.train.train][INFO] - Number of data variables: 25
[2025-10-02 11:22:33,364][anemoi.training.train.train][INFO] - Total number of prognostic variables: 12
[2025-10-02 11:22:33,364][anemoi.training.train.train][INFO] - Total number of prognostic variables: 12
[2025-10-02 11:22:33,364][anemoi.training.train.train][INFO] - Variables: ['z_1000', 'z_500', 'z_700', 'z_300', '2t', 't_850', 'tcw', 'z_250', 'lsm', 'z', 'cp', 'tp', 'cos_latitude', 'cos_longitude', 'sin_latitude', 'sin_longitude', 'cos_julian_day', 'cos_local_time', 'sin_julian_day', 'sin_local_time', 'insolation', 'lsm', 'sdor', 'slor', 'z']
[2025-10-02 11:22:33,364][anemoi.training.train.train][INFO] - Variables: ['z_1000', 'z_500', 'z_700', 'z_300', '2t', 't_850', 'tcw', 'z_250', 'lsm', 'z', 'cp', 'tp', 'cos_latitude', 'cos_longitude', 'sin_latitude', 'sin_longitude', 'cos_julian_day', 'cos_local_time', 'sin_julian_day', 'sin_local_time', 'insolation', 'lsm', 'sdor', 'slor', 'z']
[2025-10-02 11:22:33,364][anemoi.training.train.train][INFO] - Total number of auxiliary variables: 13
[2025-10-02 11:22:33,364][anemoi.training.train.train][INFO] - Total number of auxiliary variables: 13
[2025-10-02 11:22:33,364][anemoi.training.train.train][INFO] - Total number of prognostic variables: 12
[2025-10-02 11:22:33,364][anemoi.training.train.train][INFO] - Total number of prognostic variables: 12
[2025-10-02 11:22:33,364][anemoi.training.train.train][INFO] - Total number of auxiliary variables: 13
[2025-10-02 11:22:33,364][anemoi.training.train.train][INFO] - Total number of auxiliary variables: 13
[2025-10-02 11:22:33,364][anemoi.training.train.train][INFO] - Total GPU count / model group size: 4 - NB: the learning rate will be scaled by this factor!
[2025-10-02 11:22:33,364][anemoi.training.train.train][INFO] - Total GPU count / model group size: 4 - NB: the learning rate will be scaled by this factor!
[2025-10-02 11:22:33,364][anemoi.training.train.train][INFO] - Effective learning rate: 4.000e-04
[2025-10-02 11:22:33,364][anemoi.training.train.train][INFO] - Effective learning rate: 4.000e-04
[2025-10-02 11:22:33,364][anemoi.training.train.train][INFO] - Total GPU count / model group size: 4 - NB: the learning rate will be scaled by this factor!
[2025-10-02 11:22:33,364][anemoi.training.train.train][INFO] - Total GPU count / model group size: 4 - NB: the learning rate will be scaled by this factor!
[2025-10-02 11:22:33,365][anemoi.training.train.train][INFO] - Effective learning rate: 4.000e-04
[2025-10-02 11:22:33,365][anemoi.training.train.train][INFO] - Effective learning rate: 4.000e-04
[2025-10-02 11:22:35,924][anemoi.training.diagnostics.callbacks.plot][INFO] - Setting up asynchronous plotting ...
[2025-10-02 11:22:35,924][anemoi.training.diagnostics.callbacks.plot][INFO] - Setting up asynchronous plotting ...
[2025-10-02 11:22:35,924][anemoi.training.diagnostics.callbacks.plot][INFO] - Setting up asynchronous plotting ...
[2025-10-02 11:22:35,925][anemoi.training.diagnostics.callbacks.plot][INFO] - Setting up asynchronous plotting ...
[2025-10-02 11:22:35,932][anemoi.training.diagnostics.callbacks.plot][INFO] - Setting up asynchronous plotting ...
[2025-10-02 11:22:35,932][anemoi.training.diagnostics.callbacks.plot][INFO] - Setting up asynchronous plotting ...
[2025-10-02 11:22:35,932][anemoi.training.diagnostics.callbacks.plot][INFO] - Setting up asynchronous plotting ...
[2025-10-02 11:22:35,932][anemoi.training.diagnostics.callbacks.plot][INFO] - Using defined accumulation colormap for fields: ['tp', 'cp']
[2025-10-02 11:22:35,932][anemoi.training.diagnostics.callbacks.plot][INFO] - Using defined accumulation colormap for fields: ['tp', 'cp']
[2025-10-02 11:22:35,932][anemoi.training.diagnostics.callbacks.plot][INFO] - Using defined accumulation colormap for fields: ['tp', 'cp']
[2025-10-02 11:22:35,935][anemoi.training.diagnostics.callbacks.plot][INFO] - Setting up asynchronous plotting ...
[2025-10-02 11:22:35,935][anemoi.training.diagnostics.callbacks.plot][INFO] - Using defined accumulation colormap for fields: ['tp', 'cp']
[2025-10-02 11:22:35,952][anemoi.models.migrations.migrator][INFO] - Loading migration 1755530253_initial
[2025-10-02 11:22:35,953][anemoi.models.migrations.migrator][INFO] - Loading migration 1755530253_initial
[2025-10-02 11:22:35,955][anemoi.models.migrations.migrator][INFO] - Loading migration 1755530253_initial
[2025-10-02 11:22:35,956][anemoi.models.migrations.migrator][INFO] - Loading migration 1755530253_initial
[2025-10-02 11:22:36,002][anemoi.training.train.train][INFO] - MLFlow logger enabled
[2025-10-02 11:22:36,002][anemoi.training.train.train][INFO] - MLFlow logger enabled
[2025-10-02 11:22:36,002][anemoi.training.train.train][INFO] - MLFlow logger enabled
[2025-10-02 11:22:36,003][anemoi.training.train.train][INFO] - MLFlow logger enabled
[2025-10-02 11:22:36,005][pytorch_lightning.utilities.rank_zero][INFO] - Using 16bit Automatic Mixed Precision (AMP)
[2025-10-02 11:22:36,034][pytorch_lightning.utilities.rank_zero][INFO] - GPU available: True (cuda), used: True
[2025-10-02 11:22:36,034][pytorch_lightning.utilities.rank_zero][INFO] - TPU available: False, using: 0 TPU cores
[2025-10-02 11:22:36,034][pytorch_lightning.utilities.rank_zero][INFO] - HPU available: False, using: 0 HPUs
[2025-10-02 11:22:36,072][lightning_fabric.utilities.seed][INFO] - [rank: 2] Seed set to 35216358
[2025-10-02 11:22:36,072][lightning_fabric.utilities.seed][INFO] - [rank: 0] Seed set to 35216358
[2025-10-02 11:22:36,072][lightning_fabric.utilities.seed][INFO] - [rank: 1] Seed set to 35216358
[2025-10-02 11:22:36,072][lightning_fabric.utilities.seed][INFO] - [rank: 3] Seed set to 35216358
[2025-10-02 11:22:36,084][anemoi.training.train.train][INFO] - Initial seed: Rank 2, initial seed 35216358, running with random seed: 35216358
[2025-10-02 11:22:36,084][anemoi.training.train.train][INFO] - Initial seed: Rank 3, initial seed 35216358, running with random seed: 35216358
[2025-10-02 11:22:36,084][anemoi.training.train.train][INFO] - Initial seed: Rank 1, initial seed 35216358, running with random seed: 35216358
[2025-10-02 11:22:36,084][anemoi.training.train.train][INFO] - Initial seed: Rank 0, initial seed 35216358, running with random seed: 35216358
[2025-10-02 11:22:57,884][anemoi.models.preprocessing.normalizer][INFO] - Normalizing: cos_latitude is not normalized.
[2025-10-02 11:22:57,884][anemoi.models.preprocessing.normalizer][INFO] - Normalizing: cos_longitude is not normalized.
[2025-10-02 11:22:57,884][anemoi.models.preprocessing.normalizer][INFO] - Normalizing: cos_latitude is not normalized.
[2025-10-02 11:22:57,884][anemoi.models.preprocessing.normalizer][INFO] - Normalizing: sin_latitude is not normalized.
[2025-10-02 11:22:57,884][anemoi.models.preprocessing.normalizer][INFO] - Normalizing: cos_longitude is not normalized.
[2025-10-02 11:22:57,884][anemoi.models.preprocessing.normalizer][INFO] - Normalizing: sin_longitude is not normalized.
[2025-10-02 11:22:57,884][anemoi.models.preprocessing.normalizer][INFO] - Normalizing: sin_latitude is not normalized.
[2025-10-02 11:22:57,884][anemoi.models.preprocessing.normalizer][INFO] - Normalizing: cos_julian_day is not normalized.
[2025-10-02 11:22:57,884][anemoi.models.preprocessing.normalizer][INFO] - Normalizing: sin_longitude is not normalized.
[2025-10-02 11:22:57,884][anemoi.models.preprocessing.normalizer][INFO] - Normalizing: cos_latitude is not normalized.
[2025-10-02 11:22:57,884][anemoi.models.preprocessing.normalizer][INFO] - Normalizing: cos_local_time is not normalized.
[2025-10-02 11:22:57,884][anemoi.models.preprocessing.normalizer][INFO] - Normalizing: cos_julian_day is not normalized.
[2025-10-02 11:22:57,884][anemoi.models.preprocessing.normalizer][INFO] - Normalizing: cos_longitude is not normalized.
[2025-10-02 11:22:57,884][anemoi.models.preprocessing.normalizer][INFO] - Normalizing: sin_julian_day is not normalized.
[2025-10-02 11:22:57,884][anemoi.models.preprocessing.normalizer][INFO] - Normalizing: cos_local_time is not normalized.
[2025-10-02 11:22:57,884][anemoi.models.preprocessing.normalizer][INFO] - Normalizing: sin_latitude is not normalized.
[2025-10-02 11:22:57,884][anemoi.models.preprocessing.normalizer][INFO] - Normalizing: sin_local_time is not normalized.
[2025-10-02 11:22:57,884][anemoi.models.preprocessing.normalizer][INFO] - Normalizing: sin_julian_day is not normalized.
[2025-10-02 11:22:57,884][anemoi.models.preprocessing.normalizer][INFO] - Normalizing: sin_longitude is not normalized.
[2025-10-02 11:22:57,884][anemoi.models.preprocessing.normalizer][INFO] - Normalizing: insolation is not normalized.
[2025-10-02 11:22:57,884][anemoi.models.preprocessing.normalizer][INFO] - Normalizing: sin_local_time is not normalized.
[2025-10-02 11:22:57,884][anemoi.models.preprocessing.normalizer][INFO] - Normalizing: cos_julian_day is not normalized.
[2025-10-02 11:22:57,884][anemoi.models.preprocessing.normalizer][INFO] - Normalizing: lsm is not normalized.
[2025-10-02 11:22:57,884][anemoi.models.preprocessing.normalizer][INFO] - Normalizing: insolation is not normalized.
[2025-10-02 11:22:57,885][anemoi.models.preprocessing.normalizer][INFO] - Normalizing: cos_local_time is not normalized.
[2025-10-02 11:22:57,885][anemoi.models.preprocessing.normalizer][INFO] - Normalizing: lsm is not normalized.
[2025-10-02 11:22:57,885][anemoi.models.preprocessing.normalizer][INFO] - Normalizing: sin_julian_day is not normalized.
[2025-10-02 11:22:57,885][anemoi.models.preprocessing.normalizer][INFO] - Normalizing: sin_local_time is not normalized.
[2025-10-02 11:22:57,885][anemoi.models.preprocessing.normalizer][INFO] - Normalizing: insolation is not normalized.
[2025-10-02 11:22:57,885][anemoi.models.preprocessing.normalizer][INFO] - Normalizing: lsm is not normalized.
[2025-10-02 11:22:57,891][anemoi.models.preprocessing.normalizer][INFO] - Normalizing: cos_latitude is not normalized.
[2025-10-02 11:22:57,891][anemoi.models.preprocessing.normalizer][INFO] - Normalizing: cos_longitude is not normalized.
[2025-10-02 11:22:57,891][anemoi.models.preprocessing.normalizer][INFO] - Normalizing: sin_latitude is not normalized.
[2025-10-02 11:22:57,891][anemoi.models.preprocessing.normalizer][INFO] - Normalizing: sin_longitude is not normalized.
[2025-10-02 11:22:57,891][anemoi.models.preprocessing.normalizer][INFO] - Normalizing: cos_julian_day is not normalized.
[2025-10-02 11:22:57,891][anemoi.models.preprocessing.normalizer][INFO] - Normalizing: cos_local_time is not normalized.
[2025-10-02 11:22:57,891][anemoi.models.preprocessing.normalizer][INFO] - Normalizing: sin_julian_day is not normalized.
[2025-10-02 11:22:57,891][anemoi.models.preprocessing.normalizer][INFO] - Normalizing: sin_local_time is not normalized.
[2025-10-02 11:22:57,891][anemoi.models.preprocessing.normalizer][INFO] - Normalizing: insolation is not normalized.
[2025-10-02 11:22:57,891][anemoi.models.preprocessing.normalizer][INFO] - Normalizing: lsm is not normalized.
[2025-10-02 11:22:57,965][anemoi.models.layers.utils][INFO] - Linear kernel: torch.nn.Linear.
[2025-10-02 11:22:57,965][anemoi.models.layers.utils][INFO] - Linear kernel: torch.nn.Linear.
[2025-10-02 11:22:57,965][anemoi.models.layers.utils][INFO] - LayerNorm kernel: torch.nn.LayerNorm.
[2025-10-02 11:22:57,966][anemoi.models.layers.utils][INFO] - Linear kernel: torch.nn.Linear.
[2025-10-02 11:22:57,966][anemoi.models.layers.utils][INFO] - LayerNorm kernel: torch.nn.LayerNorm.
[2025-10-02 11:22:57,966][anemoi.models.layers.utils][INFO] - Linear kernel: torch.nn.Linear.
[2025-10-02 11:22:57,966][anemoi.models.layers.utils][INFO] - Activation kernel: torch.nn.GELU.
[2025-10-02 11:22:57,966][anemoi.models.layers.utils][INFO] - LayerNorm kernel: torch.nn.LayerNorm.
[2025-10-02 11:22:57,966][anemoi.models.layers.utils][INFO] - Activation kernel: torch.nn.GELU.
[2025-10-02 11:22:57,966][anemoi.models.layers.utils][INFO] - LayerNorm kernel: torch.nn.LayerNorm.
[2025-10-02 11:22:57,967][anemoi.models.layers.utils][INFO] - Activation kernel: torch.nn.GELU.
[2025-10-02 11:22:57,967][anemoi.models.layers.utils][INFO] - Activation kernel: torch.nn.GELU.
[2025-10-02 11:22:57,968][anemoi.models.layers.utils][INFO] - QueryNorm kernel: anemoi.models.layers.normalization.AutocastLayerNorm.
[2025-10-02 11:22:57,968][anemoi.models.layers.utils][INFO] - QueryNorm kernel: anemoi.models.layers.normalization.AutocastLayerNorm.
[2025-10-02 11:22:57,968][anemoi.models.layers.utils][INFO] - QueryNorm kernel: anemoi.models.layers.normalization.AutocastLayerNorm.
[2025-10-02 11:22:57,969][anemoi.models.layers.utils][INFO] - KeyNorm kernel: anemoi.models.layers.normalization.AutocastLayerNorm.
[2025-10-02 11:22:57,969][anemoi.models.layers.utils][INFO] - KeyNorm kernel: anemoi.models.layers.normalization.AutocastLayerNorm.
[2025-10-02 11:22:57,969][anemoi.models.layers.utils][INFO] - KeyNorm kernel: anemoi.models.layers.normalization.AutocastLayerNorm.
[2025-10-02 11:22:57,971][anemoi.models.layers.utils][INFO] - QueryNorm kernel: anemoi.models.layers.normalization.AutocastLayerNorm.
[2025-10-02 11:22:57,972][anemoi.models.layers.utils][INFO] - KeyNorm kernel: anemoi.models.layers.normalization.AutocastLayerNorm.
[2025-10-02 11:22:58,015][anemoi.models.layers.utils][INFO] - Linear kernel: torch.nn.Linear.
[2025-10-02 11:22:58,015][anemoi.models.layers.utils][INFO] - Linear kernel: torch.nn.Linear.
[2025-10-02 11:22:58,015][anemoi.models.layers.utils][INFO] - Linear kernel: torch.nn.Linear.
[2025-10-02 11:22:58,016][anemoi.models.layers.utils][INFO] - LayerNorm kernel: torch.nn.LayerNorm.
[2025-10-02 11:22:58,016][anemoi.models.layers.utils][INFO] - LayerNorm kernel: torch.nn.LayerNorm.
[2025-10-02 11:22:58,016][anemoi.models.layers.utils][INFO] - LayerNorm kernel: torch.nn.LayerNorm.
[2025-10-02 11:22:58,016][anemoi.models.layers.utils][INFO] - Activation kernel: torch.nn.GELU.
[2025-10-02 11:22:58,016][anemoi.models.layers.utils][INFO] - Activation kernel: torch.nn.GELU.
[2025-10-02 11:22:58,016][anemoi.models.layers.utils][INFO] - Activation kernel: torch.nn.GELU.
[2025-10-02 11:22:58,017][anemoi.models.layers.utils][INFO] - QueryNorm kernel: anemoi.models.layers.normalization.AutocastLayerNorm.
[2025-10-02 11:22:58,017][anemoi.models.layers.utils][INFO] - QueryNorm kernel: anemoi.models.layers.normalization.AutocastLayerNorm.
[2025-10-02 11:22:58,017][anemoi.models.layers.utils][INFO] - QueryNorm kernel: anemoi.models.layers.normalization.AutocastLayerNorm.
[2025-10-02 11:22:58,017][anemoi.models.layers.utils][INFO] - KeyNorm kernel: anemoi.models.layers.normalization.AutocastLayerNorm.
[2025-10-02 11:22:58,018][anemoi.models.layers.utils][INFO] - KeyNorm kernel: anemoi.models.layers.normalization.AutocastLayerNorm.
[2025-10-02 11:22:58,018][anemoi.models.layers.utils][INFO] - KeyNorm kernel: anemoi.models.layers.normalization.AutocastLayerNorm.
[2025-10-02 11:22:58,019][anemoi.models.layers.utils][INFO] - Linear kernel: torch.nn.Linear.
[2025-10-02 11:22:58,019][anemoi.models.layers.utils][INFO] - LayerNorm kernel: torch.nn.LayerNorm.
[2025-10-02 11:22:58,020][anemoi.models.layers.utils][INFO] - Activation kernel: torch.nn.GELU.
[2025-10-02 11:22:58,021][anemoi.models.layers.utils][INFO] - QueryNorm kernel: anemoi.models.layers.normalization.AutocastLayerNorm.
[2025-10-02 11:22:58,021][anemoi.models.layers.utils][INFO] - KeyNorm kernel: anemoi.models.layers.normalization.AutocastLayerNorm.
[2025-10-02 11:22:58,091][anemoi.models.layers.attention][INFO] - Using flash attention v2
[2025-10-02 11:22:58,096][anemoi.models.layers.attention][INFO] - Using flash attention v2
[2025-10-02 11:22:58,100][anemoi.models.layers.attention][INFO] - Using flash attention v2
[2025-10-02 11:22:58,105][anemoi.models.layers.attention][INFO] - Using flash attention v2
[2025-10-02 11:22:58,109][anemoi.models.layers.attention][INFO] - Using flash attention v2
[2025-10-02 11:22:58,113][anemoi.models.layers.attention][INFO] - Using flash attention v2
[2025-10-02 11:22:58,113][anemoi.models.layers.attention][INFO] - Using flash attention v2
[2025-10-02 11:22:58,113][anemoi.models.layers.attention][INFO] - Using flash attention v2
[2025-10-02 11:22:58,113][anemoi.models.layers.attention][INFO] - Using flash attention v2
[2025-10-02 11:22:58,117][anemoi.models.layers.attention][INFO] - Using flash attention v2
[2025-10-02 11:22:58,117][anemoi.models.layers.attention][INFO] - Using flash attention v2
[2025-10-02 11:22:58,118][anemoi.models.layers.attention][INFO] - Using flash attention v2
[2025-10-02 11:22:58,118][anemoi.models.layers.attention][INFO] - Using flash attention v2
[2025-10-02 11:22:58,122][anemoi.models.layers.attention][INFO] - Using flash attention v2
[2025-10-02 11:22:58,122][anemoi.models.layers.attention][INFO] - Using flash attention v2
[2025-10-02 11:22:58,122][anemoi.models.layers.attention][INFO] - Using flash attention v2
[2025-10-02 11:22:58,122][anemoi.models.layers.attention][INFO] - Using flash attention v2
[2025-10-02 11:22:58,126][anemoi.models.layers.attention][INFO] - Using flash attention v2
[2025-10-02 11:22:58,126][anemoi.models.layers.attention][INFO] - Using flash attention v2
[2025-10-02 11:22:58,126][anemoi.models.layers.attention][INFO] - Using flash attention v2
[2025-10-02 11:22:58,127][anemoi.models.layers.attention][INFO] - Using flash attention v2
[2025-10-02 11:22:58,130][anemoi.models.layers.attention][INFO] - Using flash attention v2
[2025-10-02 11:22:58,130][anemoi.models.layers.attention][INFO] - Using flash attention v2
[2025-10-02 11:22:58,131][anemoi.models.layers.attention][INFO] - Using flash attention v2
[2025-10-02 11:22:58,131][anemoi.models.layers.attention][INFO] - Using flash attention v2
[2025-10-02 11:22:58,135][anemoi.models.layers.attention][INFO] - Using flash attention v2
[2025-10-02 11:22:58,135][anemoi.models.layers.attention][INFO] - Using flash attention v2
[2025-10-02 11:22:58,135][anemoi.models.layers.attention][INFO] - Using flash attention v2
[2025-10-02 11:22:58,135][anemoi.models.layers.attention][INFO] - Using flash attention v2
[2025-10-02 11:22:58,139][anemoi.models.layers.attention][INFO] - Using flash attention v2
[2025-10-02 11:22:58,139][anemoi.models.layers.attention][INFO] - Using flash attention v2
[2025-10-02 11:22:58,140][anemoi.models.layers.attention][INFO] - Using flash attention v2
[2025-10-02 11:22:58,140][anemoi.models.layers.attention][INFO] - Using flash attention v2
[2025-10-02 11:22:58,143][anemoi.models.layers.attention][INFO] - Using flash attention v2
[2025-10-02 11:22:58,143][anemoi.models.layers.attention][INFO] - Using flash attention v2
[2025-10-02 11:22:58,144][anemoi.models.layers.attention][INFO] - Using flash attention v2
[2025-10-02 11:22:58,144][anemoi.models.layers.attention][INFO] - Using flash attention v2
[2025-10-02 11:22:58,147][anemoi.models.layers.attention][INFO] - Using flash attention v2
[2025-10-02 11:22:58,147][anemoi.models.layers.attention][INFO] - Using flash attention v2
[2025-10-02 11:22:58,148][anemoi.models.layers.attention][INFO] - Using flash attention v2
[2025-10-02 11:22:58,149][anemoi.models.layers.attention][INFO] - Using flash attention v2
[2025-10-02 11:22:58,152][anemoi.models.layers.attention][INFO] - Using flash attention v2
[2025-10-02 11:22:58,152][anemoi.models.layers.attention][INFO] - Using flash attention v2
[2025-10-02 11:22:58,153][anemoi.models.layers.attention][INFO] - Using flash attention v2
[2025-10-02 11:22:58,153][anemoi.models.layers.attention][INFO] - Using flash attention v2
[2025-10-02 11:22:58,156][anemoi.models.layers.attention][INFO] - Using flash attention v2
[2025-10-02 11:22:58,156][anemoi.models.layers.attention][INFO] - Using flash attention v2
[2025-10-02 11:22:58,157][anemoi.models.layers.attention][INFO] - Using flash attention v2
[2025-10-02 11:22:58,158][anemoi.models.layers.attention][INFO] - Using flash attention v2
[2025-10-02 11:22:58,160][anemoi.models.layers.attention][INFO] - Using flash attention v2
[2025-10-02 11:22:58,160][anemoi.models.layers.attention][INFO] - Using flash attention v2
[2025-10-02 11:22:58,162][anemoi.models.layers.attention][INFO] - Using flash attention v2
[2025-10-02 11:22:58,165][anemoi.models.layers.attention][INFO] - Using flash attention v2
[2025-10-02 11:22:58,165][anemoi.models.layers.attention][INFO] - Using flash attention v2
[2025-10-02 11:22:58,167][anemoi.models.layers.attention][INFO] - Using flash attention v2
[2025-10-02 11:22:58,167][anemoi.models.layers.utils][INFO] - Linear kernel: torch.nn.Linear.
[2025-10-02 11:22:58,168][anemoi.models.layers.utils][INFO] - LayerNorm kernel: torch.nn.LayerNorm.
[2025-10-02 11:22:58,168][anemoi.models.layers.utils][INFO] - Activation kernel: torch.nn.GELU.
[2025-10-02 11:22:58,169][anemoi.models.layers.attention][INFO] - Using flash attention v2
[2025-10-02 11:22:58,169][anemoi.models.layers.attention][INFO] - Using flash attention v2
[2025-10-02 11:22:58,169][anemoi.models.layers.utils][INFO] - QueryNorm kernel: anemoi.models.layers.normalization.AutocastLayerNorm.
[2025-10-02 11:22:58,170][anemoi.models.layers.utils][INFO] - KeyNorm kernel: anemoi.models.layers.normalization.AutocastLayerNorm.
[2025-10-02 11:22:58,171][anemoi.models.layers.attention][INFO] - Using flash attention v2
[2025-10-02 11:22:58,173][anemoi.models.layers.attention][INFO] - Using flash attention v2
[2025-10-02 11:22:58,173][anemoi.models.layers.attention][INFO] - Using flash attention v2
[2025-10-02 11:22:58,176][anemoi.models.layers.attention][INFO] - Using flash attention v2
[2025-10-02 11:22:58,177][anemoi.models.layers.attention][INFO] - Using flash attention v2
[2025-10-02 11:22:58,177][anemoi.models.layers.attention][INFO] - Using flash attention v2
[2025-10-02 11:22:58,180][anemoi.models.layers.attention][INFO] - Using flash attention v2
[2025-10-02 11:22:58,187][anemoi.models.layers.utils][INFO] - Linear kernel: torch.nn.Linear.
[2025-10-02 11:22:58,187][anemoi.models.layers.utils][INFO] - Linear kernel: torch.nn.Linear.
[2025-10-02 11:22:58,187][anemoi.models.layers.utils][INFO] - LayerNorm kernel: torch.nn.LayerNorm.
[2025-10-02 11:22:58,188][anemoi.models.layers.utils][INFO] - LayerNorm kernel: torch.nn.LayerNorm.
[2025-10-02 11:22:58,188][anemoi.models.layers.utils][INFO] - Activation kernel: torch.nn.GELU.
[2025-10-02 11:22:58,188][anemoi.models.layers.utils][INFO] - Activation kernel: torch.nn.GELU.
[2025-10-02 11:22:58,189][anemoi.models.layers.utils][INFO] - QueryNorm kernel: anemoi.models.layers.normalization.AutocastLayerNorm.
[2025-10-02 11:22:58,189][anemoi.models.layers.utils][INFO] - QueryNorm kernel: anemoi.models.layers.normalization.AutocastLayerNorm.
[2025-10-02 11:22:58,189][anemoi.models.layers.utils][INFO] - KeyNorm kernel: anemoi.models.layers.normalization.AutocastLayerNorm.
[2025-10-02 11:22:58,189][anemoi.models.layers.utils][INFO] - Linear kernel: torch.nn.Linear.
[2025-10-02 11:22:58,190][anemoi.models.layers.utils][INFO] - KeyNorm kernel: anemoi.models.layers.normalization.AutocastLayerNorm.
[2025-10-02 11:22:58,190][anemoi.models.layers.utils][INFO] - LayerNorm kernel: torch.nn.LayerNorm.
[2025-10-02 11:22:58,191][anemoi.models.layers.utils][INFO] - Activation kernel: torch.nn.GELU.
[2025-10-02 11:22:58,191][anemoi.models.layers.utils][INFO] - QueryNorm kernel: anemoi.models.layers.normalization.AutocastLayerNorm.
[2025-10-02 11:22:58,192][anemoi.models.layers.utils][INFO] - KeyNorm kernel: anemoi.models.layers.normalization.AutocastLayerNorm.
[2025-10-02 11:22:58,251][anemoi.training.losses.scalers.variable_level][INFO] - Variable Level Scaling: Applying ReluVariableLevelScaler scaling to pl variables ({'param': ['t', 'z']})
[2025-10-02 11:22:58,251][anemoi.training.losses.scalers.variable_level][INFO] - with slope = 0.001 and y-intercept/minimum = 0.2.
[2025-10-02 11:22:58,268][anemoi.training.losses.scalers.variable_level][INFO] - Variable Level Scaling: Applying ReluVariableLevelScaler scaling to pl variables ({'param': ['t', 'z']})
[2025-10-02 11:22:58,268][anemoi.training.losses.scalers.variable_level][INFO] - with slope = 0.001 and y-intercept/minimum = 0.2.
[2025-10-02 11:22:58,269][anemoi.training.losses.scalers.variable_level][INFO] - Variable Level Scaling: Applying ReluVariableLevelScaler scaling to pl variables ({'param': ['t', 'z']})
[2025-10-02 11:22:58,270][anemoi.training.losses.scalers.variable_level][INFO] - with slope = 0.001 and y-intercept/minimum = 0.2.
[2025-10-02 11:22:58,271][anemoi.training.losses.scalers.variable_level][INFO] - Variable Level Scaling: Applying ReluVariableLevelScaler scaling to pl variables ({'param': ['t', 'z']})
[2025-10-02 11:22:58,271][anemoi.training.losses.scalers.variable_level][INFO] - with slope = 0.001 and y-intercept/minimum = 0.2.
[2025-10-02 11:22:58,324][anemoi.training.train.train][INFO] - The following submodules will NOT be trained: []
[2025-10-02 11:22:58,333][anemoi.training.train.train][INFO] - The following submodules will NOT be trained: []
[2025-10-02 11:22:58,334][anemoi.training.train.train][INFO] - The following submodules will NOT be trained: []
[2025-10-02 11:22:58,337][anemoi.training.train.train][INFO] - The following submodules will NOT be trained: []
[2025-10-02 11:23:05,274][anemoi.training.utils.compile][INFO] - The following modules will be compiled: ['anemoi.models.layers.conv.GraphTransformerConv']
[2025-10-02 11:23:05,274][anemoi.training.utils.compile][INFO] - The following modules will be compiled: ['anemoi.models.layers.conv.GraphTransformerConv']
[2025-10-02 11:23:05,274][anemoi.training.utils.compile][INFO] - The following modules will be compiled: ['anemoi.models.layers.conv.GraphTransformerConv']
[2025-10-02 11:23:05,274][anemoi.training.utils.compile][INFO] - The following modules will be compiled: ['anemoi.models.layers.conv.GraphTransformerConv']
[2025-10-02 11:23:05,318][lightning_fabric.utilities.distributed][INFO] - Initializing distributed: GLOBAL_RANK: 1, MEMBER: 2/4
[2025-10-02 11:23:05,318][lightning_fabric.utilities.distributed][INFO] - Initializing distributed: GLOBAL_RANK: 3, MEMBER: 4/4
[2025-10-02 11:23:05,318][lightning_fabric.utilities.distributed][INFO] - Initializing distributed: GLOBAL_RANK: 2, MEMBER: 3/4
[2025-10-02 11:23:05,318][lightning_fabric.utilities.distributed][INFO] - Initializing distributed: GLOBAL_RANK: 0, MEMBER: 1/4
[2025-10-02 11:23:05,744][pytorch_lightning.utilities.rank_zero][INFO] - ----------------------------------------------------------------------------------------------------
distributed_backend=nccl
All distributed processes registered. Starting with 4 processes
----------------------------------------------------------------------------------------------------

[2025-10-02 11:23:05,885][pytorch_lightning.accelerators.cuda][INFO] - LOCAL_RANK: 0 - CUDA_VISIBLE_DEVICES: [0,1,2,3]
[2025-10-02 11:23:05,885][pytorch_lightning.accelerators.cuda][INFO] - LOCAL_RANK: 2 - CUDA_VISIBLE_DEVICES: [0,1,2,3]
[2025-10-02 11:23:05,885][pytorch_lightning.accelerators.cuda][INFO] - LOCAL_RANK: 3 - CUDA_VISIBLE_DEVICES: [0,1,2,3]
[2025-10-02 11:23:05,885][pytorch_lightning.accelerators.cuda][INFO] - LOCAL_RANK: 1 - CUDA_VISIBLE_DEVICES: [0,1,2,3]
[2025-10-02 11:23:06,344][lightning_fabric.utilities.seed][INFO] - [rank: 2] Seed set to 105649074
[2025-10-02 11:23:06,344][lightning_fabric.utilities.seed][INFO] - [rank: 3] Seed set to 140865432
[2025-10-02 11:23:06,344][lightning_fabric.utilities.seed][INFO] - [rank: 1] Seed set to 70432716
[2025-10-02 11:23:06,344][lightning_fabric.utilities.seed][INFO] - [rank: 0] Seed set to 35216358
[2025-10-02 11:23:06,353][pytorch_lightning.callbacks.model_summary][INFO] - 
  | Name    | Type                 | Params | Mode 
---------------------------------------------------------
0 | model   | AnemoiModelInterface | 14.9 M | train
1 | loss    | MSELoss              | 0      | train
2 | metrics | ModuleDict           | 0      | train
---------------------------------------------------------
14.9 M    Trainable params
0         Non-trainable params
14.9 M    Total params
59.597    Total estimated model params size (MB)
286       Modules in train mode
0         Modules in eval mode
[2025-10-02 11:23:06,406][anemoi.training.diagnostics.mlflow.logger][INFO] - Logging 493 parameters
[2025-10-02 11:23:14,488][pytorch_lightning.trainer.connectors.signal_connector][INFO] - SLURM auto-requeueing enabled. Setting signal handlers.
[2025-10-02 11:23:14,488][pytorch_lightning.trainer.connectors.signal_connector][INFO] - SLURM auto-requeueing enabled. Setting signal handlers.
[2025-10-02 11:23:14,488][pytorch_lightning.trainer.connectors.signal_connector][INFO] - SLURM auto-requeueing enabled. Setting signal handlers.
[2025-10-02 11:23:14,488][pytorch_lightning.trainer.connectors.signal_connector][INFO] - SLURM auto-requeueing enabled. Setting signal handlers.
[2025-10-02 11:23:15,065][anemoi.training.data.datamodule.singledatamodule][WARNING] - Falling back rollout to: 1
[2025-10-02 11:23:15,066][anemoi.training.data.datamodule.singledatamodule][WARNING] - Falling back rollout to: 1
[2025-10-02 11:23:15,072][anemoi.training.data.datamodule.singledatamodule][WARNING] - Falling back rollout to: 1
[2025-10-02 11:23:15,073][anemoi.training.data.datamodule.singledatamodule][WARNING] - Falling back rollout to: 1
[2025-10-02 11:23:15,111][anemoi.training.data.dataset.singledataset][INFO] - Worker 0 (pid 1370077, global_rank 2, model comm group 2)  has low/high range 728 / 773
[2025-10-02 11:23:15,111][anemoi.training.data.dataset.singledataset][INFO] - Worker 0 (pid 1370079, global_rank 1, model comm group 1)  has low/high range 364 / 409
[2025-10-02 11:23:15,111][anemoi.training.data.dataset.singledataset][INFO] - Worker 0 (pid 1370081, global_rank 0, model comm group 0)  has low/high range 0 / 45
[2025-10-02 11:23:15,116][anemoi.training.data.dataset.singledataset][INFO] - Worker 0 (validation, pid 1370079, glob. rank 1, model comm group 1, group_rank 0, seed group id 1, base_seed 35216358, sanity rnd 0.804005)
[2025-10-02 11:23:15,116][anemoi.training.data.dataset.singledataset][INFO] - Worker 0 (validation, pid 1370081, glob. rank 0, model comm group 0, group_rank 0, seed group id 0, base_seed 35216358, sanity rnd 0.804005)
[2025-10-02 11:23:15,120][anemoi.training.data.dataset.singledataset][INFO] - Worker 0 (validation, pid 1370077, glob. rank 2, model comm group 2, group_rank 0, seed group id 2, base_seed 35216358, sanity rnd 0.804005)
[2025-10-02 11:23:15,124][anemoi.training.data.dataset.singledataset][INFO] - Worker 1 (pid 1370083, global_rank 2, model comm group 2)  has low/high range 773 / 818
[2025-10-02 11:23:15,124][anemoi.training.data.dataset.singledataset][INFO] - Worker 0 (pid 1370084, global_rank 3, model comm group 3)  has low/high range 1092 / 1137
[2025-10-02 11:23:15,127][anemoi.training.data.dataset.singledataset][INFO] - Worker 1 (validation, pid 1370083, glob. rank 2, model comm group 2, group_rank 0, seed group id 2, base_seed 35216358, sanity rnd 0.804005)
[2025-10-02 11:23:15,127][anemoi.training.data.dataset.singledataset][INFO] - Worker 0 (validation, pid 1370084, glob. rank 3, model comm group 3, group_rank 0, seed group id 3, base_seed 35216358, sanity rnd 0.804005)
[2025-10-02 11:23:15,131][anemoi.training.data.dataset.singledataset][INFO] - Worker 1 (pid 1370087, global_rank 1, model comm group 1)  has low/high range 409 / 454
[2025-10-02 11:23:15,136][anemoi.training.data.dataset.singledataset][INFO] - Worker 1 (validation, pid 1370087, glob. rank 1, model comm group 1, group_rank 0, seed group id 1, base_seed 35216358, sanity rnd 0.804005)
[2025-10-02 11:23:15,136][anemoi.training.data.dataset.singledataset][INFO] - Worker 1 (pid 1370089, global_rank 0, model comm group 0)  has low/high range 45 / 90
[2025-10-02 11:23:15,139][anemoi.training.data.dataset.singledataset][INFO] - Worker 1 (validation, pid 1370089, glob. rank 0, model comm group 0, group_rank 0, seed group id 0, base_seed 35216358, sanity rnd 0.804005)
[2025-10-02 11:23:15,162][anemoi.training.data.dataset.singledataset][INFO] - Worker 2 (pid 1370091, global_rank 0, model comm group 0)  has low/high range 90 / 135
[2025-10-02 11:23:15,166][anemoi.training.data.dataset.singledataset][INFO] - Worker 2 (validation, pid 1370091, glob. rank 0, model comm group 0, group_rank 0, seed group id 0, base_seed 35216358, sanity rnd 0.804005)
[2025-10-02 11:23:15,170][anemoi.training.data.dataset.singledataset][INFO] - Worker 1 (pid 1370093, global_rank 3, model comm group 3)  has low/high range 1137 / 1182
[2025-10-02 11:23:15,176][anemoi.training.data.dataset.singledataset][INFO] - Worker 1 (validation, pid 1370093, glob. rank 3, model comm group 3, group_rank 0, seed group id 3, base_seed 35216358, sanity rnd 0.804005)
[2025-10-02 11:23:15,189][anemoi.training.data.dataset.singledataset][INFO] - Worker 3 (pid 1370095, global_rank 0, model comm group 0)  has low/high range 135 / 180
[2025-10-02 11:23:15,192][anemoi.training.data.dataset.singledataset][INFO] - Worker 3 (validation, pid 1370095, glob. rank 0, model comm group 0, group_rank 0, seed group id 0, base_seed 35216358, sanity rnd 0.804005)
[2025-10-02 11:23:15,214][anemoi.training.data.dataset.singledataset][INFO] - Worker 4 (pid 1370097, global_rank 0, model comm group 0)  has low/high range 180 / 225
[2025-10-02 11:23:15,220][anemoi.training.data.dataset.singledataset][INFO] - Worker 4 (validation, pid 1370097, glob. rank 0, model comm group 0, group_rank 0, seed group id 0, base_seed 35216358, sanity rnd 0.804005)
[2025-10-02 11:23:15,239][anemoi.training.data.dataset.singledataset][INFO] - Worker 5 (pid 1370099, global_rank 0, model comm group 0)  has low/high range 225 / 270
[2025-10-02 11:23:15,243][anemoi.training.data.dataset.singledataset][INFO] - Worker 5 (validation, pid 1370099, glob. rank 0, model comm group 0, group_rank 0, seed group id 0, base_seed 35216358, sanity rnd 0.804005)
[2025-10-02 11:23:15,266][anemoi.training.data.dataset.singledataset][INFO] - Worker 6 (pid 1370101, global_rank 0, model comm group 0)  has low/high range 270 / 315
[2025-10-02 11:23:15,269][anemoi.training.data.dataset.singledataset][INFO] - Worker 6 (validation, pid 1370101, glob. rank 0, model comm group 0, group_rank 0, seed group id 0, base_seed 35216358, sanity rnd 0.804005)
[2025-10-02 11:23:15,293][anemoi.models.data_indices.collection][INFO] - The order of the variables in the model matches the order in the data.
[2025-10-02 11:23:15,294][anemoi.training.data.dataset.singledataset][INFO] - Worker 7 (pid 1370103, global_rank 0, model comm group 0)  has low/high range 315 / 360
[2025-10-02 11:23:15,301][anemoi.training.data.dataset.singledataset][INFO] - Worker 7 (validation, pid 1370103, glob. rank 0, model comm group 0, group_rank 0, seed group id 0, base_seed 35216358, sanity rnd 0.804005)
[2025-10-02 11:23:15,316][anemoi.training.data.dataset.singledataset][INFO] - Worker 2 (pid 1370114, global_rank 2, model comm group 2)  has low/high range 818 / 863
[2025-10-02 11:23:15,317][anemoi.training.data.dataset.singledataset][INFO] - Worker 2 (pid 1370115, global_rank 3, model comm group 3)  has low/high range 1182 / 1227
[2025-10-02 11:23:15,318][anemoi.training.data.dataset.singledataset][INFO] - Worker 2 (pid 1370117, global_rank 1, model comm group 1)  has low/high range 454 / 499
[2025-10-02 11:23:15,320][anemoi.training.data.dataset.singledataset][INFO] - Worker 2 (validation, pid 1370117, glob. rank 1, model comm group 1, group_rank 0, seed group id 1, base_seed 35216358, sanity rnd 0.804005)
[2025-10-02 11:23:15,321][anemoi.training.data.dataset.singledataset][INFO] - Worker 2 (validation, pid 1370114, glob. rank 2, model comm group 2, group_rank 0, seed group id 2, base_seed 35216358, sanity rnd 0.804005)
[2025-10-02 11:23:15,323][anemoi.training.data.dataset.singledataset][INFO] - Worker 2 (validation, pid 1370115, glob. rank 3, model comm group 3, group_rank 0, seed group id 3, base_seed 35216358, sanity rnd 0.804005)
[2025-10-02 11:23:15,336][anemoi.training.data.dataset.singledataset][INFO] - Worker 3 (pid 1370120, global_rank 2, model comm group 2)  has low/high range 863 / 908
[2025-10-02 11:23:15,341][anemoi.training.data.dataset.singledataset][INFO] - Worker 3 (validation, pid 1370120, glob. rank 2, model comm group 2, group_rank 0, seed group id 2, base_seed 35216358, sanity rnd 0.804005)
[2025-10-02 11:23:15,352][anemoi.training.data.dataset.singledataset][INFO] - Worker 3 (pid 1370122, global_rank 1, model comm group 1)  has low/high range 499 / 544
[2025-10-02 11:23:15,358][anemoi.training.data.dataset.singledataset][INFO] - Worker 3 (validation, pid 1370122, glob. rank 1, model comm group 1, group_rank 0, seed group id 1, base_seed 35216358, sanity rnd 0.804005)
[2025-10-02 11:23:15,359][anemoi.training.data.dataset.singledataset][INFO] - Worker 4 (pid 1370124, global_rank 2, model comm group 2)  has low/high range 908 / 953
[2025-10-02 11:23:15,359][anemoi.training.data.dataset.singledataset][INFO] - Worker 3 (pid 1370125, global_rank 3, model comm group 3)  has low/high range 1227 / 1272
[2025-10-02 11:23:15,362][anemoi.training.data.dataset.singledataset][INFO] - Worker 4 (validation, pid 1370124, glob. rank 2, model comm group 2, group_rank 0, seed group id 2, base_seed 35216358, sanity rnd 0.804005)
[2025-10-02 11:23:15,363][anemoi.training.data.dataset.singledataset][INFO] - Worker 3 (validation, pid 1370125, glob. rank 3, model comm group 3, group_rank 0, seed group id 3, base_seed 35216358, sanity rnd 0.804005)
[2025-10-02 11:23:15,366][anemoi.training.data.dataset.singledataset][INFO] - Worker 4 (pid 1370128, global_rank 1, model comm group 1)  has low/high range 544 / 589
[2025-10-02 11:23:15,369][anemoi.training.data.dataset.singledataset][INFO] - Worker 4 (validation, pid 1370128, glob. rank 1, model comm group 1, group_rank 0, seed group id 1, base_seed 35216358, sanity rnd 0.804005)
[2025-10-02 11:23:15,382][anemoi.training.data.dataset.singledataset][INFO] - Worker 5 (pid 1370130, global_rank 2, model comm group 2)  has low/high range 953 / 998
[2025-10-02 11:23:15,387][anemoi.training.data.dataset.singledataset][INFO] - Worker 5 (validation, pid 1370130, glob. rank 2, model comm group 2, group_rank 0, seed group id 2, base_seed 35216358, sanity rnd 0.804005)
[2025-10-02 11:23:15,391][anemoi.training.data.dataset.singledataset][INFO] - Worker 5 (pid 1370132, global_rank 1, model comm group 1)  has low/high range 589 / 634
[2025-10-02 11:23:15,395][anemoi.training.data.dataset.singledataset][INFO] - Worker 5 (validation, pid 1370132, glob. rank 1, model comm group 1, group_rank 0, seed group id 1, base_seed 35216358, sanity rnd 0.804005)
[2025-10-02 11:23:15,403][anemoi.training.data.dataset.singledataset][INFO] - Worker 4 (pid 1370134, global_rank 3, model comm group 3)  has low/high range 1272 / 1317
[2025-10-02 11:23:15,404][anemoi.training.data.dataset.singledataset][INFO] - Worker 6 (pid 1370135, global_rank 2, model comm group 2)  has low/high range 998 / 1043
[2025-10-02 11:23:15,407][anemoi.training.data.dataset.singledataset][INFO] - Worker 4 (validation, pid 1370134, glob. rank 3, model comm group 3, group_rank 0, seed group id 3, base_seed 35216358, sanity rnd 0.804005)
[2025-10-02 11:23:15,410][anemoi.training.data.dataset.singledataset][INFO] - Worker 6 (validation, pid 1370135, glob. rank 2, model comm group 2, group_rank 0, seed group id 2, base_seed 35216358, sanity rnd 0.804005)
[2025-10-02 11:23:15,414][anemoi.training.data.dataset.singledataset][INFO] - Worker 6 (pid 1370152, global_rank 1, model comm group 1)  has low/high range 634 / 679
[2025-10-02 11:23:15,418][anemoi.training.data.dataset.singledataset][INFO] - Worker 6 (validation, pid 1370152, glob. rank 1, model comm group 1, group_rank 0, seed group id 1, base_seed 35216358, sanity rnd 0.804005)
[2025-10-02 11:23:15,425][anemoi.models.data_indices.collection][INFO] - The order of the variables in the model matches the order in the data.
[2025-10-02 11:23:15,426][anemoi.training.data.dataset.singledataset][INFO] - Worker 7 (pid 1370155, global_rank 2, model comm group 2)  has low/high range 1043 / 1088
[2025-10-02 11:23:15,432][anemoi.training.data.dataset.singledataset][INFO] - Worker 7 (validation, pid 1370155, glob. rank 2, model comm group 2, group_rank 0, seed group id 2, base_seed 35216358, sanity rnd 0.804005)
[2025-10-02 11:23:15,439][anemoi.training.data.dataset.singledataset][INFO] - Worker 7 (pid 1370167, global_rank 1, model comm group 1)  has low/high range 679 / 724
[2025-10-02 11:23:15,441][anemoi.models.data_indices.collection][INFO] - The order of the variables in the model matches the order in the data.
[2025-10-02 11:23:15,445][anemoi.training.data.dataset.singledataset][INFO] - Worker 7 (validation, pid 1370167, glob. rank 1, model comm group 1, group_rank 0, seed group id 1, base_seed 35216358, sanity rnd 0.804005)
[2025-10-02 11:23:15,470][anemoi.training.data.dataset.singledataset][INFO] - Worker 5 (pid 1370178, global_rank 3, model comm group 3)  has low/high range 1317 / 1362
[2025-10-02 11:23:15,474][anemoi.training.data.dataset.singledataset][INFO] - Worker 5 (validation, pid 1370178, glob. rank 3, model comm group 3, group_rank 0, seed group id 3, base_seed 35216358, sanity rnd 0.804005)
[2025-10-02 11:23:15,482][anemoi.training.data.dataset.singledataset][INFO] - Worker 6 (pid 1370180, global_rank 3, model comm group 3)  has low/high range 1362 / 1407
[2025-10-02 11:23:15,487][anemoi.training.data.dataset.singledataset][INFO] - Worker 6 (validation, pid 1370180, glob. rank 3, model comm group 3, group_rank 0, seed group id 3, base_seed 35216358, sanity rnd 0.804005)
[2025-10-02 11:23:15,521][anemoi.training.data.dataset.singledataset][INFO] - Worker 7 (pid 1370182, global_rank 3, model comm group 3)  has low/high range 1407 / 1452
[2025-10-02 11:23:15,522][anemoi.models.data_indices.collection][INFO] - The order of the variables in the model matches the order in the data.
[2025-10-02 11:23:15,526][anemoi.training.data.dataset.singledataset][INFO] - Worker 7 (validation, pid 1370182, glob. rank 3, model comm group 3, group_rank 0, seed group id 3, base_seed 35216358, sanity rnd 0.804005)
[2025-10-02 11:23:20,734][anemoi.training.data.dataset.singledataset][INFO] - Worker 0 (pid 1371721, global_rank 2, model comm group 2)  has low/high range 30680 / 32597
[2025-10-02 11:23:20,735][anemoi.training.data.dataset.singledataset][INFO] - Worker 0 (pid 1371722, global_rank 1, model comm group 1)  has low/high range 15340 / 17257
[2025-10-02 11:23:20,741][anemoi.training.data.dataset.singledataset][INFO] - Worker 0 (train, pid 1371722, glob. rank 1, model comm group 1, group_rank 0, seed group id 1, base_seed 35216358, sanity rnd 0.804005)
[2025-10-02 11:23:20,741][anemoi.training.data.dataset.singledataset][INFO] - Worker 0 (train, pid 1371721, glob. rank 2, model comm group 2, group_rank 0, seed group id 2, base_seed 35216358, sanity rnd 0.804005)
[2025-10-02 11:23:20,743][anemoi.training.data.dataset.singledataset][INFO] - Worker 0 (pid 1371725, global_rank 0, model comm group 0)  has low/high range 0 / 1917
[2025-10-02 11:23:20,748][anemoi.training.data.dataset.singledataset][INFO] - Worker 0 (train, pid 1371725, glob. rank 0, model comm group 0, group_rank 0, seed group id 0, base_seed 35216358, sanity rnd 0.804005)
[2025-10-02 11:23:20,755][anemoi.training.data.dataset.singledataset][INFO] - Worker 0 (pid 1371727, global_rank 3, model comm group 3)  has low/high range 46020 / 47937
[2025-10-02 11:23:20,758][anemoi.training.data.dataset.singledataset][INFO] - Worker 1 (pid 1371729, global_rank 2, model comm group 2)  has low/high range 32597 / 34514
[2025-10-02 11:23:20,760][anemoi.training.data.dataset.singledataset][INFO] - Worker 0 (train, pid 1371727, glob. rank 3, model comm group 3, group_rank 0, seed group id 3, base_seed 35216358, sanity rnd 0.804005)
[2025-10-02 11:23:20,762][anemoi.training.data.dataset.singledataset][INFO] - Worker 1 (train, pid 1371729, glob. rank 2, model comm group 2, group_rank 0, seed group id 2, base_seed 35216358, sanity rnd 0.804005)
[2025-10-02 11:23:20,762][anemoi.training.data.dataset.singledataset][INFO] - Worker 1 (pid 1371731, global_rank 1, model comm group 1)  has low/high range 17257 / 19174
[2025-10-02 11:23:20,765][anemoi.training.data.dataset.singledataset][INFO] - Worker 1 (train, pid 1371731, glob. rank 1, model comm group 1, group_rank 0, seed group id 1, base_seed 35216358, sanity rnd 0.804005)
[2025-10-02 11:23:20,777][anemoi.training.data.dataset.singledataset][INFO] - Worker 1 (pid 1371733, global_rank 0, model comm group 0)  has low/high range 1917 / 3834
[2025-10-02 11:23:20,781][anemoi.training.data.dataset.singledataset][INFO] - Worker 1 (train, pid 1371733, glob. rank 0, model comm group 0, group_rank 0, seed group id 0, base_seed 35216358, sanity rnd 0.804005)
[2025-10-02 11:23:20,783][anemoi.training.data.dataset.singledataset][INFO] - Worker 2 (pid 1371735, global_rank 2, model comm group 2)  has low/high range 34514 / 36431
[2025-10-02 11:23:20,788][anemoi.training.data.dataset.singledataset][INFO] - Worker 2 (train, pid 1371735, glob. rank 2, model comm group 2, group_rank 0, seed group id 2, base_seed 35216358, sanity rnd 0.804005)
[2025-10-02 11:23:20,789][anemoi.training.data.dataset.singledataset][INFO] - Worker 2 (pid 1371737, global_rank 1, model comm group 1)  has low/high range 19174 / 21091
[2025-10-02 11:23:20,794][anemoi.training.data.dataset.singledataset][INFO] - Worker 2 (train, pid 1371737, glob. rank 1, model comm group 1, group_rank 0, seed group id 1, base_seed 35216358, sanity rnd 0.804005)
[2025-10-02 11:23:20,802][anemoi.training.data.dataset.singledataset][INFO] - Worker 1 (pid 1371739, global_rank 3, model comm group 3)  has low/high range 47937 / 49854
[2025-10-02 11:23:20,806][anemoi.training.data.dataset.singledataset][INFO] - Worker 1 (train, pid 1371739, glob. rank 3, model comm group 3, group_rank 0, seed group id 3, base_seed 35216358, sanity rnd 0.804005)
[2025-10-02 11:23:20,808][anemoi.training.data.dataset.singledataset][INFO] - Worker 3 (pid 1371741, global_rank 2, model comm group 2)  has low/high range 36431 / 38348
[2025-10-02 11:23:20,810][anemoi.training.data.dataset.singledataset][INFO] - Worker 2 (pid 1371742, global_rank 0, model comm group 0)  has low/high range 3834 / 5751
[2025-10-02 11:23:20,812][anemoi.training.data.dataset.singledataset][INFO] - Worker 3 (train, pid 1371741, glob. rank 2, model comm group 2, group_rank 0, seed group id 2, base_seed 35216358, sanity rnd 0.804005)
[2025-10-02 11:23:20,813][anemoi.training.data.dataset.singledataset][INFO] - Worker 2 (train, pid 1371742, glob. rank 0, model comm group 0, group_rank 0, seed group id 0, base_seed 35216358, sanity rnd 0.804005)
[2025-10-02 11:23:20,816][anemoi.training.data.dataset.singledataset][INFO] - Worker 3 (pid 1371745, global_rank 1, model comm group 1)  has low/high range 21091 / 23008
[2025-10-02 11:23:20,821][anemoi.training.data.dataset.singledataset][INFO] - Worker 3 (train, pid 1371745, glob. rank 1, model comm group 1, group_rank 0, seed group id 1, base_seed 35216358, sanity rnd 0.804005)
[2025-10-02 11:23:20,835][anemoi.training.data.dataset.singledataset][INFO] - Worker 4 (pid 1371747, global_rank 2, model comm group 2)  has low/high range 38348 / 40265
[2025-10-02 11:23:20,839][anemoi.training.data.dataset.singledataset][INFO] - Worker 4 (train, pid 1371747, glob. rank 2, model comm group 2, group_rank 0, seed group id 2, base_seed 35216358, sanity rnd 0.804005)
[2025-10-02 11:23:20,843][anemoi.training.data.dataset.singledataset][INFO] - Worker 3 (pid 1371750, global_rank 0, model comm group 0)  has low/high range 5751 / 7668
[2025-10-02 11:23:20,844][anemoi.training.data.dataset.singledataset][INFO] - Worker 4 (pid 1371749, global_rank 1, model comm group 1)  has low/high range 23008 / 24925
[2025-10-02 11:23:20,846][anemoi.training.data.dataset.singledataset][INFO] - Worker 3 (train, pid 1371750, glob. rank 0, model comm group 0, group_rank 0, seed group id 0, base_seed 35216358, sanity rnd 0.804005)
[2025-10-02 11:23:20,849][anemoi.training.data.dataset.singledataset][INFO] - Worker 4 (train, pid 1371749, glob. rank 1, model comm group 1, group_rank 0, seed group id 1, base_seed 35216358, sanity rnd 0.804005)
[2025-10-02 11:23:20,849][anemoi.training.data.dataset.singledataset][INFO] - Worker 2 (pid 1371753, global_rank 3, model comm group 3)  has low/high range 49854 / 51771
[2025-10-02 11:23:20,855][anemoi.training.data.dataset.singledataset][INFO] - Worker 2 (train, pid 1371753, glob. rank 3, model comm group 3, group_rank 0, seed group id 3, base_seed 35216358, sanity rnd 0.804005)
[2025-10-02 11:23:20,861][anemoi.training.data.dataset.singledataset][INFO] - Worker 5 (pid 1371755, global_rank 2, model comm group 2)  has low/high range 40265 / 42182
[2025-10-02 11:23:20,865][anemoi.training.data.dataset.singledataset][INFO] - Worker 5 (train, pid 1371755, glob. rank 2, model comm group 2, group_rank 0, seed group id 2, base_seed 35216358, sanity rnd 0.804005)
[2025-10-02 11:23:20,871][anemoi.training.data.dataset.singledataset][INFO] - Worker 5 (pid 1371757, global_rank 1, model comm group 1)  has low/high range 24925 / 26842
[2025-10-02 11:23:20,876][anemoi.training.data.dataset.singledataset][INFO] - Worker 5 (train, pid 1371757, glob. rank 1, model comm group 1, group_rank 0, seed group id 1, base_seed 35216358, sanity rnd 0.804005)
[2025-10-02 11:23:20,879][anemoi.training.data.dataset.singledataset][INFO] - Worker 4 (pid 1371759, global_rank 0, model comm group 0)  has low/high range 7668 / 9585
[2025-10-02 11:23:20,883][anemoi.training.data.dataset.singledataset][INFO] - Worker 4 (train, pid 1371759, glob. rank 0, model comm group 0, group_rank 0, seed group id 0, base_seed 35216358, sanity rnd 0.804005)
[2025-10-02 11:23:20,885][anemoi.training.data.dataset.singledataset][INFO] - Worker 6 (pid 1371761, global_rank 2, model comm group 2)  has low/high range 42182 / 44099
[2025-10-02 11:23:20,890][anemoi.training.data.dataset.singledataset][INFO] - Worker 6 (train, pid 1371761, glob. rank 2, model comm group 2, group_rank 0, seed group id 2, base_seed 35216358, sanity rnd 0.804005)
[2025-10-02 11:23:20,896][anemoi.training.data.dataset.singledataset][INFO] - Worker 3 (pid 1371763, global_rank 3, model comm group 3)  has low/high range 51771 / 53688
[2025-10-02 11:23:20,898][anemoi.training.data.dataset.singledataset][INFO] - Worker 6 (pid 1371764, global_rank 1, model comm group 1)  has low/high range 26842 / 28759
[2025-10-02 11:23:20,902][anemoi.training.data.dataset.singledataset][INFO] - Worker 6 (train, pid 1371764, glob. rank 1, model comm group 1, group_rank 0, seed group id 1, base_seed 35216358, sanity rnd 0.804005)
[2025-10-02 11:23:20,902][anemoi.training.data.dataset.singledataset][INFO] - Worker 3 (train, pid 1371763, glob. rank 3, model comm group 3, group_rank 0, seed group id 3, base_seed 35216358, sanity rnd 0.804005)
[2025-10-02 11:23:20,912][anemoi.training.data.dataset.singledataset][INFO] - Worker 5 (pid 1371769, global_rank 0, model comm group 0)  has low/high range 9585 / 11502
[2025-10-02 11:23:20,913][anemoi.training.data.dataset.singledataset][INFO] - Worker 7 (pid 1371767, global_rank 2, model comm group 2)  has low/high range 44099 / 46016
[2025-10-02 11:23:20,915][anemoi.training.data.dataset.singledataset][INFO] - Worker 5 (train, pid 1371769, glob. rank 0, model comm group 0, group_rank 0, seed group id 0, base_seed 35216358, sanity rnd 0.804005)
[2025-10-02 11:23:20,919][anemoi.training.data.dataset.singledataset][INFO] - Worker 7 (train, pid 1371767, glob. rank 2, model comm group 2, group_rank 0, seed group id 2, base_seed 35216358, sanity rnd 0.804005)
[2025-10-02 11:23:20,929][anemoi.training.data.dataset.singledataset][INFO] - Worker 7 (pid 1371780, global_rank 1, model comm group 1)  has low/high range 28759 / 30676
[2025-10-02 11:23:20,934][anemoi.training.data.dataset.singledataset][INFO] - Worker 7 (train, pid 1371780, glob. rank 1, model comm group 1, group_rank 0, seed group id 1, base_seed 35216358, sanity rnd 0.804005)
[2025-10-02 11:23:20,945][anemoi.training.data.dataset.singledataset][INFO] - Worker 4 (pid 1371791, global_rank 3, model comm group 3)  has low/high range 53688 / 55605
[2025-10-02 11:23:20,948][anemoi.training.data.dataset.singledataset][INFO] - Worker 6 (pid 1371793, global_rank 0, model comm group 0)  has low/high range 11502 / 13419
[2025-10-02 11:23:20,951][anemoi.training.data.dataset.singledataset][INFO] - Worker 4 (train, pid 1371791, glob. rank 3, model comm group 3, group_rank 0, seed group id 3, base_seed 35216358, sanity rnd 0.804005)
[2025-10-02 11:23:20,953][anemoi.training.data.dataset.singledataset][INFO] - Worker 6 (train, pid 1371793, glob. rank 0, model comm group 0, group_rank 0, seed group id 0, base_seed 35216358, sanity rnd 0.804005)
[2025-10-02 11:23:20,985][anemoi.training.data.dataset.singledataset][INFO] - Worker 7 (pid 1371795, global_rank 0, model comm group 0)  has low/high range 13419 / 15336
[2025-10-02 11:23:20,991][anemoi.training.data.dataset.singledataset][INFO] - Worker 7 (train, pid 1371795, glob. rank 0, model comm group 0, group_rank 0, seed group id 0, base_seed 35216358, sanity rnd 0.804005)
[2025-10-02 11:23:20,992][anemoi.training.data.dataset.singledataset][INFO] - Worker 5 (pid 1371806, global_rank 3, model comm group 3)  has low/high range 55605 / 57522
[2025-10-02 11:23:20,996][anemoi.training.data.dataset.singledataset][INFO] - Worker 5 (train, pid 1371806, glob. rank 3, model comm group 3, group_rank 0, seed group id 3, base_seed 35216358, sanity rnd 0.804005)
[2025-10-02 11:23:21,038][anemoi.training.data.dataset.singledataset][INFO] - Worker 6 (pid 1371808, global_rank 3, model comm group 3)  has low/high range 57522 / 59439
[2025-10-02 11:23:21,041][anemoi.training.data.dataset.singledataset][INFO] - Worker 6 (train, pid 1371808, glob. rank 3, model comm group 3, group_rank 0, seed group id 3, base_seed 35216358, sanity rnd 0.804005)
[2025-10-02 11:23:21,087][anemoi.training.data.dataset.singledataset][INFO] - Worker 7 (pid 1371811, global_rank 3, model comm group 3)  has low/high range 59439 / 61356
[2025-10-02 11:23:21,092][anemoi.training.data.dataset.singledataset][INFO] - Worker 7 (train, pid 1371811, glob. rank 3, model comm group 3, group_rank 0, seed group id 3, base_seed 35216358, sanity rnd 0.804005)
[2025-10-02 11:23:21,100][anemoi.models.data_indices.collection][INFO] - The order of the variables in the model matches the order in the data.
[2025-10-02 11:23:21,319][anemoi.models.data_indices.collection][INFO] - The order of the variables in the model matches the order in the data.
[2025-10-02 11:23:21,322][anemoi.models.data_indices.collection][INFO] - The order of the variables in the model matches the order in the data.
[2025-10-02 11:23:21,360][anemoi.models.data_indices.collection][INFO] - The order of the variables in the model matches the order in the data.
[2025-10-02 11:36:05,243][anemoi.models.data_indices.collection][INFO] - The order of the variables in the model matches the order in the data.
[2025-10-02 11:36:05,243][anemoi.models.data_indices.collection][INFO] - The order of the variables in the model matches the order in the data.
[2025-10-02 11:36:05,244][anemoi.models.data_indices.collection][INFO] - The order of the variables in the model matches the order in the data.
[2025-10-02 11:36:05,244][anemoi.models.data_indices.collection][INFO] - The order of the variables in the model matches the order in the data.
[2025-10-02 11:36:15,129][anemoi.utils.checkpoints][INFO] - Adding extra information to checkpoint /lus/h2resw01/scratch/momc/checkpoint/9839970354dc47b6be9cfb99c42740d2/inference-last.ckpt
[2025-10-02 11:36:15,129][anemoi.utils.checkpoints][INFO] - Saving metadata to inference-last/anemoi-metadata/ai-models.json
[2025-10-02 11:36:15,131][anemoi.utils.checkpoints][INFO] - Saving supporting array `latitudes` to inference-last/anemoi-metadata/latitudes.numpy (shape=(10944,), dtype=float64)
[2025-10-02 11:36:15,131][anemoi.utils.checkpoints][INFO] - Saving supporting array `longitudes` to inference-last/anemoi-metadata/longitudes.numpy (shape=(10944,), dtype=float64)
[2025-10-02 11:36:15,791][anemoi.utils.checkpoints][INFO] - Adding extra information to checkpoint /lus/h2resw01/scratch/momc/checkpoint/9839970354dc47b6be9cfb99c42740d2/last.ckpt
[2025-10-02 11:36:15,791][anemoi.utils.checkpoints][INFO] - Saving metadata to archive/anemoi-metadata/ai-models.json
[2025-10-02 11:36:15,793][anemoi.utils.checkpoints][INFO] - Saving supporting array `latitudes` to archive/anemoi-metadata/latitudes.numpy (shape=(10944,), dtype=float64)
[2025-10-02 11:36:15,793][anemoi.utils.checkpoints][INFO] - Saving supporting array `longitudes` to archive/anemoi-metadata/longitudes.numpy (shape=(10944,), dtype=float64)
[2025-10-02 11:36:16,187][anemoi.utils.checkpoints][INFO] - Adding extra information to checkpoint /lus/h2resw01/scratch/momc/checkpoint/9839970354dc47b6be9cfb99c42740d2/inference-anemoi-by_epoch-epoch_000-step_003840.ckpt
[2025-10-02 11:36:16,187][anemoi.utils.checkpoints][INFO] - Saving metadata to inference-anemoi-by_epoch-epoch_000-step_003840/anemoi-metadata/ai-models.json
[2025-10-02 11:36:16,189][anemoi.utils.checkpoints][INFO] - Saving supporting array `latitudes` to inference-anemoi-by_epoch-epoch_000-step_003840/anemoi-metadata/latitudes.numpy (shape=(10944,), dtype=float64)
[2025-10-02 11:36:16,189][anemoi.utils.checkpoints][INFO] - Saving supporting array `longitudes` to inference-anemoi-by_epoch-epoch_000-step_003840/anemoi-metadata/longitudes.numpy (shape=(10944,), dtype=float64)
[2025-10-02 11:36:16,850][anemoi.utils.checkpoints][INFO] - Adding extra information to checkpoint /lus/h2resw01/scratch/momc/checkpoint/9839970354dc47b6be9cfb99c42740d2/anemoi-by_epoch-epoch_000-step_003840.ckpt
[2025-10-02 11:36:16,850][anemoi.utils.checkpoints][INFO] - Saving metadata to archive/anemoi-metadata/ai-models.json
[2025-10-02 11:36:16,851][anemoi.utils.checkpoints][INFO] - Saving supporting array `latitudes` to archive/anemoi-metadata/latitudes.numpy (shape=(10944,), dtype=float64)
[2025-10-02 11:36:16,851][anemoi.utils.checkpoints][INFO] - Saving supporting array `longitudes` to archive/anemoi-metadata/longitudes.numpy (shape=(10944,), dtype=float64)
[2025-10-02 11:36:16,972][anemoi.utils.checkpoints][INFO] - Adding extra information to checkpoint /lus/h2resw01/scratch/momc/checkpoint/9839970354dc47b6be9cfb99c42740d2/inference-last.ckpt
[2025-10-02 11:36:16,972][anemoi.utils.checkpoints][INFO] - Saving metadata to inference-last/anemoi-metadata/ai-models.json
[2025-10-02 11:36:16,973][anemoi.utils.checkpoints][INFO] - Saving supporting array `latitudes` to inference-last/anemoi-metadata/latitudes.numpy (shape=(10944,), dtype=float64)
[2025-10-02 11:36:16,973][anemoi.utils.checkpoints][INFO] - Saving supporting array `longitudes` to inference-last/anemoi-metadata/longitudes.numpy (shape=(10944,), dtype=float64)
[2025-10-02 11:36:17,694][anemoi.utils.checkpoints][INFO] - Adding extra information to checkpoint /lus/h2resw01/scratch/momc/checkpoint/9839970354dc47b6be9cfb99c42740d2/last.ckpt
[2025-10-02 11:36:17,694][anemoi.utils.checkpoints][INFO] - Saving metadata to archive/anemoi-metadata/ai-models.json
[2025-10-02 11:36:17,695][anemoi.utils.checkpoints][INFO] - Saving supporting array `latitudes` to archive/anemoi-metadata/latitudes.numpy (shape=(10944,), dtype=float64)
[2025-10-02 11:36:17,695][anemoi.utils.checkpoints][INFO] - Saving supporting array `longitudes` to archive/anemoi-metadata/longitudes.numpy (shape=(10944,), dtype=float64)
[2025-10-02 11:48:58,090][anemoi.models.data_indices.collection][INFO] - The order of the variables in the model matches the order in the data.
[2025-10-02 11:48:58,091][anemoi.models.data_indices.collection][INFO] - The order of the variables in the model matches the order in the data.
[2025-10-02 11:48:58,091][anemoi.models.data_indices.collection][INFO] - The order of the variables in the model matches the order in the data.
[2025-10-02 11:48:58,091][anemoi.models.data_indices.collection][INFO] - The order of the variables in the model matches the order in the data.
[2025-10-02 11:49:06,988][anemoi.utils.checkpoints][INFO] - Adding extra information to checkpoint /lus/h2resw01/scratch/momc/checkpoint/9839970354dc47b6be9cfb99c42740d2/inference-last.ckpt
[2025-10-02 11:49:06,988][anemoi.utils.checkpoints][INFO] - Saving metadata to inference-last/anemoi-metadata/ai-models.json
[2025-10-02 11:49:06,989][anemoi.utils.checkpoints][INFO] - Saving supporting array `latitudes` to inference-last/anemoi-metadata/latitudes.numpy (shape=(10944,), dtype=float64)
[2025-10-02 11:49:06,989][anemoi.utils.checkpoints][INFO] - Saving supporting array `longitudes` to inference-last/anemoi-metadata/longitudes.numpy (shape=(10944,), dtype=float64)
[2025-10-02 11:49:07,662][anemoi.utils.checkpoints][INFO] - Adding extra information to checkpoint /lus/h2resw01/scratch/momc/checkpoint/9839970354dc47b6be9cfb99c42740d2/last.ckpt
[2025-10-02 11:49:07,662][anemoi.utils.checkpoints][INFO] - Saving metadata to archive/anemoi-metadata/ai-models.json
[2025-10-02 11:49:07,663][anemoi.utils.checkpoints][INFO] - Saving supporting array `latitudes` to archive/anemoi-metadata/latitudes.numpy (shape=(10944,), dtype=float64)
[2025-10-02 11:49:07,664][anemoi.utils.checkpoints][INFO] - Saving supporting array `longitudes` to archive/anemoi-metadata/longitudes.numpy (shape=(10944,), dtype=float64)
[2025-10-02 11:49:08,183][anemoi.utils.checkpoints][INFO] - Adding extra information to checkpoint /lus/h2resw01/scratch/momc/checkpoint/9839970354dc47b6be9cfb99c42740d2/inference-anemoi-by_epoch-epoch_001-step_007680.ckpt
[2025-10-02 11:49:08,183][anemoi.utils.checkpoints][INFO] - Saving metadata to inference-anemoi-by_epoch-epoch_001-step_007680/anemoi-metadata/ai-models.json
[2025-10-02 11:49:08,186][anemoi.utils.checkpoints][INFO] - Saving supporting array `latitudes` to inference-anemoi-by_epoch-epoch_001-step_007680/anemoi-metadata/latitudes.numpy (shape=(10944,), dtype=float64)
[2025-10-02 11:49:08,187][anemoi.utils.checkpoints][INFO] - Saving supporting array `longitudes` to inference-anemoi-by_epoch-epoch_001-step_007680/anemoi-metadata/longitudes.numpy (shape=(10944,), dtype=float64)
[2025-10-02 11:49:08,869][anemoi.utils.checkpoints][INFO] - Adding extra information to checkpoint /lus/h2resw01/scratch/momc/checkpoint/9839970354dc47b6be9cfb99c42740d2/anemoi-by_epoch-epoch_001-step_007680.ckpt
[2025-10-02 11:49:08,869][anemoi.utils.checkpoints][INFO] - Saving metadata to archive/anemoi-metadata/ai-models.json
[2025-10-02 11:49:08,871][anemoi.utils.checkpoints][INFO] - Saving supporting array `latitudes` to archive/anemoi-metadata/latitudes.numpy (shape=(10944,), dtype=float64)
[2025-10-02 11:49:08,871][anemoi.utils.checkpoints][INFO] - Saving supporting array `longitudes` to archive/anemoi-metadata/longitudes.numpy (shape=(10944,), dtype=float64)
[2025-10-02 11:49:08,991][anemoi.utils.checkpoints][INFO] - Adding extra information to checkpoint /lus/h2resw01/scratch/momc/checkpoint/9839970354dc47b6be9cfb99c42740d2/inference-last.ckpt
[2025-10-02 11:49:08,991][anemoi.utils.checkpoints][INFO] - Saving metadata to inference-last/anemoi-metadata/ai-models.json
[2025-10-02 11:49:08,992][anemoi.utils.checkpoints][INFO] - Saving supporting array `latitudes` to inference-last/anemoi-metadata/latitudes.numpy (shape=(10944,), dtype=float64)
[2025-10-02 11:49:08,992][anemoi.utils.checkpoints][INFO] - Saving supporting array `longitudes` to inference-last/anemoi-metadata/longitudes.numpy (shape=(10944,), dtype=float64)
[2025-10-02 11:49:09,700][anemoi.utils.checkpoints][INFO] - Adding extra information to checkpoint /lus/h2resw01/scratch/momc/checkpoint/9839970354dc47b6be9cfb99c42740d2/last.ckpt
[2025-10-02 11:49:09,700][anemoi.utils.checkpoints][INFO] - Saving metadata to archive/anemoi-metadata/ai-models.json
[2025-10-02 11:49:09,701][anemoi.utils.checkpoints][INFO] - Saving supporting array `latitudes` to archive/anemoi-metadata/latitudes.numpy (shape=(10944,), dtype=float64)
[2025-10-02 11:49:09,701][anemoi.utils.checkpoints][INFO] - Saving supporting array `longitudes` to archive/anemoi-metadata/longitudes.numpy (shape=(10944,), dtype=float64)
[2025-10-02 12:01:54,399][anemoi.models.data_indices.collection][INFO] - The order of the variables in the model matches the order in the data.
[2025-10-02 12:01:54,400][anemoi.models.data_indices.collection][INFO] - The order of the variables in the model matches the order in the data.
[2025-10-02 12:01:54,400][anemoi.models.data_indices.collection][INFO] - The order of the variables in the model matches the order in the data.
[2025-10-02 12:01:54,400][anemoi.models.data_indices.collection][INFO] - The order of the variables in the model matches the order in the data.
[2025-10-02 12:02:05,153][anemoi.utils.checkpoints][INFO] - Adding extra information to checkpoint /lus/h2resw01/scratch/momc/checkpoint/9839970354dc47b6be9cfb99c42740d2/inference-last.ckpt
[2025-10-02 12:02:05,153][anemoi.utils.checkpoints][INFO] - Saving metadata to inference-last/anemoi-metadata/ai-models.json
[2025-10-02 12:02:05,156][anemoi.utils.checkpoints][INFO] - Saving supporting array `latitudes` to inference-last/anemoi-metadata/latitudes.numpy (shape=(10944,), dtype=float64)
[2025-10-02 12:02:05,157][anemoi.utils.checkpoints][INFO] - Saving supporting array `longitudes` to inference-last/anemoi-metadata/longitudes.numpy (shape=(10944,), dtype=float64)
[2025-10-02 12:02:05,908][anemoi.utils.checkpoints][INFO] - Adding extra information to checkpoint /lus/h2resw01/scratch/momc/checkpoint/9839970354dc47b6be9cfb99c42740d2/last.ckpt
[2025-10-02 12:02:05,908][anemoi.utils.checkpoints][INFO] - Saving metadata to archive/anemoi-metadata/ai-models.json
[2025-10-02 12:02:05,909][anemoi.utils.checkpoints][INFO] - Saving supporting array `latitudes` to archive/anemoi-metadata/latitudes.numpy (shape=(10944,), dtype=float64)
[2025-10-02 12:02:05,909][anemoi.utils.checkpoints][INFO] - Saving supporting array `longitudes` to archive/anemoi-metadata/longitudes.numpy (shape=(10944,), dtype=float64)
[2025-10-02 12:02:06,023][anemoi.utils.checkpoints][INFO] - Adding extra information to checkpoint /lus/h2resw01/scratch/momc/checkpoint/9839970354dc47b6be9cfb99c42740d2/inference-anemoi-by_epoch-epoch_002-step_011520.ckpt
[2025-10-02 12:02:06,024][anemoi.utils.checkpoints][INFO] - Saving metadata to inference-anemoi-by_epoch-epoch_002-step_011520/anemoi-metadata/ai-models.json
[2025-10-02 12:02:06,025][anemoi.utils.checkpoints][INFO] - Saving supporting array `latitudes` to inference-anemoi-by_epoch-epoch_002-step_011520/anemoi-metadata/latitudes.numpy (shape=(10944,), dtype=float64)
[2025-10-02 12:02:06,025][anemoi.utils.checkpoints][INFO] - Saving supporting array `longitudes` to inference-anemoi-by_epoch-epoch_002-step_011520/anemoi-metadata/longitudes.numpy (shape=(10944,), dtype=float64)
[2025-10-02 12:02:06,684][anemoi.utils.checkpoints][INFO] - Adding extra information to checkpoint /lus/h2resw01/scratch/momc/checkpoint/9839970354dc47b6be9cfb99c42740d2/anemoi-by_epoch-epoch_002-step_011520.ckpt
[2025-10-02 12:02:06,684][anemoi.utils.checkpoints][INFO] - Saving metadata to archive/anemoi-metadata/ai-models.json
[2025-10-02 12:02:06,685][anemoi.utils.checkpoints][INFO] - Saving supporting array `latitudes` to archive/anemoi-metadata/latitudes.numpy (shape=(10944,), dtype=float64)
[2025-10-02 12:02:06,686][anemoi.utils.checkpoints][INFO] - Saving supporting array `longitudes` to archive/anemoi-metadata/longitudes.numpy (shape=(10944,), dtype=float64)
[2025-10-02 12:02:06,807][anemoi.utils.checkpoints][INFO] - Adding extra information to checkpoint /lus/h2resw01/scratch/momc/checkpoint/9839970354dc47b6be9cfb99c42740d2/inference-last.ckpt
[2025-10-02 12:02:06,807][anemoi.utils.checkpoints][INFO] - Saving metadata to inference-last/anemoi-metadata/ai-models.json
[2025-10-02 12:02:06,809][anemoi.utils.checkpoints][INFO] - Saving supporting array `latitudes` to inference-last/anemoi-metadata/latitudes.numpy (shape=(10944,), dtype=float64)
[2025-10-02 12:02:06,809][anemoi.utils.checkpoints][INFO] - Saving supporting array `longitudes` to inference-last/anemoi-metadata/longitudes.numpy (shape=(10944,), dtype=float64)
[2025-10-02 12:02:07,518][anemoi.utils.checkpoints][INFO] - Adding extra information to checkpoint /lus/h2resw01/scratch/momc/checkpoint/9839970354dc47b6be9cfb99c42740d2/last.ckpt
[2025-10-02 12:02:07,518][anemoi.utils.checkpoints][INFO] - Saving metadata to archive/anemoi-metadata/ai-models.json
[2025-10-02 12:02:07,519][anemoi.utils.checkpoints][INFO] - Saving supporting array `latitudes` to archive/anemoi-metadata/latitudes.numpy (shape=(10944,), dtype=float64)
[2025-10-02 12:02:07,520][anemoi.utils.checkpoints][INFO] - Saving supporting array `longitudes` to archive/anemoi-metadata/longitudes.numpy (shape=(10944,), dtype=float64)
[2025-10-02 12:14:52,209][anemoi.models.data_indices.collection][INFO] - The order of the variables in the model matches the order in the data.
[2025-10-02 12:14:52,210][anemoi.models.data_indices.collection][INFO] - The order of the variables in the model matches the order in the data.
[2025-10-02 12:14:52,210][anemoi.models.data_indices.collection][INFO] - The order of the variables in the model matches the order in the data.
[2025-10-02 12:14:52,210][anemoi.models.data_indices.collection][INFO] - The order of the variables in the model matches the order in the data.
[2025-10-02 12:15:01,919][anemoi.utils.checkpoints][INFO] - Adding extra information to checkpoint /lus/h2resw01/scratch/momc/checkpoint/9839970354dc47b6be9cfb99c42740d2/inference-last.ckpt
[2025-10-02 12:15:01,919][anemoi.utils.checkpoints][INFO] - Saving metadata to inference-last/anemoi-metadata/ai-models.json
[2025-10-02 12:15:01,921][anemoi.utils.checkpoints][INFO] - Saving supporting array `latitudes` to inference-last/anemoi-metadata/latitudes.numpy (shape=(10944,), dtype=float64)
[2025-10-02 12:15:01,921][anemoi.utils.checkpoints][INFO] - Saving supporting array `longitudes` to inference-last/anemoi-metadata/longitudes.numpy (shape=(10944,), dtype=float64)
[2025-10-02 12:15:02,625][anemoi.utils.checkpoints][INFO] - Adding extra information to checkpoint /lus/h2resw01/scratch/momc/checkpoint/9839970354dc47b6be9cfb99c42740d2/last.ckpt
[2025-10-02 12:15:02,626][anemoi.utils.checkpoints][INFO] - Saving metadata to archive/anemoi-metadata/ai-models.json
[2025-10-02 12:15:02,627][anemoi.utils.checkpoints][INFO] - Saving supporting array `latitudes` to archive/anemoi-metadata/latitudes.numpy (shape=(10944,), dtype=float64)
[2025-10-02 12:15:02,627][anemoi.utils.checkpoints][INFO] - Saving supporting array `longitudes` to archive/anemoi-metadata/longitudes.numpy (shape=(10944,), dtype=float64)
[2025-10-02 12:15:02,747][anemoi.utils.checkpoints][INFO] - Adding extra information to checkpoint /lus/h2resw01/scratch/momc/checkpoint/9839970354dc47b6be9cfb99c42740d2/inference-anemoi-by_epoch-epoch_003-step_015360.ckpt
[2025-10-02 12:15:02,747][anemoi.utils.checkpoints][INFO] - Saving metadata to inference-anemoi-by_epoch-epoch_003-step_015360/anemoi-metadata/ai-models.json
[2025-10-02 12:15:02,749][anemoi.utils.checkpoints][INFO] - Saving supporting array `latitudes` to inference-anemoi-by_epoch-epoch_003-step_015360/anemoi-metadata/latitudes.numpy (shape=(10944,), dtype=float64)
[2025-10-02 12:15:02,749][anemoi.utils.checkpoints][INFO] - Saving supporting array `longitudes` to inference-anemoi-by_epoch-epoch_003-step_015360/anemoi-metadata/longitudes.numpy (shape=(10944,), dtype=float64)
[2025-10-02 12:15:03,399][anemoi.utils.checkpoints][INFO] - Adding extra information to checkpoint /lus/h2resw01/scratch/momc/checkpoint/9839970354dc47b6be9cfb99c42740d2/anemoi-by_epoch-epoch_003-step_015360.ckpt
[2025-10-02 12:15:03,399][anemoi.utils.checkpoints][INFO] - Saving metadata to archive/anemoi-metadata/ai-models.json
[2025-10-02 12:15:03,400][anemoi.utils.checkpoints][INFO] - Saving supporting array `latitudes` to archive/anemoi-metadata/latitudes.numpy (shape=(10944,), dtype=float64)
[2025-10-02 12:15:03,400][anemoi.utils.checkpoints][INFO] - Saving supporting array `longitudes` to archive/anemoi-metadata/longitudes.numpy (shape=(10944,), dtype=float64)
[2025-10-02 12:15:03,521][anemoi.utils.checkpoints][INFO] - Adding extra information to checkpoint /lus/h2resw01/scratch/momc/checkpoint/9839970354dc47b6be9cfb99c42740d2/inference-last.ckpt
[2025-10-02 12:15:03,521][anemoi.utils.checkpoints][INFO] - Saving metadata to inference-last/anemoi-metadata/ai-models.json
[2025-10-02 12:15:03,522][anemoi.utils.checkpoints][INFO] - Saving supporting array `latitudes` to inference-last/anemoi-metadata/latitudes.numpy (shape=(10944,), dtype=float64)
[2025-10-02 12:15:03,522][anemoi.utils.checkpoints][INFO] - Saving supporting array `longitudes` to inference-last/anemoi-metadata/longitudes.numpy (shape=(10944,), dtype=float64)
[2025-10-02 12:15:04,221][anemoi.utils.checkpoints][INFO] - Adding extra information to checkpoint /lus/h2resw01/scratch/momc/checkpoint/9839970354dc47b6be9cfb99c42740d2/last.ckpt
[2025-10-02 12:15:04,221][anemoi.utils.checkpoints][INFO] - Saving metadata to archive/anemoi-metadata/ai-models.json
[2025-10-02 12:15:04,223][anemoi.utils.checkpoints][INFO] - Saving supporting array `latitudes` to archive/anemoi-metadata/latitudes.numpy (shape=(10944,), dtype=float64)
[2025-10-02 12:15:04,223][anemoi.utils.checkpoints][INFO] - Saving supporting array `longitudes` to archive/anemoi-metadata/longitudes.numpy (shape=(10944,), dtype=float64)
[2025-10-02 12:27:52,105][anemoi.models.data_indices.collection][INFO] - The order of the variables in the model matches the order in the data.
[2025-10-02 12:27:52,105][anemoi.models.data_indices.collection][INFO] - The order of the variables in the model matches the order in the data.
[2025-10-02 12:27:52,105][anemoi.models.data_indices.collection][INFO] - The order of the variables in the model matches the order in the data.
[2025-10-02 12:27:52,111][anemoi.models.data_indices.collection][INFO] - The order of the variables in the model matches the order in the data.
[2025-10-02 12:28:01,964][anemoi.utils.checkpoints][INFO] - Adding extra information to checkpoint /lus/h2resw01/scratch/momc/checkpoint/9839970354dc47b6be9cfb99c42740d2/inference-last.ckpt
[2025-10-02 12:28:01,964][anemoi.utils.checkpoints][INFO] - Saving metadata to inference-last/anemoi-metadata/ai-models.json
[2025-10-02 12:28:01,967][anemoi.utils.checkpoints][INFO] - Saving supporting array `latitudes` to inference-last/anemoi-metadata/latitudes.numpy (shape=(10944,), dtype=float64)
[2025-10-02 12:28:01,967][anemoi.utils.checkpoints][INFO] - Saving supporting array `longitudes` to inference-last/anemoi-metadata/longitudes.numpy (shape=(10944,), dtype=float64)
[2025-10-02 12:28:02,676][anemoi.utils.checkpoints][INFO] - Adding extra information to checkpoint /lus/h2resw01/scratch/momc/checkpoint/9839970354dc47b6be9cfb99c42740d2/last.ckpt
[2025-10-02 12:28:02,676][anemoi.utils.checkpoints][INFO] - Saving metadata to archive/anemoi-metadata/ai-models.json
[2025-10-02 12:28:02,677][anemoi.utils.checkpoints][INFO] - Saving supporting array `latitudes` to archive/anemoi-metadata/latitudes.numpy (shape=(10944,), dtype=float64)
[2025-10-02 12:28:02,678][anemoi.utils.checkpoints][INFO] - Saving supporting array `longitudes` to archive/anemoi-metadata/longitudes.numpy (shape=(10944,), dtype=float64)
[2025-10-02 12:28:02,786][anemoi.utils.checkpoints][INFO] - Adding extra information to checkpoint /lus/h2resw01/scratch/momc/checkpoint/9839970354dc47b6be9cfb99c42740d2/inference-anemoi-by_epoch-epoch_004-step_019200.ckpt
[2025-10-02 12:28:02,787][anemoi.utils.checkpoints][INFO] - Saving metadata to inference-anemoi-by_epoch-epoch_004-step_019200/anemoi-metadata/ai-models.json
[2025-10-02 12:28:02,789][anemoi.utils.checkpoints][INFO] - Saving supporting array `latitudes` to inference-anemoi-by_epoch-epoch_004-step_019200/anemoi-metadata/latitudes.numpy (shape=(10944,), dtype=float64)
[2025-10-02 12:28:02,790][anemoi.utils.checkpoints][INFO] - Saving supporting array `longitudes` to inference-anemoi-by_epoch-epoch_004-step_019200/anemoi-metadata/longitudes.numpy (shape=(10944,), dtype=float64)
[2025-10-02 12:28:03,453][anemoi.utils.checkpoints][INFO] - Adding extra information to checkpoint /lus/h2resw01/scratch/momc/checkpoint/9839970354dc47b6be9cfb99c42740d2/anemoi-by_epoch-epoch_004-step_019200.ckpt
[2025-10-02 12:28:03,453][anemoi.utils.checkpoints][INFO] - Saving metadata to archive/anemoi-metadata/ai-models.json
[2025-10-02 12:28:03,455][anemoi.utils.checkpoints][INFO] - Saving supporting array `latitudes` to archive/anemoi-metadata/latitudes.numpy (shape=(10944,), dtype=float64)
[2025-10-02 12:28:03,455][anemoi.utils.checkpoints][INFO] - Saving supporting array `longitudes` to archive/anemoi-metadata/longitudes.numpy (shape=(10944,), dtype=float64)
[2025-10-02 12:28:03,574][anemoi.utils.checkpoints][INFO] - Adding extra information to checkpoint /lus/h2resw01/scratch/momc/checkpoint/9839970354dc47b6be9cfb99c42740d2/inference-last.ckpt
[2025-10-02 12:28:03,574][anemoi.utils.checkpoints][INFO] - Saving metadata to inference-last/anemoi-metadata/ai-models.json
[2025-10-02 12:28:03,575][anemoi.utils.checkpoints][INFO] - Saving supporting array `latitudes` to inference-last/anemoi-metadata/latitudes.numpy (shape=(10944,), dtype=float64)
[2025-10-02 12:28:03,576][anemoi.utils.checkpoints][INFO] - Saving supporting array `longitudes` to inference-last/anemoi-metadata/longitudes.numpy (shape=(10944,), dtype=float64)
[2025-10-02 12:28:04,285][anemoi.utils.checkpoints][INFO] - Adding extra information to checkpoint /lus/h2resw01/scratch/momc/checkpoint/9839970354dc47b6be9cfb99c42740d2/last.ckpt
[2025-10-02 12:28:04,285][anemoi.utils.checkpoints][INFO] - Saving metadata to archive/anemoi-metadata/ai-models.json
[2025-10-02 12:28:04,287][anemoi.utils.checkpoints][INFO] - Saving supporting array `latitudes` to archive/anemoi-metadata/latitudes.numpy (shape=(10944,), dtype=float64)
[2025-10-02 12:28:04,287][anemoi.utils.checkpoints][INFO] - Saving supporting array `longitudes` to archive/anemoi-metadata/longitudes.numpy (shape=(10944,), dtype=float64)
[2025-10-02 12:40:51,273][anemoi.models.data_indices.collection][INFO] - The order of the variables in the model matches the order in the data.
[2025-10-02 12:40:51,274][anemoi.models.data_indices.collection][INFO] - The order of the variables in the model matches the order in the data.
[2025-10-02 12:40:51,274][anemoi.models.data_indices.collection][INFO] - The order of the variables in the model matches the order in the data.
[2025-10-02 12:40:51,274][anemoi.models.data_indices.collection][INFO] - The order of the variables in the model matches the order in the data.
[2025-10-02 12:41:00,883][anemoi.utils.checkpoints][INFO] - Adding extra information to checkpoint /lus/h2resw01/scratch/momc/checkpoint/9839970354dc47b6be9cfb99c42740d2/inference-last.ckpt
[2025-10-02 12:41:00,883][anemoi.utils.checkpoints][INFO] - Saving metadata to inference-last/anemoi-metadata/ai-models.json
[2025-10-02 12:41:00,886][anemoi.utils.checkpoints][INFO] - Saving supporting array `latitudes` to inference-last/anemoi-metadata/latitudes.numpy (shape=(10944,), dtype=float64)
[2025-10-02 12:41:00,887][anemoi.utils.checkpoints][INFO] - Saving supporting array `longitudes` to inference-last/anemoi-metadata/longitudes.numpy (shape=(10944,), dtype=float64)
[2025-10-02 12:41:01,616][anemoi.utils.checkpoints][INFO] - Adding extra information to checkpoint /lus/h2resw01/scratch/momc/checkpoint/9839970354dc47b6be9cfb99c42740d2/last.ckpt
[2025-10-02 12:41:01,616][anemoi.utils.checkpoints][INFO] - Saving metadata to archive/anemoi-metadata/ai-models.json
[2025-10-02 12:41:01,618][anemoi.utils.checkpoints][INFO] - Saving supporting array `latitudes` to archive/anemoi-metadata/latitudes.numpy (shape=(10944,), dtype=float64)
[2025-10-02 12:41:01,618][anemoi.utils.checkpoints][INFO] - Saving supporting array `longitudes` to archive/anemoi-metadata/longitudes.numpy (shape=(10944,), dtype=float64)
[2025-10-02 12:41:01,726][anemoi.utils.checkpoints][INFO] - Adding extra information to checkpoint /lus/h2resw01/scratch/momc/checkpoint/9839970354dc47b6be9cfb99c42740d2/inference-anemoi-by_epoch-epoch_005-step_023040.ckpt
[2025-10-02 12:41:01,726][anemoi.utils.checkpoints][INFO] - Saving metadata to inference-anemoi-by_epoch-epoch_005-step_023040/anemoi-metadata/ai-models.json
[2025-10-02 12:41:01,728][anemoi.utils.checkpoints][INFO] - Saving supporting array `latitudes` to inference-anemoi-by_epoch-epoch_005-step_023040/anemoi-metadata/latitudes.numpy (shape=(10944,), dtype=float64)
[2025-10-02 12:41:01,728][anemoi.utils.checkpoints][INFO] - Saving supporting array `longitudes` to inference-anemoi-by_epoch-epoch_005-step_023040/anemoi-metadata/longitudes.numpy (shape=(10944,), dtype=float64)
[2025-10-02 12:41:02,391][anemoi.utils.checkpoints][INFO] - Adding extra information to checkpoint /lus/h2resw01/scratch/momc/checkpoint/9839970354dc47b6be9cfb99c42740d2/anemoi-by_epoch-epoch_005-step_023040.ckpt
[2025-10-02 12:41:02,392][anemoi.utils.checkpoints][INFO] - Saving metadata to archive/anemoi-metadata/ai-models.json
[2025-10-02 12:41:02,393][anemoi.utils.checkpoints][INFO] - Saving supporting array `latitudes` to archive/anemoi-metadata/latitudes.numpy (shape=(10944,), dtype=float64)
[2025-10-02 12:41:02,393][anemoi.utils.checkpoints][INFO] - Saving supporting array `longitudes` to archive/anemoi-metadata/longitudes.numpy (shape=(10944,), dtype=float64)
[2025-10-02 12:41:02,582][anemoi.utils.checkpoints][INFO] - Adding extra information to checkpoint /lus/h2resw01/scratch/momc/checkpoint/9839970354dc47b6be9cfb99c42740d2/inference-last.ckpt
[2025-10-02 12:41:02,582][anemoi.utils.checkpoints][INFO] - Saving metadata to inference-last/anemoi-metadata/ai-models.json
[2025-10-02 12:41:02,583][anemoi.utils.checkpoints][INFO] - Saving supporting array `latitudes` to inference-last/anemoi-metadata/latitudes.numpy (shape=(10944,), dtype=float64)
[2025-10-02 12:41:02,583][anemoi.utils.checkpoints][INFO] - Saving supporting array `longitudes` to inference-last/anemoi-metadata/longitudes.numpy (shape=(10944,), dtype=float64)
[2025-10-02 12:41:03,286][anemoi.utils.checkpoints][INFO] - Adding extra information to checkpoint /lus/h2resw01/scratch/momc/checkpoint/9839970354dc47b6be9cfb99c42740d2/last.ckpt
[2025-10-02 12:41:03,286][anemoi.utils.checkpoints][INFO] - Saving metadata to archive/anemoi-metadata/ai-models.json
[2025-10-02 12:41:03,287][anemoi.utils.checkpoints][INFO] - Saving supporting array `latitudes` to archive/anemoi-metadata/latitudes.numpy (shape=(10944,), dtype=float64)
[2025-10-02 12:41:03,287][anemoi.utils.checkpoints][INFO] - Saving supporting array `longitudes` to archive/anemoi-metadata/longitudes.numpy (shape=(10944,), dtype=float64)
[2025-10-02 12:53:45,221][anemoi.models.data_indices.collection][INFO] - The order of the variables in the model matches the order in the data.
[2025-10-02 12:53:45,222][anemoi.models.data_indices.collection][INFO] - The order of the variables in the model matches the order in the data.
[2025-10-02 12:53:45,221][anemoi.models.data_indices.collection][INFO] - The order of the variables in the model matches the order in the data.
[2025-10-02 12:53:45,222][anemoi.models.data_indices.collection][INFO] - The order of the variables in the model matches the order in the data.
[2025-10-02 12:53:56,801][anemoi.utils.checkpoints][INFO] - Adding extra information to checkpoint /lus/h2resw01/scratch/momc/checkpoint/9839970354dc47b6be9cfb99c42740d2/inference-last.ckpt
[2025-10-02 12:53:56,801][anemoi.utils.checkpoints][INFO] - Saving metadata to inference-last/anemoi-metadata/ai-models.json
[2025-10-02 12:53:56,802][anemoi.utils.checkpoints][INFO] - Saving supporting array `latitudes` to inference-last/anemoi-metadata/latitudes.numpy (shape=(10944,), dtype=float64)
[2025-10-02 12:53:56,802][anemoi.utils.checkpoints][INFO] - Saving supporting array `longitudes` to inference-last/anemoi-metadata/longitudes.numpy (shape=(10944,), dtype=float64)
[2025-10-02 12:53:57,464][anemoi.utils.checkpoints][INFO] - Adding extra information to checkpoint /lus/h2resw01/scratch/momc/checkpoint/9839970354dc47b6be9cfb99c42740d2/last.ckpt
[2025-10-02 12:53:57,464][anemoi.utils.checkpoints][INFO] - Saving metadata to archive/anemoi-metadata/ai-models.json
[2025-10-02 12:53:57,465][anemoi.utils.checkpoints][INFO] - Saving supporting array `latitudes` to archive/anemoi-metadata/latitudes.numpy (shape=(10944,), dtype=float64)
[2025-10-02 12:53:57,465][anemoi.utils.checkpoints][INFO] - Saving supporting array `longitudes` to archive/anemoi-metadata/longitudes.numpy (shape=(10944,), dtype=float64)
[2025-10-02 12:53:57,572][anemoi.utils.checkpoints][INFO] - Adding extra information to checkpoint /lus/h2resw01/scratch/momc/checkpoint/9839970354dc47b6be9cfb99c42740d2/inference-anemoi-by_epoch-epoch_006-step_026880.ckpt
[2025-10-02 12:53:57,572][anemoi.utils.checkpoints][INFO] - Saving metadata to inference-anemoi-by_epoch-epoch_006-step_026880/anemoi-metadata/ai-models.json
[2025-10-02 12:53:57,574][anemoi.utils.checkpoints][INFO] - Saving supporting array `latitudes` to inference-anemoi-by_epoch-epoch_006-step_026880/anemoi-metadata/latitudes.numpy (shape=(10944,), dtype=float64)
[2025-10-02 12:53:57,574][anemoi.utils.checkpoints][INFO] - Saving supporting array `longitudes` to inference-anemoi-by_epoch-epoch_006-step_026880/anemoi-metadata/longitudes.numpy (shape=(10944,), dtype=float64)
[2025-10-02 12:53:58,236][anemoi.utils.checkpoints][INFO] - Adding extra information to checkpoint /lus/h2resw01/scratch/momc/checkpoint/9839970354dc47b6be9cfb99c42740d2/anemoi-by_epoch-epoch_006-step_026880.ckpt
[2025-10-02 12:53:58,236][anemoi.utils.checkpoints][INFO] - Saving metadata to archive/anemoi-metadata/ai-models.json
[2025-10-02 12:53:58,238][anemoi.utils.checkpoints][INFO] - Saving supporting array `latitudes` to archive/anemoi-metadata/latitudes.numpy (shape=(10944,), dtype=float64)
[2025-10-02 12:53:58,238][anemoi.utils.checkpoints][INFO] - Saving supporting array `longitudes` to archive/anemoi-metadata/longitudes.numpy (shape=(10944,), dtype=float64)
[2025-10-02 12:53:58,362][anemoi.utils.checkpoints][INFO] - Adding extra information to checkpoint /lus/h2resw01/scratch/momc/checkpoint/9839970354dc47b6be9cfb99c42740d2/inference-last.ckpt
[2025-10-02 12:53:58,362][anemoi.utils.checkpoints][INFO] - Saving metadata to inference-last/anemoi-metadata/ai-models.json
[2025-10-02 12:53:58,363][anemoi.utils.checkpoints][INFO] - Saving supporting array `latitudes` to inference-last/anemoi-metadata/latitudes.numpy (shape=(10944,), dtype=float64)
[2025-10-02 12:53:58,364][anemoi.utils.checkpoints][INFO] - Saving supporting array `longitudes` to inference-last/anemoi-metadata/longitudes.numpy (shape=(10944,), dtype=float64)
[2025-10-02 12:53:59,100][anemoi.utils.checkpoints][INFO] - Adding extra information to checkpoint /lus/h2resw01/scratch/momc/checkpoint/9839970354dc47b6be9cfb99c42740d2/last.ckpt
[2025-10-02 12:53:59,100][anemoi.utils.checkpoints][INFO] - Saving metadata to archive/anemoi-metadata/ai-models.json
[2025-10-02 12:53:59,101][anemoi.utils.checkpoints][INFO] - Saving supporting array `latitudes` to archive/anemoi-metadata/latitudes.numpy (shape=(10944,), dtype=float64)
[2025-10-02 12:53:59,101][anemoi.utils.checkpoints][INFO] - Saving supporting array `longitudes` to archive/anemoi-metadata/longitudes.numpy (shape=(10944,), dtype=float64)
[2025-10-02 13:06:40,576][anemoi.models.data_indices.collection][INFO] - The order of the variables in the model matches the order in the data.
[2025-10-02 13:06:40,577][anemoi.models.data_indices.collection][INFO] - The order of the variables in the model matches the order in the data.
[2025-10-02 13:06:40,577][anemoi.models.data_indices.collection][INFO] - The order of the variables in the model matches the order in the data.
[2025-10-02 13:06:40,577][anemoi.models.data_indices.collection][INFO] - The order of the variables in the model matches the order in the data.
[2025-10-02 13:06:50,084][anemoi.utils.checkpoints][INFO] - Adding extra information to checkpoint /lus/h2resw01/scratch/momc/checkpoint/9839970354dc47b6be9cfb99c42740d2/inference-last.ckpt
[2025-10-02 13:06:50,084][anemoi.utils.checkpoints][INFO] - Saving metadata to inference-last/anemoi-metadata/ai-models.json
[2025-10-02 13:06:50,085][anemoi.utils.checkpoints][INFO] - Saving supporting array `latitudes` to inference-last/anemoi-metadata/latitudes.numpy (shape=(10944,), dtype=float64)
[2025-10-02 13:06:50,085][anemoi.utils.checkpoints][INFO] - Saving supporting array `longitudes` to inference-last/anemoi-metadata/longitudes.numpy (shape=(10944,), dtype=float64)
[2025-10-02 13:06:50,797][anemoi.utils.checkpoints][INFO] - Adding extra information to checkpoint /lus/h2resw01/scratch/momc/checkpoint/9839970354dc47b6be9cfb99c42740d2/last.ckpt
[2025-10-02 13:06:50,797][anemoi.utils.checkpoints][INFO] - Saving metadata to archive/anemoi-metadata/ai-models.json
[2025-10-02 13:06:50,799][anemoi.utils.checkpoints][INFO] - Saving supporting array `latitudes` to archive/anemoi-metadata/latitudes.numpy (shape=(10944,), dtype=float64)
[2025-10-02 13:06:50,799][anemoi.utils.checkpoints][INFO] - Saving supporting array `longitudes` to archive/anemoi-metadata/longitudes.numpy (shape=(10944,), dtype=float64)
[2025-10-02 13:06:50,905][anemoi.utils.checkpoints][INFO] - Adding extra information to checkpoint /lus/h2resw01/scratch/momc/checkpoint/9839970354dc47b6be9cfb99c42740d2/inference-anemoi-by_epoch-epoch_007-step_030720.ckpt
[2025-10-02 13:06:50,905][anemoi.utils.checkpoints][INFO] - Saving metadata to inference-anemoi-by_epoch-epoch_007-step_030720/anemoi-metadata/ai-models.json
[2025-10-02 13:06:50,906][anemoi.utils.checkpoints][INFO] - Saving supporting array `latitudes` to inference-anemoi-by_epoch-epoch_007-step_030720/anemoi-metadata/latitudes.numpy (shape=(10944,), dtype=float64)
[2025-10-02 13:06:50,907][anemoi.utils.checkpoints][INFO] - Saving supporting array `longitudes` to inference-anemoi-by_epoch-epoch_007-step_030720/anemoi-metadata/longitudes.numpy (shape=(10944,), dtype=float64)
[2025-10-02 13:06:51,579][anemoi.utils.checkpoints][INFO] - Adding extra information to checkpoint /lus/h2resw01/scratch/momc/checkpoint/9839970354dc47b6be9cfb99c42740d2/anemoi-by_epoch-epoch_007-step_030720.ckpt
[2025-10-02 13:06:51,579][anemoi.utils.checkpoints][INFO] - Saving metadata to archive/anemoi-metadata/ai-models.json
[2025-10-02 13:06:51,580][anemoi.utils.checkpoints][INFO] - Saving supporting array `latitudes` to archive/anemoi-metadata/latitudes.numpy (shape=(10944,), dtype=float64)
[2025-10-02 13:06:51,581][anemoi.utils.checkpoints][INFO] - Saving supporting array `longitudes` to archive/anemoi-metadata/longitudes.numpy (shape=(10944,), dtype=float64)
[2025-10-02 13:06:51,700][anemoi.utils.checkpoints][INFO] - Adding extra information to checkpoint /lus/h2resw01/scratch/momc/checkpoint/9839970354dc47b6be9cfb99c42740d2/inference-last.ckpt
[2025-10-02 13:06:51,700][anemoi.utils.checkpoints][INFO] - Saving metadata to inference-last/anemoi-metadata/ai-models.json
[2025-10-02 13:06:51,701][anemoi.utils.checkpoints][INFO] - Saving supporting array `latitudes` to inference-last/anemoi-metadata/latitudes.numpy (shape=(10944,), dtype=float64)
[2025-10-02 13:06:51,701][anemoi.utils.checkpoints][INFO] - Saving supporting array `longitudes` to inference-last/anemoi-metadata/longitudes.numpy (shape=(10944,), dtype=float64)
[2025-10-02 13:06:52,463][anemoi.utils.checkpoints][INFO] - Adding extra information to checkpoint /lus/h2resw01/scratch/momc/checkpoint/9839970354dc47b6be9cfb99c42740d2/last.ckpt
[2025-10-02 13:06:52,464][anemoi.utils.checkpoints][INFO] - Saving metadata to archive/anemoi-metadata/ai-models.json
[2025-10-02 13:06:52,465][anemoi.utils.checkpoints][INFO] - Saving supporting array `latitudes` to archive/anemoi-metadata/latitudes.numpy (shape=(10944,), dtype=float64)
[2025-10-02 13:06:52,465][anemoi.utils.checkpoints][INFO] - Saving supporting array `longitudes` to archive/anemoi-metadata/longitudes.numpy (shape=(10944,), dtype=float64)
[2025-10-02 13:19:35,964][anemoi.models.data_indices.collection][INFO] - The order of the variables in the model matches the order in the data.
[2025-10-02 13:19:35,964][anemoi.models.data_indices.collection][INFO] - The order of the variables in the model matches the order in the data.
[2025-10-02 13:19:35,964][anemoi.models.data_indices.collection][INFO] - The order of the variables in the model matches the order in the data.
[2025-10-02 13:19:35,964][anemoi.models.data_indices.collection][INFO] - The order of the variables in the model matches the order in the data.
[2025-10-02 13:19:45,169][anemoi.utils.checkpoints][INFO] - Adding extra information to checkpoint /lus/h2resw01/scratch/momc/checkpoint/9839970354dc47b6be9cfb99c42740d2/inference-last.ckpt
[2025-10-02 13:19:45,169][anemoi.utils.checkpoints][INFO] - Saving metadata to inference-last/anemoi-metadata/ai-models.json
[2025-10-02 13:19:45,173][anemoi.utils.checkpoints][INFO] - Saving supporting array `latitudes` to inference-last/anemoi-metadata/latitudes.numpy (shape=(10944,), dtype=float64)
[2025-10-02 13:19:45,173][anemoi.utils.checkpoints][INFO] - Saving supporting array `longitudes` to inference-last/anemoi-metadata/longitudes.numpy (shape=(10944,), dtype=float64)
[2025-10-02 13:19:45,885][anemoi.utils.checkpoints][INFO] - Adding extra information to checkpoint /lus/h2resw01/scratch/momc/checkpoint/9839970354dc47b6be9cfb99c42740d2/last.ckpt
[2025-10-02 13:19:45,885][anemoi.utils.checkpoints][INFO] - Saving metadata to archive/anemoi-metadata/ai-models.json
[2025-10-02 13:19:45,886][anemoi.utils.checkpoints][INFO] - Saving supporting array `latitudes` to archive/anemoi-metadata/latitudes.numpy (shape=(10944,), dtype=float64)
[2025-10-02 13:19:45,886][anemoi.utils.checkpoints][INFO] - Saving supporting array `longitudes` to archive/anemoi-metadata/longitudes.numpy (shape=(10944,), dtype=float64)
[2025-10-02 13:19:45,992][anemoi.utils.checkpoints][INFO] - Adding extra information to checkpoint /lus/h2resw01/scratch/momc/checkpoint/9839970354dc47b6be9cfb99c42740d2/inference-anemoi-by_epoch-epoch_008-step_034560.ckpt
[2025-10-02 13:19:45,993][anemoi.utils.checkpoints][INFO] - Saving metadata to inference-anemoi-by_epoch-epoch_008-step_034560/anemoi-metadata/ai-models.json
[2025-10-02 13:19:45,994][anemoi.utils.checkpoints][INFO] - Saving supporting array `latitudes` to inference-anemoi-by_epoch-epoch_008-step_034560/anemoi-metadata/latitudes.numpy (shape=(10944,), dtype=float64)
[2025-10-02 13:19:45,994][anemoi.utils.checkpoints][INFO] - Saving supporting array `longitudes` to inference-anemoi-by_epoch-epoch_008-step_034560/anemoi-metadata/longitudes.numpy (shape=(10944,), dtype=float64)
[2025-10-02 13:19:46,653][anemoi.utils.checkpoints][INFO] - Adding extra information to checkpoint /lus/h2resw01/scratch/momc/checkpoint/9839970354dc47b6be9cfb99c42740d2/anemoi-by_epoch-epoch_008-step_034560.ckpt
[2025-10-02 13:19:46,653][anemoi.utils.checkpoints][INFO] - Saving metadata to archive/anemoi-metadata/ai-models.json
[2025-10-02 13:19:46,654][anemoi.utils.checkpoints][INFO] - Saving supporting array `latitudes` to archive/anemoi-metadata/latitudes.numpy (shape=(10944,), dtype=float64)
[2025-10-02 13:19:46,655][anemoi.utils.checkpoints][INFO] - Saving supporting array `longitudes` to archive/anemoi-metadata/longitudes.numpy (shape=(10944,), dtype=float64)
[2025-10-02 13:19:46,882][anemoi.utils.checkpoints][INFO] - Adding extra information to checkpoint /lus/h2resw01/scratch/momc/checkpoint/9839970354dc47b6be9cfb99c42740d2/inference-last.ckpt
[2025-10-02 13:19:46,882][anemoi.utils.checkpoints][INFO] - Saving metadata to inference-last/anemoi-metadata/ai-models.json
[2025-10-02 13:19:46,883][anemoi.utils.checkpoints][INFO] - Saving supporting array `latitudes` to inference-last/anemoi-metadata/latitudes.numpy (shape=(10944,), dtype=float64)
[2025-10-02 13:19:46,883][anemoi.utils.checkpoints][INFO] - Saving supporting array `longitudes` to inference-last/anemoi-metadata/longitudes.numpy (shape=(10944,), dtype=float64)
[2025-10-02 13:19:47,595][anemoi.utils.checkpoints][INFO] - Adding extra information to checkpoint /lus/h2resw01/scratch/momc/checkpoint/9839970354dc47b6be9cfb99c42740d2/last.ckpt
[2025-10-02 13:19:47,595][anemoi.utils.checkpoints][INFO] - Saving metadata to archive/anemoi-metadata/ai-models.json
[2025-10-02 13:19:47,596][anemoi.utils.checkpoints][INFO] - Saving supporting array `latitudes` to archive/anemoi-metadata/latitudes.numpy (shape=(10944,), dtype=float64)
[2025-10-02 13:19:47,597][anemoi.utils.checkpoints][INFO] - Saving supporting array `longitudes` to archive/anemoi-metadata/longitudes.numpy (shape=(10944,), dtype=float64)
[2025-10-02 13:23:02,555][pytorch_lightning.trainer.connectors.signal_connector][INFO] - [rank: 3] Received SIGTERM: 15
[2025-10-02 13:23:02,557][pytorch_lightning.trainer.connectors.signal_connector][INFO] - [rank: 2] Received SIGTERM: 15
[2025-10-02 13:23:02,559][pytorch_lightning.trainer.connectors.signal_connector][INFO] - [rank: 1] Received SIGTERM: 15
[2025-10-02 13:23:02,559][pytorch_lightning.trainer.connectors.signal_connector][INFO] - Bypassing SIGTERM: 15
[2025-10-02 13:23:02,559][pytorch_lightning.trainer.connectors.signal_connector][INFO] - Bypassing SIGTERM: 15
[2025-10-02 13:23:02,559][pytorch_lightning.trainer.connectors.signal_connector][INFO] - Bypassing SIGTERM: 15
[2025-10-02 13:23:02,562][pytorch_lightning.trainer.connectors.signal_connector][INFO] - [rank: 0] Received SIGTERM: 15
[2025-10-02 13:23:02,562][pytorch_lightning.trainer.connectors.signal_connector][INFO] - Bypassing SIGTERM: 15
[2025-10-02 13:23:02,569][anemoi.training.diagnostics.mlflow.logger][INFO] - Stopping terminal log monitoring and saving buffered terminal outputs. Final status: FAILED
